player_id,match_id,team_id,team_name,player_name,yellow_cards,red_cards,fouls_for,fouls_against,position
403596,151600,43911,MEX,Jorge SANCHEZ,0.0,0.0,0.0,0.0,Defender
430763,151600,43911,MEX,Luis ROMO,0.0,0.0,0.0,0.0,Midfielder
395516,151600,43911,MEX,Cesar MONTES,0.0,1.0,1.0,2.0,Defender
372090,151600,43911,MEX,Orbelin PINEDA,0.0,0.0,0.0,0.0,Midfielder
464533,151600,43911,MEX,Brian GUTIERREZ,1.0,0.0,1.0,2.0,Midfielder
419518,151600,43911,MEX,Erik LIRA,0.0,0.0,2.0,0.0,Midfielder
402772,151600,43911,MEX,Jesus GALLARDO,0.0,0.0,0.0,1.0,Defender
406135,151600,43911,MEX,Cesar HUERTA,0.0,0.0,0.0,0.0,Forward
215285,151600,43911,MEX,Guillermo OCHOA,0.0,0.0,0.0,0.0,Goalkeeper
485070,151600,43911,MEX,Raul RANGEL,0.0,0.0,0.0,0.0,Goalkeeper
514336,151600,43911,MEX,Armando GONZALEZ,0.0,0.0,0.0,1.0,Forward
403585,151600,43911,MEX,Roberto ALVARADO,0.0,0.0,2.0,2.0,Forward
441261,151600,43911,MEX,Israel REYES,0.0,0.0,0.0,0.0,Defender
441260,151600,43911,MEX,Carlos ACEVEDO,0.0,0.0,0.0,0.0,Goalkeeper
356731,151600,43911,MEX,Raul JIMENEZ,0.0,0.0,0.0,1.0,Forward
430759,151600,43911,MEX,Santiago GIMENEZ,0.0,0.0,0.0,0.0,Forward
416576,151600,43911,MEX,Alvaro FIDALGO,0.0,0.0,2.0,0.0,Midfielder
386339,151600,43911,MEX,Guillermo MARTINEZ,0.0,0.0,0.0,0.0,Forward
461177,151600,43911,MEX,Obed VARGAS,0.0,0.0,0.0,0.0,Midfielder
430766,151600,43911,MEX,Alexis VEGA,0.0,0.0,0.0,0.0,Forward
429157,151600,43911,MEX,Julian QUINONES,0.0,0.0,2.0,1.0,Forward
500037,151600,43911,MEX,Gilberto MORA,0.0,0.0,0.0,1.0,Midfielder
425701,151600,43911,MEX,Johan VASQUEZ,0.0,0.0,0.0,0.0,Defender
500038,151600,43911,MEX,Mateo CHAVEZ,0.0,0.0,0.0,0.0,Defender
448051,151600,43911,MEX,Luis CHAVEZ,0.0,0.0,0.0,1.0,Midfielder
400634,151600,43911,MEX,Edson ALVAREZ,0.0,0.0,1.0,0.0,Defender
504199,151600,43883,RSA,Mbekezeli MBOKAZI,0.0,0.0,2.0,1.0,Defender
486161,151600,43883,RSA,Relebohile MOFOKENG,0.0,0.0,0.0,0.0,Forward
506039,151600,43883,RSA,Ime OKON,0.0,0.0,0.0,0.0,Defender
419223,151600,43883,RSA,Oswin APPOLLIS,0.0,0.0,0.0,0.0,Forward
504192,151600,43883,RSA,Khulumani NDAMANE,0.0,0.0,0.0,0.0,Defender
463234,151600,43883,RSA,Thapelo MASEKO,0.0,0.0,0.0,0.0,Forward
463221,151600,43883,RSA,Nkosinathi SIBISI,1.0,0.0,0.0,1.0,Defender
494246,151600,43883,RSA,Sipho CHAINE,0.0,0.0,0.0,0.0,Goalkeeper
481242,151600,43883,RSA,Iqraam RAYNERS,0.0,0.0,0.0,0.0,Forward
395986,151600,43883,RSA,Ronwen WILLIAMS,0.0,0.0,0.0,0.0,Goalkeeper
390475,151600,43883,RSA,Sphephelo SITHOLE,0.0,1.0,0.0,3.0,Midfielder
395050,151600,43883,RSA,Aubrey MODIBA,0.0,0.0,2.0,2.0,Defender
502245,151600,43883,RSA,Olwethu MAKHANYA,0.0,0.0,0.0,0.0,Defender
419225,151600,43883,RSA,Bradley Cross,0.0,0.0,0.0,0.0,Defender
510850,151600,43883,RSA,Thabang MATULUDI,0.0,0.0,0.0,0.0,Defender
430917,151600,43883,RSA,Evidence MAKGOPA,0.0,0.0,0.0,0.0,Forward
395984,151600,43883,RSA,Themba ZWANE,0.0,1.0,0.0,1.0,Midfielder
504193,151600,43883,RSA,Tshepang MOREMI,0.0,0.0,0.0,0.0,Forward
419211,151600,43883,RSA,Lyle FOSTER,0.0,0.0,1.0,0.0,Forward
494248,151600,43883,RSA,Thalente MBATHA,0.0,0.0,0.0,0.0,Midfielder
403616,151600,43883,RSA,Teboho MOKOENA,1.0,0.0,2.0,1.0,Midfielder
395059,151600,43883,RSA,Ricardo GOSS,0.0,0.0,0.0,0.0,Goalkeeper
463218,151600,43883,RSA,Khuliso MUDAU,0.0,0.0,3.0,2.0,Defender
504200,151600,43883,RSA,Samukele KABINI,0.0,0.0,0.0,0.0,Defender
506038,151600,43883,RSA,Kamogelo SEBELEBELE,0.0,0.0,0.0,0.0,Forward
463236,151600,43883,RSA,Jayden ADAMS,0.0,0.0,0.0,0.0,Midfielder
395084,151608,43822,KOR,HWANG Inbeom,0.0,0.0,0.0,0.0,Midfielder
430385,151608,43822,KOR,KIM Jingyu,0.0,0.0,1.0,0.0,Midfielder
423855,151608,43822,KOR,EOM Jisung,0.0,0.0,0.0,0.0,Midfielder
479316,151608,43822,KOR,PARK Jinseob,0.0,0.0,0.0,0.0,Defender
448586,151608,43822,KOR,OH Hyeongyu,0.0,0.0,1.0,0.0,Forward
402817,151608,43822,KOR,PAIK Seungho,0.0,0.0,2.0,0.0,Midfielder
430387,151608,43822,KOR,CHO Guesung,0.0,0.0,0.0,0.0,Forward
390525,151608,43822,KOR,LEE Jaesung,0.0,0.0,2.0,1.0,Midfielder
418485,151608,43822,KOR,KIM Taehyeon,0.0,0.0,0.0,0.0,Defender
511828,151608,43822,KOR,CASTROP Jens,0.0,0.0,0.0,0.0,Defender
448585,151608,43822,KOR,YANG Hyunjun,0.0,0.0,0.0,0.0,Midfielder
307849,151608,43822,KOR,SON Heungmin,0.0,0.0,2.0,0.0,Forward
464374,151608,43822,KOR,BAE Junho,0.0,0.0,0.0,0.0,Midfielder
429600,151608,43822,KOR,LEE Donggyeong,0.0,0.0,0.0,0.0,Midfielder
274281,151608,43822,KOR,KIM Seunggyu,0.0,0.0,0.0,0.0,Goalkeeper
522282,151608,43822,KOR,CHO Wije,0.0,0.0,0.0,0.0,Defender
395083,151608,43822,KOR,HWANG Heechan,0.0,0.0,1.0,0.0,Midfielder
423874,151608,43822,KOR,LEE Hanbeom,0.0,0.0,0.0,3.0,Defender
397753,151608,43822,KOR,JO Hyeonwoo,0.0,0.0,0.0,0.0,Goalkeeper
423880,151608,43822,KOR,LEE Taeseok,0.0,0.0,1.0,1.0,Defender
402820,151608,43822,KOR,SONG Bumkeun,0.0,0.0,0.0,0.0,Goalkeeper
492315,151608,43822,KOR,LEE Gihyuk,1.0,0.0,2.0,1.0,Midfielder
448580,151608,43822,KOR,KIM Moonhwan,0.0,0.0,0.0,0.0,Defender
418490,151608,43822,KOR,LEE Kangin,0.0,0.0,4.0,0.0,Midfielder
429608,151608,43822,KOR,SEOL Youngwoo,0.0,0.0,0.0,1.0,Defender
395088,151608,43822,KOR,KIM Minjae,0.0,0.0,0.0,2.0,Defender
506775,151608,43995,CZE,Hugo SOCHUREK,0.0,0.0,0.0,0.0,Midfielder
472908,151608,43995,CZE,Vladimir COUFAL,0.0,0.0,1.0,3.0,Defender
511118,151608,43995,CZE,Lukas HORNICEK,0.0,0.0,0.0,0.0,Goalkeeper
401481,151608,43995,CZE,Patrik Schick,0.0,0.0,1.0,0.0,Forward
483961,151608,43995,CZE,Tomas CHORY,0.0,0.0,1.0,2.0,Forward
441170,151608,43995,CZE,Ladislav KREJCI,0.0,0.0,1.0,3.0,Defender
358003,151608,43995,CZE,Vladimir DARIDA,0.0,0.0,0.0,0.0,Midfielder
514334,151608,43995,CZE,Stepan CHALOUPEK,0.0,0.0,0.0,1.0,Defender
486081,151608,43995,CZE,Lukas CERV,0.0,0.0,0.0,0.0,Midfielder
441171,151608,43995,CZE,Jan KUCHTA,0.0,0.0,0.0,0.0,Forward
519985,151608,43995,CZE,Denis VISINSKY,0.0,0.0,0.0,0.0,Forward
483936,151608,43995,CZE,David DOUDERA,0.0,0.0,0.0,0.0,Defender
441162,151608,43995,CZE,Jindrich STANEK,0.0,0.0,0.0,0.0,Goalkeeper
486082,151608,43995,CZE,Pavel SULC,0.0,0.0,1.0,1.0,Forward
484012,151608,43995,CZE,Matej KOVAR,0.0,0.0,0.0,0.0,Goalkeeper
433754,151608,43995,CZE,Adam HLOZEK,0.0,0.0,1.0,0.0,Forward
484011,151608,43995,CZE,Lukas PROVOD,0.0,0.0,1.0,1.0,Midfielder
441166,151608,43995,CZE,Jaroslav ZELENY,0.0,0.0,1.0,0.0,Defender
441167,151608,43995,CZE,Tomas HOLES,0.0,0.0,0.0,0.0,Defender
483990,151608,43995,CZE,David JURASEK,0.0,0.0,0.0,0.0,Defender
484003,151608,43995,CZE,Mojmir CHYTIL,0.0,0.0,0.0,1.0,Forward
523097,151608,43995,CZE,Alexandr SOJKA,0.0,0.0,1.0,0.0,Midfielder
433755,151608,43995,CZE,David Zima,0.0,0.0,0.0,0.0,Defender
433668,151608,43995,CZE,Michal SADILEK,0.0,0.0,0.0,0.0,Midfielder
404885,151608,43995,CZE,Tomas SOUCEK,0.0,0.0,0.0,1.0,Midfielder
486080,151608,43995,CZE,Robin HRANAC,0.0,0.0,0.0,3.0,Defender
441257,151614,43899,CAN,Jonathan DAVID,0.0,0.0,1.0,0.0,Forward
423933,151614,43899,CAN,Jayden Nelson,0.0,0.0,0.0,0.0,Forward
441255,151614,43899,CAN,Dayne ST. CLAIR,0.0,0.0,0.0,0.0,Goalkeeper
441258,151614,43899,CAN,Ismael KONE,0.0,0.0,2.0,1.0,Midfielder
466585,151614,43899,CAN,Moise BOMBITO,0.0,0.0,0.0,0.0,Defender
480322,151614,43899,CAN,Luc DE FOUGEROLLES,1.0,0.0,4.0,2.0,Defender
430138,151614,43899,CAN,Tajon BUCHANAN,0.0,0.0,2.0,0.0,Forward
485064,151614,43899,CAN,Niko SIGUR,0.0,0.0,0.0,0.0,Defender
448390,151614,43899,CAN,Mathieu CHOINIERE,0.0,0.0,0.0,0.0,Midfielder
412144,151614,43899,CAN,Alphonso DAVIES,0.0,0.0,0.0,0.0,Defender
441252,151614,43899,CAN,Alistair JOHNSTON,1.0,0.0,2.0,2.0,Defender
423941,151614,43899,CAN,Nathan SALIBA,0.0,0.0,0.0,0.0,Midfielder
431696,151614,43899,CAN,Richie LARYEA,0.0,0.0,1.0,0.0,Defender
331732,151614,43899,CAN,Maxime CREPEAU,0.0,0.0,0.0,0.0,Goalkeeper
493970,151614,43899,CAN,Promise DAVID,0.0,0.0,1.0,2.0,Forward
448402,151614,43899,CAN,Joel WATERMAN,0.0,0.0,0.0,0.0,Defender
448411,151614,43899,CAN,Jacob SHAFFELBURG,0.0,0.0,0.0,0.0,Midfielder
433635,151614,43899,CAN,Stephen EUSTAQUIO,0.0,0.0,3.0,2.0,Midfielder
486929,151614,43899,CAN,Tani OLUWASEYI,0.0,0.0,2.0,0.0,Forward
371958,151614,43899,CAN,Derek CORNELIUS,0.0,0.0,1.0,0.0,Defender
370986,151614,43899,CAN,Jonathan OSORIO,0.0,0.0,0.0,0.0,Midfielder
466687,151614,43899,CAN,Ali AHMED,0.0,0.0,0.0,0.0,Forward
463817,151614,43899,CAN,Owen GOODMAN,0.0,0.0,0.0,0.0,Goalkeeper
441259,151614,43899,CAN,Liam MILLAR,0.0,0.0,0.0,1.0,Midfielder
390670,151614,43899,CAN,Cyle LARIN,0.0,0.0,1.0,0.0,Forward
514070,151614,43899,CAN,Alfie JONES,0.0,0.0,0.0,0.0,Defender
376230,151614,44037,BIH,Sead KOLASINAC,0.0,0.0,2.0,3.0,Defender
522846,151614,44037,BIH,Ermin MAHMIC,0.0,0.0,0.0,0.0,Midfielder
494640,151614,44037,BIH,Amar MEMIC,0.0,0.0,1.0,1.0,Midfielder
483966,151614,44037,BIH,Benjamin TAHIROVIC,0.0,0.0,1.0,0.0,Midfielder
464566,151614,44037,BIH,Esmir BAJRAKTAREVIC,0.0,0.0,1.0,1.0,Forward
482974,151614,44037,BIH,Ivan BASIC,0.0,0.0,0.0,2.0,Midfielder
489521,151614,44037,BIH,Stjepan RADELJIC,0.0,0.0,0.0,0.0,Defender
494639,151614,44037,BIH,Arjan MALIC,0.0,0.0,0.0,0.0,Defender
482976,151614,44037,BIH,Amar DEDIC,0.0,0.0,1.0,1.0,Defender
389886,151614,44037,BIH,Dzenis BURNIC,0.0,0.0,0.0,0.0,Midfielder
300409,151614,44037,BIH,Edin DZEKO,0.0,0.0,0.0,0.0,Forward
519954,151614,44037,BIH,Jovo LUKIC,1.0,0.0,0.0,1.0,Forward
485063,151614,44037,BIH,Samed BAZDAR,0.0,0.0,1.0,1.0,Forward
372436,151614,44037,BIH,Ivan SUNJIC,0.0,0.0,0.0,2.0,Midfielder
430196,151614,44037,BIH,Amir HADZIAHMETOVIC,0.0,0.0,0.0,0.0,Midfielder
482978,151614,44037,BIH,Nikola VASILJ,0.0,0.0,0.0,0.0,Goalkeeper
430194,151614,44037,BIH,Dennis HADZIKADUNIC,0.0,0.0,0.0,0.0,Defender
484022,151614,44037,BIH,Tarik MUHAREMOVIC,0.0,0.0,1.0,1.0,Defender
504990,151614,44037,BIH,Kerim ALAJBEGOVIC,0.0,0.0,0.0,1.0,Forward
482984,151614,44037,BIH,Haris TABAKOVIC,0.0,0.0,0.0,0.0,Forward
522842,151614,44037,BIH,Mladen JURKAS,0.0,0.0,0.0,0.0,Goalkeeper
489523,151614,44037,BIH,Armin GIGOVIC,0.0,0.0,1.0,0.0,Midfielder
436743,151614,44037,BIH,Ermedin DEMIROVIC,1.0,0.0,1.0,4.0,Forward
482969,151614,44037,BIH,Nihad MUJAKIC,0.0,0.0,0.0,0.0,Defender
491228,151614,44037,BIH,Martin ZLOMISLIC,0.0,0.0,0.0,0.0,Goalkeeper
489520,151614,44037,BIH,Nikola KATIC,1.0,0.0,0.0,2.0,Defender
406280,151625,43921,USA,Sergino DEST,0.0,0.0,0.0,0.0,Defender
436599,151625,43921,USA,Miles ROBINSON,0.0,0.0,0.0,0.0,Defender
390267,151625,43921,USA,Christian PULISIC,0.0,0.0,1.0,1.0,Forward
390238,151625,43921,USA,Tyler ADAMS,1.0,0.0,3.0,2.0,Midfielder
486390,151625,43921,USA,Max ARFSTEN,0.0,0.0,0.0,0.0,Defender
448214,151625,43921,USA,Malik TILLMAN,0.0,0.0,4.0,1.0,Midfielder
390278,151625,43921,USA,Alex ZENDEJAS,0.0,0.0,0.0,0.0,Forward
390259,151625,43921,USA,Weston McKENNIE,0.0,0.0,0.0,0.0,Midfielder
423700,151625,43921,USA,Joe SCALLY,0.0,0.0,0.0,0.0,Defender
441251,151625,43921,USA,Antonee ROBINSON,0.0,0.0,0.0,1.0,Defender
419082,151625,43921,USA,Ricardo PEPI,0.0,0.0,0.0,1.0,Forward
339510,151625,43921,USA,Tim REAM,0.0,0.0,0.0,0.0,Defender
385994,151625,43921,USA,Cristian ROLDAN,0.0,0.0,0.0,0.0,Midfielder
466624,151625,43921,USA,Folarin BALOGUN,0.0,0.0,4.0,0.0,Forward
419077,151625,43921,USA,Mark McKENZIE,0.0,0.0,0.0,0.0,Defender
390272,151625,43921,USA,Auston TRUSTY,0.0,0.0,0.0,0.0,Defender
499913,151625,43921,USA,Matt FREESE,0.0,0.0,0.0,0.0,Goalkeeper
464546,151625,43921,USA,Chris BRADY,0.0,0.0,0.0,0.0,Goalkeeper
390276,151625,43921,USA,Haji WRIGHT,0.0,0.0,0.0,0.0,Forward
419055,151625,43921,USA,Brenden AARONSON,0.0,0.0,0.0,0.0,Forward
406304,151625,43921,USA,Timothy WEAH,0.0,0.0,0.0,2.0,Forward
448217,151625,43921,USA,Matt TURNER,0.0,0.0,0.0,0.0,Goalkeeper
419062,151625,43921,USA,Chris RICHARDS,0.0,0.0,1.0,3.0,Defender
499912,151625,43921,USA,Sebastian BERHALTER,0.0,0.0,2.0,0.0,Midfielder
464542,151625,43921,USA,Alex FREEMAN,0.0,0.0,0.0,1.0,Defender
419068,151625,43921,USA,Giovanni REYNA,0.0,0.0,1.0,1.0,Midfielder
476348,151625,43928,PAR,Damian BOBADILLA,0.0,0.0,0.0,0.0,Midfielder
447991,151625,43928,PAR,Gaston OLVEIRA,0.0,0.0,0.0,0.0,Goalkeeper
441234,151625,43928,PAR,Julio ENCISO,0.0,0.0,4.0,0.0,Forward
485804,151625,43928,PAR,Gustavo CABALLERO,0.0,0.0,0.0,0.0,Midfielder
479601,151625,43928,PAR,Juan Jose CACERES,1.0,0.0,2.0,3.0,Defender
369749,151625,43928,PAR,Junior ALONSO,1.0,0.0,1.0,1.0,Defender
394829,151625,43928,PAR,Fabian BALBUENA,0.0,0.0,0.0,0.0,Defender
489417,151625,43928,PAR,Isidro PITTA,0.0,0.0,0.0,0.0,Forward
369768,151625,43928,PAR,Antonio SANABRIA,0.0,0.0,1.0,1.0,Forward
463128,151625,43928,PAR,Diego GOMEZ,1.0,0.0,0.0,1.0,Midfielder
406205,151625,43928,PAR,Braian OJEDA,0.0,0.0,0.0,0.0,Midfielder
385306,151625,43928,PAR,Andres CUBAS,0.0,0.0,0.0,5.0,Midfielder
463127,151625,43928,PAR,Gabriel AVALOS,0.0,0.0,0.0,0.0,Forward
486875,151625,43928,PAR,Gustavo VELAZQUEZ,0.0,0.0,0.0,0.0,Defender
463125,151625,43928,PAR,Ramon SOSA,0.0,0.0,1.0,0.0,Midfielder
386458,151625,43928,PAR,Alejandro ROMERO GAMARRA,0.0,0.0,1.0,1.0,Forward
424422,151625,43928,PAR,Matias GALARZA,0.0,0.0,0.0,0.0,Midfielder
318647,151625,43928,PAR,Gatito FERNANDEZ,0.0,0.0,0.0,0.0,Goalkeeper
495046,151625,43928,PAR,MAURICIO,0.0,0.0,1.0,0.0,Midfielder
431202,151625,43928,PAR,Omar ALDERETE,0.0,0.0,1.0,1.0,Defender
369744,151625,43928,PAR,Gustavo GOMEZ,0.0,0.0,0.0,2.0,Defender
520066,151625,43928,PAR,Jose CANALE,0.0,0.0,0.0,0.0,Defender
485802,151625,43928,PAR,Alex ARCE,1.0,0.0,0.0,1.0,Forward
494531,151625,43928,PAR,Orlando GILL,0.0,0.0,0.0,0.0,Goalkeeper
505495,151625,43928,PAR,Alexandro MAIDANA,0.0,0.0,0.0,0.0,Defender
369761,151625,43928,PAR,Miguel ALMIRON,1.0,0.0,1.0,1.0,Midfielder
386347,151613,43834,QAT,AKRAM AFIF,0.0,0.0,2.0,0.0,Forward
419461,151613,43834,QAT,SALAH ZAKARIA,0.0,0.0,0.0,0.0,Goalkeeper
386348,151613,43834,QAT,ASSIM MADIBO,0.0,0.0,1.0,1.0,Midfielder
284190,151613,43834,QAT,HASSAN ALHAYDOS,0.0,0.0,0.0,0.0,Forward
498458,151613,43834,QAT,MOHAMED MANAI,0.0,0.0,0.0,0.0,Forward
419463,151613,43834,QAT,YUSUF ABDURISAG,0.0,0.0,2.0,0.0,Forward
416056,151613,43834,QAT,MESHAAL BARSHAM,0.0,0.0,0.0,0.0,Goalkeeper
354861,151613,43834,QAT,KARIM BOUDIAF,0.0,0.0,1.0,0.0,Midfielder
419459,151613,43834,QAT,MAHMOUD ABUNADA,,,,,Goalkeeper
353251,151613,43834,QAT,AHMED ALAAELDIN,0.0,0.0,0.0,0.0,Forward
486639,151613,43834,QAT,TAHSIN MOHAMMED,0.0,0.0,0.0,0.0,Forward
402022,151613,43971,SUI,Yvon MVOGO,0.0,0.0,0.0,0.0,Goalkeeper
345059,151613,43834,QAT,ABDULAZIZ HATEM,0.0,0.0,0.0,0.0,Midfielder
433394,151613,43834,QAT,AHMED FATHY,0.0,0.0,0.0,0.0,Midfielder
356673,151613,43834,QAT,LUCAS MENDES,0.0,0.0,0.0,0.0,Defender
385067,151613,43834,QAT,BOUALEM KHOUKHI,0.0,0.0,0.0,2.0,Defender
429063,151613,43834,QAT,EDMILSON JUNIOR,0.0,0.0,1.0,3.0,Forward
419473,151613,43834,QAT,JASSEM GABER,1.0,0.0,0.0,2.0,Defender
512791,151613,43834,QAT,ISSA LAYE,0.0,0.0,0.0,0.0,Defender
386366,151613,43834,QAT,ALMOEZ ALI,0.0,0.0,0.0,0.0,Forward
416051,151613,43834,QAT,PEDRO MIGUEL,0.0,0.0,3.0,1.0,Defender
386387,151613,43834,QAT,SULTAN ALBRAKE,0.0,0.0,0.0,0.0,Defender
419441,151613,43834,QAT,HOMAM AHMED,0.0,0.0,0.0,1.0,Defender
510991,151613,43834,QAT,AYOUB ALOUI,0.0,0.0,0.0,1.0,Defender
385070,151613,43834,QAT,MOHAMMED MUNTARI,0.0,0.0,0.0,0.0,Forward
419436,151613,43834,QAT,AHMED ALGANEHI,0.0,0.0,0.0,0.0,Midfielder
486614,151613,43834,QAT,ALHASHMI ALHUSSEIN,0.0,0.0,0.0,0.0,Defender
398509,151613,43971,SUI,Nico ELVEDI,0.0,0.0,0.0,2.0,Defender
448103,151613,43971,SUI,Fabian RIEDER,0.0,0.0,0.0,0.0,Midfielder
356412,151613,43971,SUI,Silvan WIDMER,0.0,0.0,0.0,0.0,Defender
448131,151613,43971,SUI,Ruben VARGAS,0.0,0.0,4.0,1.0,Forward
402021,151613,43971,SUI,Remo FREULER,0.0,0.0,1.0,2.0,Midfielder
448120,151613,43971,SUI,Ardon JASHARI,0.0,0.0,0.0,0.0,Midfielder
448127,151613,43971,SUI,Noah OKAFOR,0.0,0.0,0.0,0.0,Forward
311558,151613,43971,SUI,Granit XHAKA,0.0,0.0,0.0,0.0,Midfielder
510908,151613,43971,SUI,Luca JAQUEZ,0.0,0.0,0.0,0.0,Defender
448104,151613,43971,SUI,Cedric ITTEN,0.0,0.0,0.0,0.0,Forward
493221,151613,43971,SUI,Miro MUHEIM,0.0,0.0,0.0,0.0,Defender
393480,151613,43971,SUI,Breel EMBOLO,0.0,0.0,0.0,2.0,Forward
401448,151613,43971,SUI,Denis ZAKARIA,1.0,0.0,0.0,1.0,Midfielder
448114,151613,43971,SUI,Dan NDOYE,0.0,0.0,4.0,0.0,Forward
484864,151613,43971,SUI,Aurele AMENDA,0.0,0.0,0.0,0.0,Defender
448124,151613,43971,SUI,Christian FASSNACHT,0.0,0.0,0.0,0.0,Forward
448112,151613,43971,SUI,Zeki AMDOUNI,0.0,0.0,2.0,0.0,Forward
448107,151613,43971,SUI,Gregor KOBEL,0.0,0.0,0.0,0.0,Goalkeeper
405178,151613,43971,SUI,Manuel AKANJI,0.0,0.0,0.0,0.0,Defender
433147,151613,43971,SUI,Michel AEBISCHER,0.0,0.0,1.0,0.0,Midfielder
484862,151613,43971,SUI,Marvin KELLER,0.0,0.0,0.0,0.0,Goalkeeper
448136,151613,43971,SUI,Eray COEMERT,0.0,0.0,0.0,0.0,Defender
502727,151613,43971,SUI,Johan MANZAMBI,0.0,0.0,0.0,1.0,Midfielder
313559,151613,43971,SUI,Ricardo RODRIGUEZ,0.0,0.0,0.0,2.0,Defender
411226,151613,43971,SUI,Djibril SOW,0.0,0.0,0.0,0.0,Midfielder
308370,151620,43924,BRA,ALISSON,0.0,0.0,0.0,0.0,Goalkeeper
475036,151620,43924,BRA,RAYAN,0.0,0.0,0.0,0.0,Forward
430605,151620,43924,BRA,BRUNO GUIMARAES,0.0,0.0,2.0,1.0,Midfielder
429392,151620,43924,BRA,DANILO SANTOS,0.0,0.0,0.0,0.0,Midfielder
394456,151620,43924,BRA,FABINHO,0.0,0.0,0.0,3.0,Midfielder
371956,151620,43924,BRA,LEO PEREIRA,0.0,0.0,0.0,0.0,Defender
308386,151620,43924,BRA,CASEMIRO,1.0,0.0,1.0,1.0,Midfielder
314197,151620,43924,BRA,NEYMAR JR,0.0,0.0,0.0,0.0,Forward
430597,151620,43924,BRA,GABRIEL MARTINELLI,0.0,0.0,0.0,0.0,Forward
396315,151620,43924,BRA,WEVERTON,0.0,0.0,0.0,0.0,Goalkeeper
411726,151620,43924,BRA,LUCAS PAQUETA,0.0,0.0,3.0,2.0,Midfielder
463746,151620,43924,BRA,ENDRICK,0.0,0.0,0.0,0.0,Forward
405742,151620,43924,BRA,VINICIUS JUNIOR,0.0,0.0,2.0,3.0,Forward
430609,151620,43924,BRA,MATHEUS CUNHA,0.0,0.0,1.0,0.0,Forward
335656,151620,43924,BRA,DANILO,0.0,0.0,0.0,0.0,Defender
485069,151620,43924,BRA,EDERSON SILVA,0.0,0.0,0.0,0.0,Midfielder
448420,151620,43924,BRA,LUIZ HENRIQUE,0.0,0.0,1.0,0.0,Forward
430601,151620,43924,BRA,GABRIEL MAGALHAES,0.0,0.0,1.0,1.0,Defender
433872,151620,43924,BRA,RAPHINHA,0.0,0.0,2.0,0.0,Forward
367981,151620,43924,BRA,DOUGLAS SANTOS,0.0,0.0,0.0,1.0,Defender
335658,151620,43924,BRA,ALEX SANDRO,0.0,0.0,0.0,0.0,Defender
430594,151620,43924,BRA,ROGER IBANEZ,1.0,0.0,1.0,2.0,Defender
431889,151620,43924,BRA,BREMER,0.0,0.0,0.0,0.0,Defender
519836,151620,43924,BRA,IGOR THIAGO,0.0,0.0,0.0,2.0,Forward
395427,151620,43924,BRA,EDERSON,0.0,0.0,0.0,0.0,Goalkeeper
332946,151620,43924,BRA,MARQUINHOS,0.0,0.0,0.0,0.0,Defender
372266,151620,43872,MAR,Sofyan AMRABAT,0.0,0.0,0.0,0.0,Midfielder
441307,151620,43872,MAR,Azzedine OUNAHI,0.0,0.0,0.0,0.0,Midfielder
505112,151620,43872,MAR,Gessime YASSINE,0.0,0.0,0.0,0.0,Midfielder
448612,151620,43872,MAR,Bilal EL KHANNOUSS,0.0,0.0,1.0,2.0,Midfielder
433426,151620,43872,MAR,Soufiane RAHIMI,0.0,0.0,0.0,0.0,Forward
524320,151620,43872,MAR,Amine SBAI,0.0,0.0,0.0,0.0,Forward
356956,151620,43872,MAR,Yassine BOUNOU,0.0,0.0,0.0,0.0,Goalkeeper
400721,151620,43872,MAR,Achraf HAKIMI,0.0,0.0,5.0,3.0,Defender
494742,151620,43872,MAR,Youssef BELAMMARI,0.0,0.0,0.0,0.0,Defender
411678,151620,43872,MAR,Ayoub El Kaabi,0.0,0.0,0.0,0.0,Forward
494293,151620,43872,MAR,Chemsdine TALBI,0.0,0.0,0.0,0.0,Midfielder
485767,151620,43872,MAR,Redouane HALHAL,0.0,0.0,0.0,0.0,Defender
395760,151620,43872,MAR,Marwane SAADANE,0.0,0.0,0.0,0.0,Defender
505097,151620,43872,MAR,Samir EL MOURABET,0.0,0.0,1.0,0.0,Midfielder
448598,151620,43872,MAR,Ismael SAIBARI,0.0,0.0,1.0,2.0,Midfielder
448607,151620,43872,MAR,Chadi RIAD,0.0,0.0,0.0,0.0,Defender
411680,151620,43872,MAR,Noussair MAZRAOUI,0.0,0.0,0.0,2.0,Defender
371553,151620,43872,MAR,Ahmed Reda TAGNAOUTI,0.0,0.0,0.0,0.0,Goalkeeper
485740,151620,43872,MAR,Neil EL AYNAOUI,0.0,0.0,3.0,4.0,Midfielder
523288,151620,43872,MAR,Ayoube AMAIMOUNI,0.0,0.0,0.0,0.0,Forward
403083,151620,43872,MAR,Issa Diop,0.0,0.0,0.0,0.0,Defender
430740,151620,43872,MAR,Brahim DIAZ,0.0,0.0,3.0,0.0,Forward
424071,151620,43872,MAR,Anass SALAH EDDINE,0.0,0.0,0.0,0.0,Defender
395755,151620,43872,MAR,Munir EL KAJOUI,0.0,0.0,0.0,0.0,Goalkeeper
485760,151620,43872,MAR,Ayyoub BOUADDI,0.0,0.0,2.0,1.0,Midfielder
485756,151620,43872,MAR,Zakaria EL OUAHDI,0.0,0.0,0.0,0.0,Defender
466853,151619,43908,HAI,Josue DUVERGER,0.0,0.0,0.0,0.0,Goalkeeper
430697,151619,43908,HAI,Jean-Ricner Bellegarde,1.0,0.0,2.0,1.0,Midfielder
485409,151619,43908,HAI,Woodensky PIERRE,0.0,0.0,0.0,0.0,Midfielder
466844,151619,43908,HAI,Markhus LACROIX,0.0,0.0,0.0,0.0,Defender
466835,151619,43908,HAI,Alexandre PIERRE,0.0,0.0,0.0,0.0,Goalkeeper
506481,151619,43908,HAI,Keeto THERMONCY,0.0,0.0,0.0,0.0,Defender
466838,151619,43908,HAI,Danley JEAN JACQUES,0.0,0.0,3.0,3.0,Midfielder
431781,151619,43908,HAI,Jean-Kevin DUVERNE,0.0,0.0,0.0,0.0,Defender
431693,151619,43908,HAI,Frantzdy Pierrot,0.0,0.0,2.0,4.0,Forward
405879,151619,43908,HAI,Wilson Isidor,0.0,0.0,0.0,3.0,Forward
498439,151619,43908,HAI,Wilguens PAUGAIN,0.0,0.0,0.0,0.0,Defender
466862,151619,43908,HAI,Garven METUSALA,0.0,0.0,0.0,0.0,Defender
397775,151619,43908,HAI,Carlens ARCUS,0.0,0.0,2.0,3.0,Defender
506483,151619,43908,HAI,Yassin FORTUNE,0.0,0.0,1.0,0.0,Forward
489300,151619,43908,HAI,Martin EXPERIENCE,0.0,0.0,2.0,2.0,Defender
481027,151619,43908,HAI,Louicius DEEDSON,0.0,0.0,1.0,2.0,Forward
523215,151619,43908,HAI,Dominique SIMON,0.0,0.0,0.0,0.0,Midfielder
485664,151619,43908,HAI,Ruben PROVIDENCE,0.0,0.0,1.0,2.0,Forward
394993,151619,43908,HAI,Duckens NAZON,0.0,0.0,0.0,0.0,Forward
448363,151619,43908,HAI,Hannes DELCROIX,0.0,0.0,1.0,0.0,Defender
275917,151619,43908,HAI,Ricardo Ade,0.0,0.0,3.0,1.0,Defender
510757,151619,43908,HAI,Josue CASIMIR,0.0,0.0,2.0,1.0,Forward
424556,151619,43908,HAI,Carl SAINTE,0.0,0.0,0.0,0.0,Midfielder
466865,151619,43908,HAI,Derrick ETIENNE,0.0,0.0,0.0,0.0,Forward
295922,151619,43908,HAI,Johny Placide,0.0,0.0,0.0,0.0,Goalkeeper
485676,151619,43908,HAI,Lenny JOSEPH,0.0,0.0,0.0,1.0,Forward
430098,151619,43967,SCO,Lyndon DYKES,0.0,0.0,0.0,2.0,Forward
442434,151619,43967,SCO,Lewis FERGUSON,0.0,0.0,6.0,1.0,Midfielder
411301,151619,43967,SCO,Angus Gunn,0.0,0.0,0.0,0.0,Goalkeeper
495431,151619,43967,SCO,George HIRST,0.0,0.0,0.0,0.0,Forward
523007,151619,43967,SCO,Tyler FLETCHER,0.0,0.0,0.0,0.0,Midfielder
433191,151619,43967,SCO,Che Adams,0.0,0.0,1.0,4.0,Forward
401712,151619,43967,SCO,Kieran Tierney,0.0,0.0,0.0,0.0,Defender
430097,151619,43967,SCO,Ryan Christie,0.0,0.0,0.0,1.0,Midfielder
359634,151619,43967,SCO,Grant Hanley,0.0,0.0,0.0,1.0,Defender
442428,151619,43967,SCO,Aaron HICKEY,1.0,0.0,4.0,2.0,Defender
430147,151619,43967,SCO,Jack Hendry,0.0,0.0,2.0,0.0,Defender
442430,151619,43967,SCO,John SOUTTAR,0.0,0.0,0.0,0.0,Defender
484045,151619,43967,SCO,Lawrence SHANKLAND,0.0,0.0,2.0,4.0,Forward
401334,151619,43967,SCO,John McGinn,0.0,0.0,5.0,0.0,Midfielder
485131,151619,43967,SCO,Ben GANNON-DOAK,0.0,0.0,1.0,0.0,Forward
442431,151619,43967,SCO,Scott MCKENNA,0.0,0.0,0.0,0.0,Defender
401339,151619,43967,SCO,Andy ROBERTSON,0.0,0.0,1.0,2.0,Defender
442433,151619,43967,SCO,Ross STEWART,0.0,0.0,0.0,0.0,Forward
484051,151619,43967,SCO,Kenny McLEAN,1.0,0.0,0.0,1.0,Midfielder
337389,151619,43967,SCO,Anthony RALSTON,0.0,0.0,0.0,0.0,Defender
442429,151619,43967,SCO,Liam KELLY,0.0,0.0,0.0,0.0,Goalkeeper
484073,151619,43967,SCO,Dominic HYAM,0.0,0.0,0.0,0.0,Defender
215553,151619,43967,SCO,Craig GORDON,0.0,0.0,0.0,0.0,Goalkeeper
520217,151619,43967,SCO,Findlay CURTIS,1.0,0.0,0.0,1.0,Forward
433787,151619,43967,SCO,Scott McTominay,0.0,0.0,0.0,1.0,Midfielder
433694,151619,43967,SCO,Nathan PATTERSON,0.0,0.0,0.0,1.0,Defender
331135,151626,43976,AUS,Paul Izzo,0.0,0.0,0.0,0.0,Goalkeeper
430437,151626,43976,AUS,Cameron DEVLIN,0.0,0.0,0.0,0.0,Midfielder
504931,151626,43976,AUS,Lucas HERRINGTON,0.0,0.0,0.0,0.0,Defender
448015,151626,43976,AUS,Cristian VOLPATO,0.0,0.0,0.0,0.0,Forward
339117,151626,43976,AUS,Mathew RYAN,0.0,0.0,0.0,0.0,Goalkeeper
339112,151626,43976,AUS,Jason GERIA,0.0,0.0,0.0,0.0,Defender
491166,151626,43976,AUS,Nishan VELUPILLAY,0.0,0.0,0.0,0.0,Forward
448014,151626,43976,AUS,Alessandro CIRCATI,0.0,0.0,0.0,1.0,Defender
494411,151626,43976,AUS,Kai TREWIN,0.0,0.0,0.0,0.0,Defender
430452,151626,43976,AUS,Connor METCALFE,0.0,0.0,0.0,0.0,Midfielder
494557,151626,43976,AUS,Patrick BEACH,0.0,0.0,0.0,0.0,Goalkeeper
430450,151626,43976,AUS,Jacob ITALIANO,0.0,0.0,0.0,0.0,Defender
349342,151626,43976,AUS,Aziz BEHICH,0.0,0.0,0.0,1.0,Defender
321697,151626,43976,AUS,Mathew LECKIE,0.0,0.0,0.0,0.0,Forward
382312,151626,43976,AUS,Cameron BURGESS,0.0,0.0,0.0,0.0,Defender
406606,151626,43976,AUS,Awer MABIL,0.0,0.0,0.0,0.0,Forward
331149,151626,43976,AUS,Milos DEGENEK,0.0,0.0,0.0,0.0,Defender
404319,151626,43976,AUS,Ajdin HRUSTIC,0.0,0.0,0.0,0.0,Forward
498421,151626,43976,AUS,Paul OKON-ENGSTLER,0.0,0.0,0.0,1.0,Midfielder
430442,151626,43976,AUS,Harry SOUTTAR,0.0,0.0,0.0,1.0,Defender
430440,151626,43976,AUS,Aiden ONEILL,0.0,0.0,1.0,1.0,Midfielder
498806,151626,43976,AUS,Mohamed TOURE,0.0,0.0,1.0,2.0,Forward
518200,151626,43976,AUS,Tete YENGI,0.0,0.0,0.0,3.0,Forward
355775,151626,43976,AUS,Jackson IRVINE,0.0,0.0,0.0,1.0,Midfielder
423522,151626,43976,AUS,Jordan BOS,0.0,0.0,1.0,0.0,Defender
486306,151626,43976,AUS,Nestory IRANKUNDA,0.0,0.0,1.0,1.0,Forward
484087,151626,43972,TUR,Arda GULER,0.0,0.0,2.0,0.0,Forward
336170,151626,43972,TUR,Kaan Ayhan,0.0,0.0,0.0,0.0,Midfielder
484082,151626,43972,TUR,Abdulkerim BARDAKCI,0.0,0.0,2.0,0.0,Defender
433118,151626,43972,TUR,Orkun KOKCU,0.0,0.0,3.0,0.0,Midfielder
484112,151626,43972,TUR,Kenan YILDIZ,0.0,0.0,0.0,0.0,Forward
484065,151626,43972,TUR,Eren ELMALI,0.0,0.0,0.0,0.0,Defender
484092,151626,43972,TUR,Ismail YUKSEK,0.0,0.0,0.0,1.0,Midfielder
406231,151626,43972,TUR,Yunus AKGUN,1.0,0.0,0.0,1.0,Forward
441188,151626,43972,TUR,Kerem AKTURKOGLU,0.0,0.0,2.0,0.0,Forward
430120,151626,43972,TUR,Mert MULDUR,0.0,0.0,0.0,0.0,Defender
486074,151626,43972,TUR,Can UZUN,0.0,0.0,0.0,0.0,Forward
360498,151626,43972,TUR,Mert GUNOK,0.0,0.0,0.0,0.0,Goalkeeper
441181,151626,43972,TUR,Ugurcan CAKIR,0.0,0.0,0.0,0.0,Goalkeeper
484113,151626,43972,TUR,Ferdi KADIOGLU,0.0,0.0,0.0,0.0,Defender
484139,151626,43972,TUR,Baris Alper YILMAZ,0.0,0.0,0.0,0.0,Forward
441180,151626,43972,TUR,Altay BAYINDIR,0.0,0.0,0.0,0.0,Goalkeeper
369304,151626,43972,TUR,Hakan CALHANOGLU,0.0,0.0,1.0,1.0,Midfielder
486076,151626,43972,TUR,Oguz AYDIN,0.0,0.0,0.0,0.0,Forward
441179,151626,43972,TUR,Merih DEMIRAL,0.0,0.0,1.0,0.0,Defender
433072,151626,43972,TUR,Zeki CELIK,0.0,0.0,0.0,1.0,Defender
472877,151626,43972,TUR,Irfan Can KAHVECI,0.0,0.0,0.0,0.0,Forward
406249,151626,43972,TUR,Ozan KABAK,0.0,0.0,0.0,0.0,Defender
389907,151626,43972,TUR,Salih OZCAN,0.0,0.0,1.0,0.0,Midfielder
401167,151626,43972,TUR,Caglar SOYUNCU,0.0,0.0,0.0,0.0,Defender
484072,151626,43972,TUR,Samet AKAYDIN,0.0,0.0,0.0,0.0,Defender
495347,151626,43972,TUR,Deniz GUL,0.0,0.0,0.0,0.0,Forward
386413,151631,43948,GER,Joshua KIMMICH,0.0,0.0,2.0,0.0,Defender
514188,151631,43948,GER,Malick THIAW,0.0,0.0,0.0,0.0,Defender
430669,151631,43948,GER,Florian WIRTZ,0.0,0.0,0.0,0.0,Midfielder
491218,151631,43948,GER,Jamie LEWELING,0.0,0.0,0.0,0.0,Midfielder
430657,151631,43948,GER,David RAUM,0.0,0.0,0.0,0.0,Defender
492363,151631,43948,GER,Felix NMECHA,0.0,0.0,1.0,1.0,Midfielder
379953,151631,43948,GER,Leon GORETZKA,0.0,0.0,0.0,0.0,Midfielder
429640,151631,43948,GER,Angelo Stiller,0.0,0.0,0.0,0.0,Midfielder
306538,151631,43948,GER,Oliver Baumann,0.0,0.0,0.0,0.0,Goalkeeper
404353,151631,43948,GER,Leroy SANE,0.0,0.0,1.0,1.0,Midfielder
484849,151631,43948,GER,Aleksandar PAVLOVIC,0.0,0.0,1.0,6.0,Midfielder
475195,151631,43948,GER,Assan OUEDRAOGO,0.0,0.0,0.0,0.0,Midfielder
484848,151631,43948,GER,Pascal GROSS,0.0,0.0,0.0,0.0,Midfielder
411367,151631,43948,GER,Kai HAVERTZ,0.0,0.0,1.0,1.0,Forward
484851,151631,43948,GER,Deniz UNDAV,0.0,0.0,0.0,1.0,Forward
429642,151631,43948,GER,Jamal MUSIALA,0.0,0.0,2.0,2.0,Midfielder
430658,151631,43948,GER,Waldemar ANTON,0.0,0.0,0.0,0.0,Defender
401378,151631,43948,GER,Jonathan TAH,0.0,0.0,0.0,2.0,Defender
429639,151631,43948,GER,Alexander NUEBEL,0.0,0.0,0.0,0.0,Goalkeeper
484850,151631,43948,GER,Maximilian BEIER,0.0,0.0,0.0,0.0,Forward
430667,151631,43948,GER,Nico SCHLOTTERBECK,0.0,0.0,1.0,2.0,Defender
379955,151631,43948,GER,Antonio RUEDIGER,0.0,0.0,0.0,0.0,Defender
228912,151631,43948,GER,Manuel NEUER,0.0,0.0,1.0,0.0,Goalkeeper
498416,151631,43948,GER,Nick WOLTEMADE,0.0,0.0,0.0,0.0,Forward
395471,151631,43948,GER,Nadiem Amiri,0.0,0.0,0.0,0.0,Midfielder
511015,151631,43948,GER,Nathaniel BROWN,0.0,0.0,0.0,2.0,Defender
390650,151631,1895293,CUW,Eloy ROOM,0.0,0.0,0.0,0.0,Goalkeeper
466340,151631,1895293,CUW,Leandro BACUNA,0.0,0.0,2.0,1.0,Midfielder
466352,151631,1895293,CUW,Kenji GORRE,0.0,0.0,0.0,0.0,Forward
506473,151631,1895293,CUW,Tyrese NOSLIN,0.0,0.0,0.0,0.0,Forward
466317,151631,1895293,CUW,Juninho BACUNA,0.0,0.0,2.0,2.0,Midfielder
401023,151631,1895293,CUW,Joshua BRENET,0.0,0.0,0.0,0.0,Defender
466382,151631,1895293,CUW,Trevor DOORNBUSCH,0.0,0.0,0.0,0.0,Goalkeeper
398569,151631,1895293,CUW,Riechedly Bazoer,0.0,0.0,0.0,2.0,Defender
466350,151631,1895293,CUW,Sherel FLORANUS,0.0,0.0,0.0,1.0,Defender
466363,151631,1895293,CUW,Jearl MARGARITHA,0.0,0.0,0.0,0.0,Forward
485347,151631,1895293,CUW,Tahith CHONG,0.0,0.0,8.0,1.0,Midfielder
466372,151631,1895293,CUW,Gervane KASTANEER,0.0,0.0,0.0,1.0,Forward
466359,151631,1895293,CUW,Godfried ROEMERATOE,0.0,0.0,0.0,0.0,Midfielder
494989,151631,1895293,CUW,Livano COMENENCIA,0.0,0.0,1.0,1.0,Midfielder
466361,151631,1895293,CUW,Roshon VAN EIJMA,0.0,0.0,0.0,0.0,Defender
466370,151631,1895293,CUW,Tyrick BODAK,0.0,0.0,0.0,0.0,Goalkeeper
485324,151631,1895293,CUW,Arjany MARTHA,0.0,0.0,0.0,0.0,Midfielder
431698,151631,1895293,CUW,Jurien GAARI,0.0,0.0,0.0,0.0,Defender
511141,151631,1895293,CUW,Armando OBISPO,0.0,0.0,0.0,0.0,Defender
424056,151631,1895293,CUW,Sontje HANSEN,0.0,0.0,0.0,0.0,Forward
466365,151631,1895293,CUW,Kevin FELIDA,0.0,0.0,0.0,0.0,Midfielder
424047,151631,1895293,CUW,Jeremy Antonisse,0.0,0.0,0.0,0.0,Forward
407680,151631,1895293,CUW,Juergen LOCADIA,0.0,0.0,3.0,1.0,Forward
466346,151631,1895293,CUW,Brandley KUWAS,0.0,0.0,0.0,0.0,Forward
506471,151631,1895293,CUW,Deveron FONVILLE,0.0,0.0,2.0,1.0,Defender
485379,151631,1895293,CUW,Shurandy SAMBO,0.0,0.0,0.0,0.0,Defender
489518,151638,43960,NED,Crysencio SUMMERVILLE,1.0,0.0,3.0,1.0,Forward
478364,151638,43960,NED,Justin KLUIVERT,0.0,0.0,0.0,0.0,Midfielder
448149,151638,43960,NED,Teun KOOPMEINERS,0.0,0.0,0.0,1.0,Midfielder
483553,151638,43960,NED,Lutsharel GEERTRUIDA,0.0,0.0,0.0,0.0,Defender
448152,151638,43960,NED,Cody GAKPO,0.0,0.0,1.0,0.0,Forward
448151,151638,43960,NED,Mark FLEKKEN,0.0,0.0,0.0,0.0,Goalkeeper
424051,151638,43960,NED,Brian BROBBEY,0.0,0.0,0.0,0.0,Forward
430176,151638,43960,NED,Ryan GRAVENBERCH,0.0,0.0,0.0,0.0,Midfielder
402044,151638,43960,NED,Marten DE ROON,0.0,0.0,0.0,0.0,Midfielder
448153,151638,43960,NED,Noa LANG,0.0,0.0,0.0,0.0,Forward
506028,151638,43960,NED,Robin ROEFS,0.0,0.0,0.0,0.0,Goalkeeper
448140,151638,43960,NED,Micky VAN DE VEN,1.0,0.0,0.0,2.0,Defender
484859,151638,43960,NED,Quinten TIMBER,0.0,0.0,0.0,0.0,Midfielder
483481,151638,43960,NED,Mats WIEFFER,0.0,0.0,0.0,0.0,Defender
483512,151638,43960,NED,Jorrel HATO,0.0,0.0,0.0,0.0,Defender
397786,151638,43960,NED,Virgil VAN DIJK,0.0,0.0,0.0,0.0,Defender
336088,151638,43960,NED,Nathan AKE,0.0,0.0,0.0,0.0,Defender
483526,151638,43960,NED,Tijjani REIJNDERS,0.0,0.0,0.0,0.0,Midfielder
448157,151638,43960,NED,Guus TIL,0.0,0.0,0.0,0.0,Midfielder
448159,151638,43960,NED,Wout WEGHORST,0.0,0.0,0.0,0.0,Forward
422657,151638,43960,NED,Frenkie DE JONG,0.0,0.0,1.0,2.0,Midfielder
489517,151638,43960,NED,Jan Paul VAN HECKE,0.0,0.0,1.0,0.0,Defender
424081,151638,43960,NED,Bart Verbruggen,0.0,0.0,0.0,0.0,Goalkeeper
436612,151638,43960,NED,Denzel DUMFRIES,0.0,0.0,0.0,0.0,Defender
336098,151638,43960,NED,Memphis DEPAY,1.0,0.0,0.0,1.0,Forward
433066,151638,43960,NED,Donyell Malen,0.0,0.0,0.0,0.0,Forward
430407,151638,43819,JPN,Daizen MAEDA,0.0,0.0,0.0,0.0,Midfielder
464339,151638,43819,JPN,Keisuke GOTO,0.0,0.0,0.0,0.0,Forward
520218,151638,43819,JPN,Kento SHIOGAI,0.0,0.0,0.0,0.0,Forward
400511,151638,43819,JPN,Kou ITAKURA,0.0,0.0,0.0,0.0,Defender
390541,151638,43819,JPN,Shogo TANIGUCHI,0.0,0.0,1.0,0.0,Defender
430413,151638,43819,JPN,Ayase UEDA,0.0,0.0,1.0,1.0,Forward
511710,151638,43819,JPN,Tomoki HAYAKAWA,0.0,0.0,0.0,0.0,Goalkeeper
403289,151638,43819,JPN,Takehiro TOMIYASU,0.0,0.0,1.0,1.0,Defender
403293,151638,43819,JPN,Koki OGAWA,0.0,0.0,0.0,0.0,Forward
291372,151638,43819,JPN,Yuto NAGATOMO,0.0,0.0,0.0,0.0,Defender
498455,151638,43819,JPN,Junnosuke SUZUKI,0.0,0.0,0.0,0.0,Defender
403304,151638,43819,JPN,Takefusa KUBO,0.0,0.0,1.0,1.0,Midfielder
405522,151638,43819,JPN,Keito Nakamura,0.0,0.0,1.0,2.0,Midfielder
403274,151638,43819,JPN,Hiroki ITO,0.0,0.0,0.0,1.0,Defender
448557,151638,43819,JPN,Daichi KAMADA,0.0,0.0,0.0,0.0,Midfielder
485503,151638,43819,JPN,Yuito SUZUKI,0.0,0.0,0.0,0.0,Midfielder
395321,151638,43819,JPN,Junya ITO,0.0,0.0,1.0,0.0,Midfielder
391646,151638,43819,JPN,Ritsu DOAN,0.0,0.0,0.0,1.0,Midfielder
448569,151638,43819,JPN,Shuto MACHINO,0.0,0.0,0.0,0.0,Forward
430401,151638,43819,JPN,Tsuyoshi Watanabe,0.0,0.0,1.0,0.0,Defender
405530,151638,43819,JPN,Zion Suzuki,0.0,0.0,0.0,0.0,Goalkeeper
479294,151638,43819,JPN,Kaishu SANO,0.0,0.0,0.0,0.0,Midfielder
403305,151638,43819,JPN,Keisuke OSAKO,0.0,0.0,0.0,0.0,Goalkeeper
400514,151638,43819,JPN,Ao TANAKA,0.0,0.0,0.0,0.0,Midfielder
405528,151638,43819,JPN,Yukinari Sugawara,0.0,0.0,0.0,0.0,Defender
405527,151638,43819,JPN,Ayumu SEKO,0.0,0.0,0.0,0.0,Defender
477825,151632,43854,CIV,Odilon KOSSOUNOU,0.0,0.0,0.0,0.0,Defender
430831,151632,43854,CIV,Ibrahim SANGARE,0.0,0.0,1.0,0.0,Midfielder
464133,151632,43854,CIV,Elye WAHI,0.0,0.0,0.0,0.0,Forward
486317,151632,43854,CIV,Guela DOUE,1.0,0.0,2.0,3.0,Defender
486260,151632,43854,CIV,Christopher OPERI,0.0,0.0,0.0,0.0,Defender
430822,151632,43854,CIV,Amad DIALLO,0.0,0.0,0.0,0.0,Forward
485675,151632,43854,CIV,Evann GUESSAND,0.0,0.0,0.0,0.0,Forward
407343,151632,43854,CIV,Ghislain KONAN,0.0,0.0,0.0,0.0,Defender
405873,151632,43854,CIV,Yahia Fofana,0.0,0.0,0.0,0.0,Goalkeeper
402261,151632,43854,CIV,Nicolas PEPE,0.0,0.0,0.0,0.0,Forward
405175,151632,43854,CIV,Seko Fofana,1.0,0.0,0.0,1.0,Midfielder
486268,151632,43854,CIV,Emmanuel AGBADOU,0.0,0.0,0.0,0.0,Defender
477777,151632,43854,CIV,Oumar DIAKITE,0.0,0.0,0.0,0.0,Forward
477778,151632,43854,CIV,Simon ADINGRA,0.0,0.0,0.0,0.0,Forward
403090,151632,43854,CIV,Alban Lafont,0.0,0.0,0.0,0.0,Goalkeeper
477802,151632,43854,CIV,Ousmane DIOMANDE,0.0,0.0,0.0,0.0,Defender
419172,151632,43854,CIV,Evan NDICKA,0.0,0.0,0.0,0.0,Defender
430834,151632,43854,CIV,Parfait GUIAGON,0.0,0.0,0.0,0.0,Midfielder
371609,151632,43854,CIV,Franck KESSIE,1.0,0.0,2.0,3.0,Midfielder
335807,151632,43854,CIV,Jean Michael SERI,0.0,0.0,0.0,0.0,Midfielder
430854,151632,43854,CIV,Wilfried SINGO,0.0,0.0,1.0,2.0,Defender
514208,151632,43854,CIV,Christ Inao OULAI,0.0,0.0,2.0,1.0,Midfielder
486259,151632,43854,CIV,Mohamed KONE,0.0,0.0,0.0,0.0,Goalkeeper
464103,151632,43854,CIV,Ange-Yoan BONNY,0.0,0.0,2.0,0.0,Forward
510922,151632,43854,CIV,Yan DIOMANDE,0.0,0.0,2.0,0.0,Forward
506202,151632,43854,CIV,Bazoumana TOURE,0.0,0.0,1.0,0.0,Forward
463468,151632,43927,ECU,Alan MINDA,0.0,0.0,1.0,0.0,Midfielder
419002,151632,43927,ECU,Moises RAMIREZ,0.0,0.0,0.0,0.0,Goalkeeper
514326,151632,43927,ECU,Jeremy AREVALO,0.0,0.0,0.0,0.0,Forward
389782,151632,43927,ECU,Pervis ESTUPINAN,0.0,0.0,0.0,0.0,Defender
448295,151632,43927,ECU,Gonzalo VALLE,0.0,0.0,0.0,0.0,Goalkeeper
424036,151632,43927,ECU,Pedro VITE,0.0,0.0,0.0,0.0,Midfielder
402974,151632,43927,ECU,Angelo PRECIADO,0.0,0.0,0.0,0.0,Defender
463476,151632,43927,ECU,Denil CASTILLO,0.0,0.0,0.0,0.0,Midfielder
463465,151632,43927,ECU,Joel ORDONEZ,0.0,0.0,0.0,0.0,Defender
402979,151632,43927,ECU,Felix TORRES,0.0,0.0,0.0,0.0,Defender
448290,151632,43927,ECU,Willian PACHO,0.0,0.0,0.0,1.0,Defender
448312,151632,43927,ECU,Nilson ANGULO,0.0,0.0,1.0,1.0,Forward
448310,151632,43927,ECU,Kevin RODRIGUEZ,0.0,0.0,0.0,0.0,Forward
389784,151632,43927,ECU,Alan FRANCO,0.0,0.0,0.0,3.0,Midfielder
419005,151632,43927,ECU,Jordy ALCIVAR,0.0,0.0,0.0,0.0,Midfielder
463489,151632,43927,ECU,Yaimar MEDINA,0.0,0.0,0.0,0.0,Defender
373400,151632,43927,ECU,Enner VALENCIA,0.0,0.0,4.0,2.0,Forward
448299,151632,43927,ECU,Anthony VALENCIA,0.0,0.0,0.0,0.0,Midfielder
428885,151632,43927,ECU,Moises CAICEDO,0.0,0.0,2.0,3.0,Midfielder
405920,151632,43927,ECU,John YEBOAH,0.0,0.0,0.0,0.0,Forward
441236,151632,43927,ECU,Hernan GALINDEZ,0.0,0.0,0.0,0.0,Goalkeeper
424031,151632,43927,ECU,Piero HINCAPIE,0.0,0.0,1.0,0.0,Defender
419020,151632,43927,ECU,Gonzalo PLATA,0.0,0.0,0.0,1.0,Forward
402985,151632,43927,ECU,Jordy CAICEDO,0.0,0.0,0.0,0.0,Forward
419003,151632,43927,ECU,Jackson POROZO,1.0,0.0,0.0,2.0,Defender
463495,151632,43927,ECU,Kendry PAEZ,0.0,0.0,0.0,0.0,Midfielder
489685,151637,43970,SWE,Jacob WIDELL ZETTERSTROM,0.0,0.0,0.0,0.0,Goalkeeper
519958,151637,43970,SWE,Elliot STROUD,0.0,0.0,0.0,0.0,Defender
489688,151637,43970,SWE,Yasin AYARI,0.0,0.0,1.0,1.0,Midfielder
441135,151637,43970,SWE,Jesper KARLSTROM,0.0,0.0,0.0,1.0,Midfielder
441132,151637,43970,SWE,Carl STARFELT,0.0,0.0,0.0,0.0,Defender
503047,151637,43970,SWE,Besfort ZENELI,0.0,0.0,0.0,0.0,Midfielder
433795,151637,43970,SWE,Mattias SVANBERG,0.0,0.0,0.0,0.0,Midfielder
360496,151637,43970,SWE,Kristoffer NORDFELDT,0.0,0.0,0.0,0.0,Goalkeeper
514202,151637,43970,SWE,Taha ALI,0.0,0.0,0.0,0.0,Forward
483327,151637,43970,SWE,Viktor GYOKERES,0.0,0.0,0.0,0.0,Forward
430150,151637,43970,SWE,Alexander Isak,0.0,0.0,0.0,1.0,Forward
489691,151637,43970,SWE,Gustaf NILSSON,0.0,0.0,0.0,0.0,Forward
395283,151637,43970,SWE,Victor LINDELOF,0.0,0.0,0.0,2.0,Defender
483319,151637,43970,SWE,Hjalmar EKDAL,0.0,0.0,0.0,0.0,Defender
441137,151637,43970,SWE,Anthony ELANGA,0.0,0.0,0.0,0.0,Forward
502945,151637,43970,SWE,Alexander BERNHARDSSON,0.0,0.0,2.0,0.0,Defender
483312,151637,43970,SWE,Isak HIEN,0.0,0.0,1.0,1.0,Defender
483264,151637,43970,SWE,Viktor JOHANSSON,0.0,0.0,0.0,0.0,Goalkeeper
502946,151637,43970,SWE,Benjamin NYGREN,0.0,0.0,0.0,1.0,Midfielder
514639,151637,43970,SWE,Herman JOHANSSON,0.0,0.0,0.0,0.0,Defender
483304,151637,43970,SWE,Gustaf LAGERBIELKE,0.0,0.0,1.0,0.0,Defender
489689,151637,43970,SWE,Lucas BERGVALL,0.0,0.0,0.0,1.0,Midfielder
493061,151637,43970,SWE,Eric SMITH,0.0,0.0,0.0,0.0,Defender
491255,151637,43970,SWE,Daniel SVENSSON,0.0,0.0,0.0,0.0,Defender
395286,151637,43970,SWE,Ken SEMA,0.0,0.0,0.0,0.0,Midfielder
483276,151637,43970,SWE,Gabriel GUDMUNDSSON,0.0,0.0,3.0,2.0,Defender
425607,151637,43888,TUN,Mohamed Amine BEN HMIDA,0.0,0.0,1.0,0.0,Defender
464484,151637,43888,TUN,Ismael GHARBI,0.0,0.0,0.0,0.0,Midfielder
512039,151637,43888,TUN,Khalil AYARI,0.0,0.0,0.0,0.0,Midfielder
433378,151637,43888,TUN,Hannibal MEJBRI,0.0,0.0,3.0,0.0,Midfielder
433362,151637,43888,TUN,Ali ABDI,0.0,0.0,1.0,3.0,Defender
433367,151637,43888,TUN,Omar Rekik,0.0,0.0,1.0,0.0,Defender
433365,151637,43888,TUN,Aymen DAHMEN,0.0,0.0,0.0,0.0,Goalkeeper
479781,151637,43888,TUN,Mohamed HADJ MAHMOUD,0.0,0.0,0.0,0.0,Midfielder
419189,151637,43888,TUN,Yan Valery,0.0,0.0,1.0,3.0,Defender
448662,151637,43888,TUN,Elias ACHOURI,0.0,0.0,1.0,0.0,Forward
494374,151637,43888,TUN,Hazem MASTOURI,0.0,0.0,0.0,0.0,Forward
506335,151637,43888,TUN,Moutaz NEFFATI,0.0,0.0,0.0,0.0,Defender
494375,151637,43888,TUN,Firas CHAOUAT,0.0,0.0,0.0,0.0,Forward
520246,151637,43888,TUN,Raed CHIKHAOUI,0.0,0.0,0.0,0.0,Defender
411658,151637,43888,TUN,Ellyes SKHIRI,0.0,0.0,0.0,0.0,Midfielder
520247,151637,43888,TUN,Rayan ELLOUMI,0.0,0.0,0.0,0.0,Forward
482885,151637,43888,TUN,Elias SAAD,0.0,0.0,2.0,0.0,Forward
520245,151637,43888,TUN,Mouhib CHAMAKH,0.0,0.0,0.0,0.0,Goalkeeper
336459,151637,43888,TUN,Rani Khedira,1.0,0.0,0.0,1.0,Midfielder
504502,151637,43888,TUN,Sebastian TOUNEKTI,0.0,0.0,0.0,1.0,Midfielder
372294,151637,43888,TUN,Sabri BEN HESSEN,0.0,0.0,0.0,0.0,Goalkeeper
516043,151637,43888,TUN,Adam AROUS,0.0,0.0,0.0,0.0,Defender
433380,151637,43888,TUN,Montassar TALBI,0.0,0.0,0.0,0.0,Defender
433361,151637,43888,TUN,Anis SLIMANE,0.0,0.0,0.0,0.0,Midfielder
411653,151637,43888,TUN,Dylan BRONN,0.0,0.0,0.0,0.0,Defender
441362,151637,43888,TUN,Mortadha BEN OUANES,0.0,0.0,0.0,0.0,Defender
391297,151649,43969,ESP,Alex GRIMALDO,0.0,0.0,0.0,0.0,Defender
405562,151649,43969,ESP,Eric GARCIA,0.0,0.0,0.0,0.0,Defender
430751,151649,43969,ESP,Mikel OYARZABAL,0.0,0.0,0.0,0.0,Forward
430753,151649,43969,ESP,Unai SIMON,0.0,0.0,0.0,0.0,Goalkeeper
423646,151649,43969,ESP,PEDRI,1.0,0.0,0.0,1.0,Midfielder
447855,151649,43969,ESP,Nico WILLIAMS,0.0,0.0,0.0,0.0,Forward
423658,151649,43969,ESP,Yeremy PINO,0.0,0.0,0.0,0.0,Forward
405545,151649,43969,ESP,Ferran TORRES,0.0,0.0,0.0,2.0,Forward
492859,151649,43969,ESP,Victor MUNOZ,0.0,0.0,0.0,0.0,Forward
430735,151649,43969,ESP,Marc CUCURELLA,0.0,0.0,0.0,1.0,Defender
474973,151649,43969,ESP,Pau CUBARSI,0.0,0.0,0.0,0.0,Defender
430144,151649,43969,ESP,Pedro PORRO,0.0,0.0,0.0,0.0,Defender
430718,151649,43969,ESP,Fabian RUIZ,0.0,0.0,0.0,0.0,Midfielder
447866,151649,43969,ESP,GAVI,0.0,0.0,0.0,2.0,Midfielder
430754,151649,43969,ESP,Martin ZUBIMENDI,0.0,0.0,0.0,0.0,Midfielder
382739,151649,43969,ESP,Marcos LLORENTE,0.0,0.0,1.0,1.0,Defender
447864,151649,43969,ESP,Borja IGLESIAS,0.0,0.0,0.0,0.0,Forward
447860,151649,43969,ESP,Alex BAENA,0.0,0.0,0.0,0.0,Midfielder
484691,151649,43969,ESP,Joan GARCIA,0.0,0.0,0.0,0.0,Goalkeeper
484728,151649,43969,ESP,Marc PUBILL,0.0,0.0,0.0,0.0,Defender
430750,151649,43969,ESP,Dani OLMO,0.0,0.0,0.0,0.0,Forward
411375,151649,43969,ESP,RODRI,0.0,0.0,0.0,1.0,Midfielder
484320,151649,43969,ESP,Lamine YAMAL,0.0,0.0,0.0,1.0,Forward
430733,151649,43969,ESP,Mikel MERINO,0.0,0.0,0.0,1.0,Midfielder
335999,151649,43969,ESP,Aymeric LAPORTE,0.0,0.0,0.0,0.0,Defender
447853,151649,43969,ESP,David RAYA,0.0,0.0,0.0,0.0,Goalkeeper
401893,151649,43850,CPV,NUNO DA COSTA,0.0,0.0,1.0,0.0,Midfielder
494314,151649,43850,CPV,TELMO ARCANJO,0.0,0.0,0.0,0.0,Midfielder
373344,151649,43850,CPV,GARRY RODRIGUES,0.0,0.0,0.0,0.0,Midfielder
401894,151649,43850,CPV,JAMIRO MONTEIRO,0.0,0.0,0.0,0.0,Midfielder
297266,151649,43850,CPV,STOPIRA,0.0,0.0,0.0,0.0,Defender
482783,151649,43850,CPV,WAGNER PINA,0.0,0.0,0.0,0.0,Defender
477852,151649,43850,CPV,KEVIN PINA,0.0,0.0,1.0,0.0,Midfielder
477832,151649,43850,CPV,SIDNY LOPES CABRAL,1.0,0.0,2.0,1.0,Defender
433724,151649,43850,CPV,WILLY SEMEDO,0.0,0.0,0.0,0.0,Midfielder
477847,151649,43850,CPV,STEVEN MOREIRA,0.0,0.0,0.0,0.0,Defender
477862,151649,43850,CPV,GILSON BENCHIMOL,0.0,0.0,0.0,0.0,Forward
477770,151649,43850,CPV,PICO LOPES,0.0,0.0,0.0,0.0,Defender
477849,151649,43850,CPV,HELIO VARELA,0.0,0.0,0.0,0.0,Midfielder
477827,151649,43850,CPV,DEROY DUARTE,0.0,0.0,0.0,0.0,Midfielder
406281,151649,43850,CPV,CJ DOS SANTOS,0.0,0.0,0.0,0.0,Goalkeeper
477856,151649,43850,CPV,JOVANE CABRAL,0.0,0.0,0.0,0.0,Midfielder
409241,151649,43850,CPV,DINEY BORGES,0.0,0.0,0.0,0.0,Defender
364752,151649,43850,CPV,VOZINHA,0.0,0.0,1.0,0.0,Goalkeeper
480966,151649,43850,CPV,LAROS DUARTE,0.0,0.0,0.0,0.0,Midfielder
482782,151649,43850,CPV,DAILON LIVRAMENTO,0.0,0.0,1.0,0.0,Forward
494313,151649,43850,CPV,YANNICK SEMEDO,0.0,0.0,0.0,0.0,Midfielder
477855,151649,43850,CPV,JOAO PAULO,0.0,0.0,1.0,0.0,Midfielder
355642,151649,43850,CPV,RYAN MENDES,0.0,0.0,2.0,0.0,Forward
477831,151649,43850,CPV,LOGAN COSTA,0.0,0.0,0.0,0.0,Defender
482780,151649,43850,CPV,KELVIN PIRES,0.0,0.0,0.0,0.0,Defender
407114,151649,43850,CPV,MARCIO ROSA,0.0,0.0,0.0,0.0,Goalkeeper
448364,151643,43935,BEL,Amadou ONANA,0.0,0.0,3.0,1.0,Midfielder
358120,151643,43935,BEL,Kevin DE BRUYNE,0.0,0.0,0.0,0.0,Midfielder
448360,151643,43935,BEL,Brandon MECHELE,0.0,0.0,1.0,2.0,Defender
448362,151643,43935,BEL,Charles DE KETELAERE,0.0,0.0,1.0,0.0,Forward
495349,151643,43935,BEL,Nicolas RASKIN,0.0,0.0,0.0,0.0,Midfielder
448373,151643,43935,BEL,Maxim DE CUYPER,1.0,0.0,0.0,2.0,Defender
358112,151643,43935,BEL,Romelu LUKAKU,0.0,0.0,0.0,0.0,Forward
411443,151643,43935,BEL,Timothy CASTAGNE,1.0,0.0,0.0,1.0,Defender
448341,151643,43935,BEL,Jeremy DOKU,0.0,0.0,5.0,1.0,Forward
401444,151643,43935,BEL,Youri TIELEMANS,0.0,0.0,2.0,1.0,Midfielder
358106,151643,43935,BEL,Thibaut COURTOIS,0.0,0.0,0.0,0.0,Goalkeeper
448355,151643,43935,BEL,Leandro TROSSARD,0.0,0.0,2.0,0.0,Forward
494025,151643,43935,BEL,Matias FERNANDEZ-PARDO,0.0,0.0,0.0,0.0,Forward
448343,151643,43935,BEL,Hans VANAKEN,0.0,0.0,0.0,0.0,Midfielder
358122,151643,43935,BEL,Thomas MEUNIER,0.0,0.0,0.0,5.0,Defender
514166,151643,43935,BEL,Nathan NGOY,0.0,0.0,1.0,2.0,Defender
448346,151643,43935,BEL,Arthur THEATE,,,,,Defender
369267,151643,43855,EGY,YASSER IBRAHIM,0.0,0.0,0.0,0.0,Defender
344661,151643,43855,EGY,RAMY RABIA,0.0,0.0,0.0,0.0,Defender
495488,151643,43855,EGY,HAMZA ABDELKARIM,0.0,0.0,0.0,0.0,Forward
483161,151643,43855,EGY,MOSTAFA ZICO,0.0,0.0,1.0,0.0,Midfielder
461788,151643,43855,EGY,MARAWAN ATTIA,1.0,0.0,0.0,3.0,Midfielder
344654,151643,43855,EGY,MOHAMED SALAH,0.0,0.0,3.0,2.0,Forward
433469,151643,43855,EGY,MOHANAD LASHIN,0.0,0.0,1.0,2.0,Midfielder
433461,151643,43855,EGY,ZIZO,0.0,0.0,0.0,1.0,Forward
430482,151643,43855,EGY,EMAM ASHOUR,0.0,0.0,3.0,0.0,Midfielder
430477,151643,43855,EGY,AHMED FATOUH,1.0,0.0,1.0,2.0,Defender
430476,151643,43855,EGY,OMAR MARMOUSH,0.0,0.0,1.0,2.0,Forward
430465,151643,43855,EGY,IBRAHIM ADEL,0.0,0.0,0.0,0.0,Forward
429095,151643,43855,EGY,HAMDY FATHY,0.0,0.0,2.0,2.0,Midfielder
416906,151643,43855,EGY,MOSTAFA SHOUBIR,0.0,0.0,1.0,0.0,Goalkeeper
408950,151643,43855,EGY,MOHAMED HANY,0.0,0.0,0.0,1.0,Defender
407022,151643,43855,EGY,KARIM HAFEZ,0.0,0.0,0.0,0.0,Defender
512183,151650,43835,KSA,MOHAMMED ABU ALSHAMAT,0.0,0.0,0.0,2.0,Defender
403335,151650,43835,KSA,HASSAN ALTAMBAKTI,0.0,0.0,0.0,0.0,Defender
411624,151650,43835,KSA,ABDULLAH ALKHAIBARI,0.0,0.0,0.0,0.0,Midfielder
339746,151650,43835,KSA,AHMED ALKASSAR,0.0,0.0,0.0,0.0,Goalkeeper
433439,151650,43835,KSA,ALI LAJAMI,0.0,0.0,0.0,0.0,Defender
523333,151650,43835,KSA,ALA ALHAJJI,0.0,0.0,0.0,0.0,Midfielder
419281,151650,43835,KSA,SAUD ABDULHAMID,0.0,0.0,1.0,2.0,Defender
430512,151650,43835,KSA,AIMAN YAHYA,0.0,0.0,0.0,0.0,Forward
419291,151650,43835,KSA,FERAS ALBRIKAN,0.0,0.0,1.0,0.0,Forward
403312,151650,43835,KSA,Abdulelah ALAMRI,1.0,0.0,0.0,1.0,Defender
494506,151650,43835,KSA,JEHAD THIKRI,0.0,0.0,0.0,0.0,Defender
436537,151650,43835,KSA,MUSAB ALJUWAYR,0.0,0.0,0.0,1.0,Midfielder
494800,151650,43835,KSA,SULTAN MANDASH,0.0,0.0,0.0,0.0,Forward
407993,151650,43835,KSA,MOHAMED KANNO,0.0,0.0,0.0,0.0,Midfielder
419302,151650,43835,KSA,ABDULLAH ALHAMDDAN,0.0,0.0,0.0,0.0,Forward
339745,151650,43835,KSA,SALEM ALDAWSARI,0.0,0.0,0.0,1.0,Forward
403319,151650,43835,KSA,NASSER ALDAWSARI,0.0,0.0,0.0,3.0,Midfielder
430518,151650,43835,KSA,NAWAF BU WASHL,0.0,0.0,0.0,1.0,Defender
401924,151650,43835,KSA,HASSAN KADISH,0.0,0.0,0.0,0.0,Defender
425804,151650,43835,KSA,SALEH ALSHEHRI,0.0,0.0,0.0,0.0,Forward
419300,151650,43835,KSA,KHALID ALGHANNAM,0.0,0.0,0.0,0.0,Forward
436538,151650,43835,KSA,ZIYAD ALJOHANI,0.0,0.0,0.0,0.0,Midfielder
396885,151650,43835,KSA,MOHAMMED ALOWAIS,0.0,0.0,1.0,0.0,Goalkeeper
419326,151650,43835,KSA,ALI MAJRASHI,0.0,0.0,0.0,0.0,Defender
419287,151650,43835,KSA,NAWAF ALAQIDI,0.0,0.0,0.0,0.0,Goalkeeper
419303,151650,43835,KSA,MOTEB ALHARBI,0.0,0.0,3.0,0.0,Defender
419100,151650,43930,URU,Maxi ARAUJO,0.0,0.0,3.0,1.0,Midfielder
402884,151650,43930,URU,Federico VALVERDE,0.0,0.0,0.0,1.0,Midfielder
419101,151650,43930,URU,Ronald ARAUJO,0.0,0.0,0.0,0.0,Defender
402895,151650,43930,URU,Matias VINA,0.0,0.0,1.0,0.0,Defender
402876,151650,43930,URU,Agustin CANOBBIO,0.0,0.0,1.0,0.0,Midfielder
368655,151650,43930,URU,Jose Maria GIMENEZ,0.0,0.0,0.0,0.0,Defender
439956,151650,43930,URU,Facundo PELLISTRI,0.0,0.0,0.0,0.0,Forward
368664,151650,43930,URU,Sergio ROCHET,0.0,0.0,0.0,0.0,Goalkeeper
477536,151650,43930,URU,Federico VINAS,0.0,0.0,0.0,0.0,Forward
386538,151650,43930,URU,Rodrigo BENTANCUR,0.0,0.0,2.0,1.0,Midfielder
402904,151650,43930,URU,Santiago BUENO,0.0,0.0,0.0,0.0,Defender
419142,151650,43930,URU,Rodrigo ZALAZAR,0.0,0.0,0.0,0.0,Midfielder
229498,151650,43930,URU,Fernando MUSLERA,0.0,0.0,0.0,0.0,Goalkeeper
332897,151650,43930,URU,Rodrigo AGUIRRE,0.0,0.0,0.0,0.0,Forward
402897,151650,43930,URU,Santiago MELE,0.0,0.0,0.0,0.0,Goalkeeper
419134,151650,43930,URU,Juan Manuel SANABRIA,0.0,0.0,0.0,0.0,Midfielder
439538,151650,43930,URU,Joaquin PIQUEREZ,0.0,0.0,0.0,0.0,Midfielder
402893,151650,43930,URU,Mathias OLIVERA,0.0,0.0,0.0,0.0,Defender
402898,151650,43930,URU,Nicolas DE LA CRUZ,0.0,0.0,1.0,0.0,Midfielder
419108,151650,43930,URU,Sebastian CACERES,0.0,0.0,2.0,1.0,Defender
368660,151650,43930,URU,Guillermo VARELA,0.0,0.0,0.0,1.0,Defender
419132,151650,43930,URU,Brian RODRIGUEZ,0.0,0.0,1.0,0.0,Forward
419126,151650,43930,URU,Darwin NUNEZ,0.0,0.0,0.0,1.0,Forward
441623,151650,43930,URU,Manuel UGARTE,0.0,0.0,0.0,0.0,Midfielder
368652,151650,43930,URU,Giorgian DE ARRASCAETA,0.0,0.0,0.0,0.0,Midfielder
473062,151650,43930,URU,Emiliano MARTINEZ,0.0,0.0,0.0,0.0,Midfielder
379886,151644,43817,IRN,Alireza JAHANBAKHSH,0.0,0.0,0.0,0.0,Midfielder
481180,151644,43817,IRN,Shahriyar MOGHANLOO,0.0,0.0,1.0,1.0,Forward
390537,151644,43817,IRN,Milad MOHAMMADI,0.0,0.0,0.0,0.0,Defender
448507,151644,43817,IRN,Payam NIAZMAND,0.0,0.0,0.0,0.0,Goalkeeper
390534,151644,43817,IRN,Hossein KANANI,0.0,0.0,0.0,0.0,Defender
448505,151644,43817,IRN,Saleh HARDANI,0.0,0.0,0.0,0.0,Defender
390535,151644,43817,IRN,Mehdi TORABI,0.0,0.0,0.0,0.0,Midfielder
448497,151644,43817,IRN,Mohammad MOHEBBI,0.0,0.0,0.0,0.0,Midfielder
388475,151644,43817,IRN,Mehdi TAREMI,0.0,0.0,1.0,0.0,Forward
384797,151644,43817,IRN,Ramin REZAEIAN,0.0,0.0,2.0,0.0,Defender
481181,151644,43817,IRN,Arya YOUSEFI,0.0,0.0,1.0,0.0,Defender
403236,151644,43817,IRN,Mehdi GHAYEDI,0.0,0.0,1.0,2.0,Forward
494429,151644,43817,IRN,Danial IRI,0.0,0.0,0.0,0.0,Defender
411644,151644,43817,IRN,Saman GHODDOS,0.0,0.0,0.0,0.0,Midfielder
489603,151644,43817,IRN,Ali NEMATI,0.0,0.0,0.0,1.0,Defender
346743,151644,43817,IRN,Shoja KHALILZADEH,0.0,0.0,0.0,2.0,Defender
405639,151644,43817,IRN,Amirhossein Hosseinzadeh,0.0,0.0,0.0,0.0,Forward
406595,151644,43817,IRN,Roozbeh CHESHMI,0.0,0.0,0.0,0.0,Midfielder
314255,151644,43817,IRN,Hossein HOSSEINI,0.0,0.0,0.0,0.0,Goalkeeper
416989,151644,43817,IRN,Ali Alipour,0.0,0.0,1.0,1.0,Forward
475921,151644,43817,IRN,Amirmohammad RAZAGHINIA,0.0,0.0,0.0,0.0,Midfielder
288961,151644,43817,IRN,Ehsan HAJISAFI,1.0,0.0,1.0,1.0,Defender
519837,151644,43817,IRN,Dennis DARGAHI,0.0,0.0,0.0,0.0,Forward
482670,151644,43817,IRN,Mohammad GHORBANI,0.0,0.0,0.0,0.0,Midfielder
371736,151644,43817,IRN,Saeid EZATOLAHI,0.0,0.0,0.0,2.0,Midfielder
380007,151644,43817,IRN,Alireza BEIRANVAND,0.0,0.0,0.0,0.0,Goalkeeper
405454,151644,43978,NZL,Elijah JUST,0.0,0.0,2.0,1.0,Midfielder
440748,151644,43978,NZL,Francis DE VRIES,0.0,0.0,0.0,0.0,Defender
419577,151644,43978,NZL,Ben WAINE,0.0,0.0,0.0,0.0,Forward
423595,151644,43978,NZL,Marko STAMENIC,0.0,0.0,0.0,2.0,Midfielder
371142,151644,43978,NZL,Alex RUFER,0.0,0.0,0.0,0.0,Midfielder
390209,151644,43978,NZL,Sarpreet SINGH,0.0,0.0,0.0,1.0,Midfielder
331463,151644,43978,NZL,Tim PAYNE,0.0,0.0,1.0,1.0,Defender
482775,151644,43978,NZL,Tyler BINDON,0.0,0.0,1.0,0.0,Defender
423574,151644,43978,NZL,Alex PAULSEN,0.0,0.0,0.0,0.0,Goalkeeper
423575,151644,43978,NZL,Ben OLD,0.0,0.0,0.0,0.0,Midfielder
368535,151644,43978,NZL,Max CROCOMBE,0.0,0.0,1.0,0.0,Goalkeeper
390181,151644,43978,NZL,Joe BELL,0.0,0.0,0.0,1.0,Midfielder
419572,151644,43978,NZL,Nando PIJNAKER,0.0,0.0,0.0,0.0,Defender
261367,151644,43978,NZL,Michael BOXALL,0.0,0.0,1.0,0.0,Defender
419567,151644,43978,NZL,Callan ELLIOT,0.0,0.0,0.0,0.0,Defender
274078,151644,43978,NZL,Chris WOOD,0.0,0.0,0.0,0.0,Forward
405469,151644,43978,NZL,Liberato CACACE,0.0,0.0,1.0,0.0,Defender
390196,151644,43978,NZL,Callum McCOWATT,0.0,0.0,1.0,0.0,Midfielder
484817,151644,43978,NZL,Lachlan BAYLISS,0.0,0.0,0.0,0.0,Midfielder
274102,151644,43978,NZL,Tommy SMITH,0.0,0.0,0.0,0.0,Defender
390218,151644,43978,NZL,Michael WOUD,0.0,0.0,0.0,0.0,Goalkeeper
463580,151644,43978,NZL,Finn SURMAN,0.0,0.0,1.0,0.0,Defender
336641,151644,43978,NZL,Ryan THOMAS,0.0,0.0,1.0,2.0,Midfielder
269592,151644,43978,NZL,Kosta BARBAROUSES,0.0,0.0,0.0,0.0,Forward
416652,151644,43978,NZL,Jesse RANDALL,0.0,0.0,0.0,0.0,Forward
431861,151656,43946,FRA,Rayan CHERKI,0.0,0.0,1.0,0.0,Midfielder
485677,151656,43946,FRA,Manu KONE,0.0,0.0,0.0,0.0,Midfielder
419166,151656,43946,FRA,Ibrahima KONATE,0.0,0.0,0.0,0.0,Defender
389876,151656,43946,FRA,Dayot UPAMECANO,0.0,0.0,1.0,1.0,Defender
408042,151656,43946,FRA,Theo HERNANDEZ,0.0,0.0,0.0,0.0,Defender
484860,151656,43946,FRA,Bradley BARCOLA,0.0,0.0,0.0,0.0,Forward
448332,151656,43946,FRA,Mike MAIGNAN,0.0,0.0,1.0,0.0,Goalkeeper
464055,151656,43946,FRA,Malo GUSTO,0.0,0.0,0.0,0.0,Defender
398681,151656,43946,FRA,Ngolo KANTE,0.0,0.0,0.0,0.0,Midfielder
405881,151656,43946,FRA,Maxence Lacroix,0.0,0.0,0.0,0.0,Defender
419177,151656,43946,FRA,William SALIBA,0.0,0.0,0.0,0.0,Defender
368860,151656,43946,FRA,Lucas Digne,0.0,0.0,0.0,0.0,Defender
430707,151656,43946,FRA,Jules KOUNDE,0.0,0.0,0.0,1.0,Defender
405893,151656,43946,FRA,Aurelien TCHOUAMENI,0.0,0.0,0.0,0.0,Midfielder
483549,151656,43946,FRA,Warren ZAIRE-EMERY,0.0,0.0,0.0,0.0,Midfielder
483471,151656,43946,FRA,Brice SAMBA,0.0,0.0,0.0,0.0,Goalkeeper
403109,151656,43946,FRA,Marcus THURAM,0.0,0.0,0.0,0.0,Forward
464127,151656,43946,FRA,Robin RISSER,0.0,0.0,0.0,0.0,Goalkeeper
402047,151656,43946,FRA,Adrien RABIOT,0.0,0.0,0.0,1.0,Midfielder
403094,151656,43946,FRA,Jean-Philippe MATETA,0.0,0.0,0.0,0.0,Forward
411470,151656,43946,FRA,Lucas HERNANDEZ,0.0,0.0,0.0,0.0,Defender
485655,151656,43946,FRA,Michael OLISE,0.0,0.0,2.0,0.0,Forward
485666,151656,43946,FRA,Maghnes AKLIOUCHE,0.0,0.0,0.0,0.0,Midfielder
464114,151656,43946,FRA,Desire DOUE,0.0,0.0,1.0,0.0,Forward
398680,151656,43946,FRA,Ousmane DEMBELE,0.0,0.0,1.0,0.0,Forward
389867,151656,43946,FRA,Kylian MBAPPE,0.0,0.0,1.0,2.0,Forward
353790,151656,43879,SEN,Sadio MANE,0.0,0.0,3.0,0.0,Forward
430671,151656,43879,SEN,Ismail JAKOBS,0.0,0.0,0.0,0.0,Defender
499800,151656,43879,SEN,Mamadou SARR,0.0,0.0,0.0,0.0,Defender
464842,151656,43879,SEN,Lamine CAMARA,0.0,0.0,0.0,2.0,Midfielder
448815,151656,43879,SEN,Iliman NDIAYE,0.0,0.0,0.0,0.0,Forward
332314,151656,43879,SEN,Idrissa Gana GUEYE,0.0,0.0,0.0,1.0,Midfielder
496358,151656,43879,SEN,Ibrahim MBAYE,0.0,0.0,0.0,0.0,Forward
418798,151656,43879,SEN,Pape Matar SARR,0.0,0.0,0.0,0.0,Midfielder
430690,151656,43879,SEN,Moussa Niakhate,0.0,0.0,1.0,0.0,Defender
431788,151656,43879,SEN,Pape GUEYE,0.0,0.0,0.0,1.0,Midfielder
484698,151656,43879,SEN,Assane DIAO,0.0,0.0,0.0,0.0,Forward
401889,151656,43879,SEN,Ismaila SARR,0.0,0.0,0.0,0.0,Forward
494279,151656,43879,SEN,Antoine MENDY,0.0,0.0,0.0,0.0,Defender
448825,151656,43879,SEN,Pathe CISS,0.0,0.0,0.0,0.0,Midfielder
370171,151656,43879,SEN,Abdoulaye Seck,0.0,0.0,0.0,0.0,Defender
464865,151656,43879,SEN,El Hadji Malick DIOUF,0.0,0.0,0.0,1.0,Defender
486130,151656,43879,SEN,Habib DIARRA,0.0,0.0,1.0,2.0,Midfielder
433806,151656,43879,SEN,Edouard MENDY,0.0,0.0,0.0,0.0,Goalkeeper
339820,151656,43879,SEN,Kalidou KOULIBALY,0.0,0.0,0.0,0.0,Defender
523354,151656,43879,SEN,Bara Sapoko NDIAYE,0.0,0.0,0.0,0.0,Midfielder
494277,151656,43879,SEN,Yehvann DIOUF,0.0,0.0,0.0,0.0,Goalkeeper
448821,151656,43879,SEN,Mory DIAW,0.0,0.0,0.0,0.0,Goalkeeper
403642,151656,43879,SEN,Krepin DIATTA,0.0,0.0,0.0,0.0,Defender
418781,151656,43879,SEN,Bamba DIENG,0.0,0.0,0.0,0.0,Forward
486168,151656,43879,SEN,Cherif NDIAYE,0.0,0.0,0.0,0.0,Forward
418795,151656,43879,SEN,Nicolas JACKSON,0.0,0.0,0.0,2.0,Forward
433571,151655,43818,IRQ,AHMED BASIL,0.0,0.0,0.0,0.0,Goalkeeper
434025,151655,43818,IRQ,ZAID TAHSEEN,1.0,0.0,2.0,3.0,Defender
479553,151655,43818,IRQ,Hussein Ali,0.0,0.0,0.0,1.0,Defender
434029,151655,43818,IRQ,ALI YOUSIF,0.0,0.0,0.0,0.0,Forward
464457,151655,43818,IRQ,ALI JASIM,0.0,0.0,0.0,0.0,Forward
484262,151655,43818,IRQ,MARKO FARJI,0.0,0.0,1.0,0.0,Forward
434026,151655,43818,IRQ,ZIDANE IQBAL,0.0,0.0,0.0,0.0,Midfielder
479056,151655,43818,IRQ,MUSTAFA SAADOON,0.0,0.0,0.0,2.0,Defender
464458,151655,43818,IRQ,YOUSSEF AMYN,0.0,0.0,0.0,0.0,Midfielder
506069,151655,43818,IRQ,KEVIN YAKOB,0.0,0.0,0.0,0.0,Midfielder
436863,151655,43818,IRQ,FRANS PUTROS,0.0,0.0,0.0,0.0,Defender
434024,151655,43818,IRQ,MUNAF YOUNUS,0.0,0.0,0.0,0.0,Defender
433585,151655,43818,IRQ,IBRAHIM BAYESH,0.0,0.0,2.0,0.0,Midfielder
493983,151655,43818,IRQ,AIMAR SHER,0.0,0.0,0.0,0.0,Midfielder
422968,151655,43818,IRQ,MOHANAD ALI,0.0,0.0,0.0,0.0,Forward
347085,151655,43818,IRQ,JALAL HASSAN,0.0,0.0,1.0,0.0,Goalkeeper
479072,151655,43818,IRQ,MERCHAS DOSKI,0.0,0.0,4.0,0.0,Defender
368744,151655,43818,IRQ,FAHAD TALIB,0.0,0.0,0.0,0.0,Goalkeeper
436628,151655,43818,IRQ,ALI ALHAMADI,0.0,0.0,0.0,1.0,Forward
433074,151655,43818,IRQ,AMIR ALAMMARI,0.0,0.0,0.0,1.0,Midfielder
484276,151655,43818,IRQ,AHMED MAKNAZI,0.0,0.0,0.0,0.0,Defender
481183,151655,43818,IRQ,AKAM HASHIM,0.0,0.0,2.0,0.0,Defender
523236,151655,43818,IRQ,AHMED QASEM,0.0,0.0,0.0,0.0,Forward
484270,151655,43818,IRQ,ZAID ISMAEL,0.0,0.0,0.0,2.0,Midfielder
395186,151655,43818,IRQ,AYMEN HUSSEIN,0.0,0.0,1.0,2.0,Forward
396158,151655,43818,IRQ,REBIN SULAKA,0.0,0.0,0.0,0.0,Defender
489696,151655,43961,NOR,Sondre LANGAS,0.0,0.0,0.0,0.0,Defender
494625,151655,43961,NOR,Marcus HOLMGREN PEDERSEN,0.0,0.0,0.0,0.0,Defender
483497,151655,43961,NOR,Fredrik AURSNES,0.0,0.0,0.0,0.0,Midfielder
477470,151655,43961,NOR,Oscar BOBB,0.0,0.0,0.0,0.0,Midfielder
494626,151655,43961,NOR,Andreas SCHJELDERUP,0.0,0.0,1.0,0.0,Midfielder
483448,151655,43961,NOR,Antonio NUSA,0.0,0.0,2.0,0.0,Forward
433067,151655,43961,NOR,Morten Thorsby,0.0,0.0,0.0,0.0,Midfielder
419662,151655,43961,NOR,Jorgen STRAND LARSEN,0.0,0.0,0.0,0.0,Forward
520112,151655,43961,NOR,Henrik FALCHENER,0.0,0.0,0.0,0.0,Defender
483442,151655,43961,NOR,Patrick BERG,0.0,0.0,0.0,0.0,Midfielder
514479,151655,43961,NOR,Sander TANGVIK,0.0,0.0,0.0,0.0,Goalkeeper
419652,151655,43961,NOR,Erling HAALAND,0.0,0.0,3.0,2.0,Forward
483496,151655,43961,NOR,Julian RYERSON,0.0,0.0,0.0,2.0,Forward
491244,151655,43961,NOR,Torbjorn HEGGEM,0.0,0.0,0.0,1.0,Defender
483505,151655,43961,NOR,David MOLLER WOLFE,0.0,0.0,1.0,3.0,Defender
404645,151655,43961,NOR,Sander BERGE,0.0,0.0,1.0,1.0,Midfielder
483535,151655,43961,NOR,Egil SELVIK,0.0,0.0,0.0,0.0,Goalkeeper
419654,151655,43961,NOR,Jens Petter HAUGE,0.0,0.0,0.0,0.0,Midfielder
398588,151655,43961,NOR,Alexander SORLOTH,0.0,0.0,1.0,3.0,Forward
494627,151655,43961,NOR,Thelo AASGAARD,0.0,0.0,0.0,0.0,Midfielder
373235,151655,43961,NOR,Orjan NYLAND,0.0,0.0,0.0,0.0,Goalkeeper
419681,151655,43961,NOR,Kristian Thorstvedt,0.0,0.0,0.0,0.0,Midfielder
419672,151655,43961,NOR,Leo OSTIGARD,0.0,0.0,0.0,0.0,Defender
483516,151655,43961,NOR,Kristoffer AJER,0.0,0.0,1.0,0.0,Defender
400716,151655,43961,NOR,Martin ODEGAARD,0.0,0.0,1.0,1.0,Midfielder
483530,151655,43961,NOR,Fredrik Andre BJORKAN,0.0,0.0,0.0,0.0,Defender
463661,151662,43922,ARG,Valentin BARCO,0.0,0.0,0.0,0.0,Midfielder
441422,151662,43922,ARG,Nico PAZ,0.0,0.0,0.0,1.0,Forward
395414,151662,43922,ARG,Giovani Lo Celso,0.0,0.0,0.0,0.0,Midfielder
448252,151662,43922,ARG,Enzo FERNANDEZ,0.0,0.0,1.0,1.0,Midfielder
418975,151662,43922,ARG,Thiago ALMADA,0.0,0.0,1.0,0.0,Forward
431196,151662,43922,ARG,Cristian ROMERO,0.0,0.0,1.0,2.0,Defender
229397,151662,43922,ARG,Lionel MESSI,0.0,0.0,1.0,1.0,Forward
402926,151662,43922,ARG,Gonzalo MONTIEL,0.0,0.0,0.0,1.0,Defender
394824,151662,43922,ARG,Geronimo RULLI,0.0,0.0,0.0,0.0,Goalkeeper
308300,151662,43922,ARG,Emiliano MARTINEZ,0.0,0.0,0.0,0.0,Goalkeeper
430631,151662,43922,ARG,Nico GONZALEZ,0.0,0.0,0.0,0.0,Midfielder
402921,151662,43922,ARG,Lisandro MARTINEZ,0.0,0.0,0.0,0.0,Defender
495054,151662,43922,ARG,Jose Manuel LOPEZ,0.0,0.0,0.0,0.0,Forward
402920,151662,43922,ARG,Lautaro MARTINEZ,0.0,0.0,0.0,2.0,Forward
418963,151662,43922,ARG,Facundo MEDINA,0.0,0.0,1.0,2.0,Defender
428882,151662,43922,ARG,Rodrigo DE PAUL,0.0,0.0,1.0,0.0,Midfielder
402925,151662,43922,ARG,Nahuel MOLINA,0.0,0.0,0.0,0.0,Defender
308322,151662,43922,ARG,Nicolas TAGLIAFICO,0.0,0.0,0.0,0.0,Defender
430624,151662,43922,ARG,Juan MUSSO,0.0,0.0,0.0,0.0,Goalkeeper
310116,151662,43922,ARG,Nicolas OTAMENDI,0.0,0.0,0.0,0.0,Defender
389485,151662,43922,ARG,Exequiel PALACIOS,0.0,0.0,0.0,0.0,Midfielder
430628,151662,43922,ARG,Alexis MAC ALLISTER,0.0,0.0,1.0,2.0,Midfielder
485595,151662,43922,ARG,Giuliano SIMEONE,0.0,0.0,0.0,0.0,Forward
332847,151662,43922,ARG,Leandro PAREDES,0.0,0.0,0.0,0.0,Midfielder
402934,151662,43922,ARG,Marcos SENESI,0.0,0.0,0.0,0.0,Midfielder
416081,151662,43922,ARG,Julian ALVAREZ,0.0,0.0,0.0,1.0,Forward
511009,151662,43843,ALG,Rafik BELGHALI,0.0,0.0,0.0,2.0,Defender
482874,151662,43843,ALG,Anis HADJ MOUSSA,0.0,0.0,1.0,0.0,Forward
441350,151662,43843,ALG,Hicham BOUDAOUI,0.0,0.0,0.0,2.0,Midfielder
512127,151662,43843,ALG,Achref ABADA,0.0,0.0,0.0,0.0,Defender
477790,151662,43843,ALG,Mohamed AMOURA,0.0,0.0,0.0,1.0,Forward
433679,151662,43843,ALG,Ramiz ZERROUKI,0.0,0.0,0.0,0.0,Midfielder
512132,151662,43843,ALG,Adil BOULBINA,0.0,0.0,0.0,0.0,Forward
477795,151662,43843,ALG,Fares CHAIBI,0.0,0.0,0.0,1.0,Midfielder
389879,151662,43843,ALG,Luca ZIDANE,0.0,0.0,0.0,0.0,Goalkeeper
520072,151662,43843,ALG,Fares GHEDJEMIS,0.0,0.0,0.0,0.0,Forward
520071,151662,43843,ALG,Nadhir BENBOUALI,0.0,0.0,0.0,0.0,Forward
405877,151662,43843,ALG,Amine GOUIRI,0.0,0.0,1.0,1.0,Forward
431858,151662,43843,ALG,Rayan AIT-NOURI,0.0,0.0,1.0,1.0,Defender
477817,151662,43843,ALG,Oussama BENBOT,0.0,0.0,0.0,0.0,Goalkeeper
379942,151662,43843,ALG,Riyad Mahrez,0.0,0.0,1.0,0.0,Forward
511010,151662,43843,ALG,Samir CHERGUI,0.0,0.0,0.0,0.0,Defender
480983,151662,43843,ALG,Zineddine BELAID,0.0,0.0,0.0,0.0,Defender
433631,151662,43843,ALG,Yassine TITRAOUI,0.0,0.0,0.0,0.0,Midfielder
482869,151662,43843,ALG,Jaouen HADJAM,0.0,0.0,0.0,0.0,Defender
433600,151662,43843,ALG,Mohamed Amine TOUGAI,0.0,0.0,0.0,0.0,Defender
376285,151662,43843,ALG,Aissa MANDI,0.0,0.0,4.0,0.0,Defender
520070,151662,43843,ALG,Melvin MASTIL,0.0,0.0,0.0,0.0,Goalkeeper
395113,151662,43843,ALG,Ramy BENSEBAINI,0.0,0.0,2.0,0.0,Defender
494291,151662,43843,ALG,Ibrahim MAZA,0.0,0.0,2.0,0.0,Midfielder
379939,151662,43843,ALG,Nabil Bentaleb,0.0,0.0,0.0,0.0,Midfielder
430698,151662,43843,ALG,Houssem Aouar,0.0,0.0,1.0,0.0,Midfielder
375600,151661,43934,AUT,Alessandro SCHOEPF,0.0,0.0,0.0,0.0,Midfielder
385259,151661,43934,AUT,Konrad LAIMER,0.0,0.0,0.0,3.0,Midfielder
316002,151661,43934,AUT,David ALABA,0.0,0.0,0.0,0.0,Defender
372243,151661,43934,AUT,Philipp Lienhart,0.0,0.0,0.0,0.0,Defender
463287,151661,43934,AUT,Marco FRIEDL,0.0,0.0,0.0,0.0,Defender
441065,151661,43934,AUT,Patrick PENTZ,0.0,0.0,0.0,0.0,Goalkeeper
441088,151661,43934,AUT,Nicolas SEIWALD,0.0,0.0,1.0,1.0,Midfielder
358241,151661,43934,AUT,Marcel SABITZER,1.0,0.0,0.0,0.0,Midfielder
463286,151661,43934,AUT,Patrick WIMMER,0.0,0.0,0.0,0.0,Forward
430100,151661,43934,AUT,Sasa KALAJDZIC,0.0,0.0,2.0,1.0,Forward
463288,151661,43934,AUT,Phillip MWENE,0.0,0.0,0.0,1.0,Defender
463282,151661,43934,AUT,Alexander PRASS,0.0,0.0,0.0,0.0,Midfielder
491269,151661,43934,AUT,Michael SVOBODA,0.0,0.0,0.0,0.0,Defender
405263,151661,43934,AUT,Kevin Danso,0.0,0.0,1.0,0.0,Defender
299200,151661,43934,AUT,Marko ARNAUTOVIC,0.0,0.0,1.0,0.0,Forward
520036,151661,43934,AUT,Paul WANNER,0.0,0.0,0.0,0.0,Midfielder
385248,151661,43934,AUT,Florian GRILLITSCH,0.0,0.0,0.0,0.0,Midfielder
463800,151661,43934,AUT,Carney CHUKWUEMEKA,0.0,0.0,0.0,1.0,Midfielder
371739,151661,43934,AUT,Alexander SCHLAGER,0.0,0.0,0.0,0.0,Goalkeeper
401131,151661,43934,AUT,Michael Gregoritsch,0.0,0.0,0.0,0.0,Forward
463283,151661,43934,AUT,Romano SCHMID,0.0,0.0,0.0,0.0,Midfielder
520035,151661,43934,AUT,David AFFENGRUBER,0.0,0.0,0.0,0.0,Defender
441067,151661,43934,AUT,Stefan POSCH,0.0,0.0,1.0,3.0,Defender
385531,151661,43934,AUT,Xaver Schlager,0.0,0.0,0.0,2.0,Midfielder
520034,151661,43934,AUT,Florian WIEGELE,0.0,0.0,0.0,0.0,Goalkeeper
441068,151661,43934,AUT,Dejan LJUBICIC,0.0,0.0,0.0,0.0,Midfielder
397894,151661,43820,JOR,YAZEED ABULAILA,0.0,0.0,0.0,0.0,Goalkeeper
396950,151661,43820,JOR,MAHMOUD ALMARDI,0.0,0.0,0.0,0.0,Forward
483127,151661,43820,JOR,NOUR BANIATEYAH,0.0,0.0,0.0,0.0,Goalkeeper
489551,151661,43820,JOR,MOHAMMAD ABUALNADI,0.0,0.0,0.0,0.0,Defender
433526,151661,43820,JOR,MOHAMMAD ABUHASHEESH,0.0,0.0,0.0,0.0,Defender
433527,151661,43820,JOR,ABDALLAH NASIB,0.0,0.0,1.0,1.0,Defender
389437,151661,43820,JOR,EHSAN HADDAD,0.0,0.0,1.0,0.0,Defender
431211,151661,43820,JOR,MOUSA ALTAMARI,0.0,0.0,1.0,1.0,Forward
520068,151661,43820,JOR,MOHAMMAD ABUGHOUSH,0.0,0.0,0.0,0.0,Midfielder
479389,151661,43820,JOR,MOHANNAD ABUTAHA,0.0,0.0,2.0,1.0,Midfielder
431208,151661,43820,JOR,MOHAMMAD ABUZRAIQ,0.0,0.0,0.0,0.0,Forward
431230,151661,43820,JOR,NOOR ALRAWABDEH,0.0,0.0,0.0,0.0,Midfielder
499102,151661,43820,JOR,SALEEM OBAID,0.0,0.0,0.0,1.0,Defender
498514,151661,43820,JOR,ALI AZAIZEH,0.0,0.0,0.0,0.0,Forward
431223,151661,43820,JOR,ABDALLAH ALFAKHORI,0.0,0.0,0.0,0.0,Goalkeeper
431219,151661,43820,JOR,SAED ALROSAN,0.0,0.0,0.0,0.0,Defender
431225,151661,43820,JOR,YAZAN ALARAB,0.0,0.0,0.0,0.0,Defender
431212,151661,43820,JOR,ALI OLWAN,0.0,0.0,2.0,0.0,Forward
45191,151661,43820,JOR,MOHAMMAD ALDAOUD,0.0,0.0,0.0,0.0,Midfielder
433534,151661,43820,JOR,NIZAR ALRASHDAN,0.0,0.0,1.0,3.0,Midfielder
384850,151661,43820,JOR,RAJAEI AYED,0.0,0.0,0.0,0.0,Midfielder
491167,151661,43820,JOR,AMER JAMOUS,0.0,0.0,0.0,0.0,Midfielder
489550,151661,43820,JOR,HUSAM ABUDAHAB,0.0,0.0,0.0,0.0,Defender
511889,151661,43820,JOR,ANAS BADAWI,0.0,0.0,0.0,0.0,Defender
431209,151661,43820,JOR,IBRAHIM SADEH,0.0,0.0,0.0,0.0,Midfielder
511875,151661,43820,JOR,ODEH FAKHOURY,0.0,0.0,3.0,0.0,Forward
395212,151668,43963,POR,NELSON SEMEDO,1.0,0.0,0.0,1.0,Defender
441148,151668,43963,POR,MATHEUS NUNES,0.0,0.0,0.0,0.0,Midfielder
395205,151668,43963,POR,BERNARDO SILVA,1.0,0.0,0.0,1.0,Midfielder
441149,151668,43963,POR,VITINHA,0.0,0.0,0.0,1.0,Midfielder
489704,151668,43963,POR,RENATO VEIGA,0.0,0.0,1.0,1.0,Defender
492358,151668,43963,POR,TOMAS ARAUJO,1.0,0.0,0.0,1.0,Defender
395206,151668,43963,POR,BRUNO FERNANDES,0.0,0.0,2.0,1.0,Midfielder
403001,151668,43963,POR,DIOGO COSTA,0.0,0.0,0.0,0.0,Goalkeeper
418535,151668,43963,POR,JOAO FELIX,0.0,0.0,0.0,0.0,Forward
484141,151668,43963,POR,JOAO NEVES,0.0,0.0,1.0,0.0,Midfielder
448092,151668,43963,POR,RUI SILVA,0.0,0.0,0.0,0.0,Goalkeeper
441146,151668,43963,POR,GONCALO INACIO,0.0,0.0,0.0,0.0,Defender
395216,151668,43963,POR,RUBEN NEVES,0.0,0.0,0.0,0.0,Midfielder
384752,151668,43963,POR,RUBEN DIAS,0.0,0.0,0.0,0.0,Defender
368689,151668,43963,POR,JOSE SA,0.0,0.0,0.0,0.0,Goalkeeper
384751,151668,43963,POR,GONCALO GUEDES,0.0,0.0,0.0,0.0,Forward
403002,151668,43963,POR,DIOGO DALOT,0.0,0.0,0.0,0.0,Defender
418550,151668,43963,POR,RAFAEL LEAO,0.0,0.0,0.0,0.0,Forward
201200,151668,43963,POR,CRISTIANO RONALDO,0.0,0.0,0.0,0.0,Forward
433195,151668,43963,POR,NUNO MENDES,0.0,0.0,3.0,0.0,Defender
418561,151668,43963,POR,FRANCISCO TRINCAO,0.0,0.0,0.0,0.0,Forward
485081,151668,43963,POR,FRANCISCO CONCEICAO,0.0,0.0,0.0,1.0,Forward
491216,151668,43963,POR,SAMU COSTA,0.0,0.0,0.0,0.0,Defender
368649,151668,43963,POR,JOAO CANCELO,0.0,0.0,1.0,2.0,Defender
448081,151668,43963,POR,GONCALO RAMOS,0.0,0.0,0.0,0.0,Forward
418548,151668,43963,POR,PEDRO NETO,0.0,0.0,1.0,0.0,Forward
514171,151668,20014,COD,Matthieu EPOLO,0.0,0.0,0.0,0.0,Goalkeeper
433076,151668,20014,COD,Samuel Moutoussamy,0.0,0.0,1.0,2.0,Midfielder
477833,151668,20014,COD,Joris KAYEMBE,0.0,0.0,1.0,0.0,Defender
441317,151668,20014,COD,Theo BONGONDA,0.0,0.0,0.0,0.0,Midfielder
477864,151668,20014,COD,Aaron TSHIBOLA,0.0,0.0,0.0,0.0,Midfielder
494458,151668,20014,COD,Ngalayel MUKAU,0.0,0.0,0.0,0.0,Midfielder
441316,151668,20014,COD,Yoane WISSA,0.0,0.0,3.0,3.0,Forward
477859,151668,20014,COD,Fiston MAYELE,0.0,0.0,0.0,0.0,Forward
424119,151668,20014,COD,Nathanael MBUKU,0.0,0.0,0.0,0.0,Midfielder
477853,151668,20014,COD,Gedeon KALULU,0.0,0.0,0.0,0.0,Defender
426357,151668,20014,COD,Aaron WAN-BISSAKA,0.0,0.0,0.0,1.0,Defender
510989,151668,20014,COD,Brian CIPENGA,0.0,0.0,0.0,0.0,Forward
336439,151668,20014,COD,Gael KAKUTA,0.0,0.0,0.0,0.0,Forward
356532,151668,20014,COD,Chancel MBEMBA,1.0,0.0,0.0,1.0,Defender
441313,151668,20014,COD,Lionel MPASI,0.0,0.0,0.0,0.0,Goalkeeper
426506,151668,20014,COD,Meschack ELIA,0.0,0.0,0.0,0.0,Forward
433161,151668,20014,COD,Edo Kayembe,0.0,0.0,2.0,2.0,Midfielder
436572,151668,20014,COD,Arthur MASUAKU,0.0,0.0,1.0,0.0,Defender
336425,151668,20014,COD,Cedric BAKAMBU,0.0,0.0,1.0,1.0,Forward
504329,151668,20014,COD,Steve KAPUADI,0.0,0.0,0.0,0.0,Defender
486147,151668,20014,COD,Noah SADIKI,0.0,0.0,0.0,0.0,Midfielder
477835,151668,20014,COD,Simon BANZA,0.0,0.0,0.0,0.0,Forward
486196,151668,20014,COD,Timothy FAYULU,0.0,0.0,0.0,0.0,Goalkeeper
477829,151668,20014,COD,Dylan BATUBINSIKA,0.0,0.0,0.0,0.0,Defender
403063,151668,20014,COD,Axel Tuanzebe,0.0,0.0,0.0,0.0,Defender
448128,151668,20014,COD,Charles PICKEL,0.0,0.0,0.0,0.0,Midfielder
473113,151673,43942,ENG,Eberechi EZE,0.0,0.0,0.0,0.0,Midfielder
405841,151673,43942,ENG,Marc GUEHI,0.0,0.0,0.0,0.0,Defender
439641,151673,43942,ENG,Reece JAMES,0.0,0.0,0.0,1.0,Defender
506329,151673,43942,ENG,Djed SPENCE,0.0,0.0,0.0,0.0,Defender
482621,151673,43942,ENG,Kobbie MAINOO,0.0,0.0,0.0,0.0,Midfielder
481610,151673,43942,ENG,Elliot ANDERSON,0.0,0.0,2.0,3.0,Midfielder
369434,151673,43942,ENG,John STONES,0.0,0.0,1.0,1.0,Defender
336022,151673,43942,ENG,Jordan PICKFORD,0.0,0.0,1.0,0.0,Goalkeeper
448203,151673,43942,ENG,Ollie WATKINS,0.0,0.0,0.0,0.0,Forward
369419,151673,43942,ENG,Harry KANE,0.0,0.0,1.0,2.0,Forward
463780,151673,43942,ENG,Nico OREILLY,0.0,0.0,1.0,1.0,Defender
433097,151673,43942,ENG,Declan RICE,0.0,0.0,0.0,1.0,Midfielder
492716,151673,43942,ENG,Morgan ROGERS,0.0,0.0,1.0,0.0,Midfielder
448202,151673,43942,ENG,Jude BELLINGHAM,0.0,0.0,1.0,0.0,Midfielder
485080,151673,43942,ENG,James TRAFFORD,0.0,0.0,0.0,0.0,Goalkeeper
401470,151673,43942,ENG,Marcus RASHFORD,0.0,0.0,0.0,0.0,Forward
448198,151673,43942,ENG,Ivan TONEY,0.0,0.0,0.0,0.0,Forward
463809,151673,43942,ENG,Jarell QUANSAH,0.0,0.0,0.0,0.0,Defender
403046,151673,43942,ENG,Dean Henderson,0.0,0.0,0.0,0.0,Goalkeeper
494345,151673,43942,ENG,Dan BURN,0.0,0.0,0.0,0.0,Defender
403049,151673,43942,ENG,Ezri KONSA,0.0,0.0,2.0,1.0,Defender
356189,151673,43942,ENG,Jordan HENDERSON,0.0,0.0,0.0,0.0,Midfielder
448196,151673,43942,ENG,Bukayo SAKA,0.0,0.0,1.0,0.0,Forward
448189,151673,43942,ENG,Anthony GORDON,0.0,0.0,0.0,0.0,Forward
489732,151673,43942,ENG,Noni MADUEKE,0.0,0.0,1.0,0.0,Forward
369029,151673,43938,CRO,Dominik LIVAKOVIC,0.0,0.0,0.0,0.0,Goalkeeper
514526,151673,43938,CRO,Ivor PANDUR,0.0,0.0,0.0,0.0,Goalkeeper
336472,151673,43938,CRO,Andrej KRAMARIC,0.0,0.0,0.0,0.0,Forward
499290,151673,43938,CRO,Luka VUSKOVIC,0.0,0.0,1.0,1.0,Defender
448179,151673,43938,CRO,Dominik KOTARSKI,0.0,0.0,0.0,0.0,Goalkeeper
448160,151673,43938,CRO,Luka SUCIC,0.0,0.0,0.0,0.0,Midfielder
485066,151673,43938,CRO,Petar SUCIC,0.0,0.0,1.0,2.0,Midfielder
485068,151673,43938,CRO,Igor MATANOVIC,0.0,0.0,1.0,2.0,Forward
241559,151673,43938,CRO,Luka MODRIC,0.0,0.0,1.0,1.0,Midfielder
430070,151673,43938,CRO,Ante BUDIMIR,0.0,0.0,0.0,0.0,Forward
389740,151673,43938,CRO,Martin ERLIC,0.0,0.0,0.0,0.0,Defender
409191,151673,43938,CRO,Nikola VLASIC,0.0,0.0,0.0,1.0,Midfielder
372424,151673,43938,CRO,Duje CALETA-CAR,0.0,0.0,0.0,0.0,Defender
448171,151673,43938,CRO,Josip SUTALO,0.0,0.0,0.0,0.0,Defender
339987,151673,43938,CRO,Mateo KOVACIC,0.0,0.0,2.0,1.0,Midfielder
380005,151673,43938,CRO,Mario PASALIC,0.0,0.0,0.0,1.0,Midfielder
359381,151673,43938,CRO,Ivan PERISIC,0.0,0.0,0.0,2.0,Forward
433667,151673,43938,CRO,Josip STANISIC,0.0,0.0,1.0,0.0,Defender
448164,151673,43938,CRO,Kristijan JAKIC,0.0,0.0,0.0,0.0,Defender
389753,151673,43938,CRO,Nikola Moro,0.0,0.0,0.0,0.0,Midfielder
482774,151673,43938,CRO,Martin BATURINA,0.0,0.0,2.0,0.0,Midfielder
482931,151673,43938,CRO,Marco PASALIC,0.0,0.0,0.0,0.0,Forward
389754,151673,43938,CRO,Petar Musa,0.0,0.0,1.0,1.0,Forward
448180,151673,43938,CRO,Josko GVARDIOL,0.0,0.0,0.0,0.0,Defender
448174,151673,43938,CRO,Marin PONGRACIC,0.0,0.0,0.0,0.0,Defender
485065,151673,43938,CRO,Toni FRUK,0.0,0.0,0.0,0.0,Midfielder
506277,151674,43860,GHA,Joseph ANANG,0.0,0.0,0.0,0.0,Goalkeeper
494351,151674,43860,GHA,Jonas ADJETEY,0.0,0.0,0.0,0.0,Defender
448523,151674,43860,GHA,Kamaldeen SULEMANA,0.0,0.0,1.0,1.0,Forward
486213,151674,43860,GHA,Brandon THOMAS-ASANTE,0.0,0.0,0.0,0.0,Forward
448531,151674,43860,GHA,Antoine SEMENYO,0.0,0.0,1.0,2.0,Midfielder
353235,151674,43860,GHA,Jordan AYEW,0.0,0.0,2.0,2.0,Forward
367536,151674,43860,GHA,Baba RAHMAN,0.0,0.0,0.0,0.0,Defender
448525,151674,43860,GHA,Ernest NUAMAH,0.0,0.0,1.0,0.0,Forward
494350,151674,43860,GHA,Christopher Bonsu BAAH,0.0,0.0,0.0,0.0,Forward
386473,151674,43860,GHA,Lawrence Ati ZIGI,0.0,0.0,1.0,0.0,Goalkeeper
441333,151674,43860,GHA,Gideon MENSAH,0.0,0.0,0.0,0.0,Defender
494349,151674,43860,GHA,Benjamin ASARE,0.0,0.0,1.0,0.0,Goalkeeper
411376,151674,43860,GHA,Inaki WILLIAMS,0.0,0.0,0.0,0.0,Forward
507253,151674,43860,GHA,Kwasi SIBO,0.0,0.0,0.0,0.0,Midfielder
441336,151674,43860,GHA,Abdul MUMIN,0.0,0.0,0.0,0.0,Defender
441342,151674,43860,GHA,Abdul FATAWU,0.0,0.0,2.0,0.0,Forward
506279,151674,43860,GHA,Caleb YIRENKYI,1.0,0.0,1.0,1.0,Midfielder
369089,151674,43860,GHA,Thomas PARTEY,0.0,0.0,0.0,0.0,Midfielder
486150,151674,43860,GHA,Jerome OPOKU,0.0,0.0,0.0,0.0,Defender
441341,151674,43860,GHA,Elisha OWUSU,0.0,0.0,0.0,0.0,Midfielder
448522,151674,43860,GHA,Alidu SEIDU,0.0,0.0,0.0,0.0,Defender
511022,151674,43860,GHA,Kojo Peprah OPPONG,0.0,0.0,0.0,0.0,Defender
523173,151674,43860,GHA,Augustine BOAKYE,0.0,0.0,0.0,0.0,Midfielder
520039,151674,43860,GHA,Marvin SENAYA,0.0,0.0,0.0,1.0,Defender
520037,151674,43860,GHA,Derrick LUCKASSEN,0.0,0.0,0.0,0.0,Defender
514401,151674,43860,GHA,Prince ADU,0.0,0.0,0.0,2.0,Forward
411176,151674,43914,PAN,Jose Luis RODRIGUEZ,0.0,0.0,0.0,0.0,Midfielder
269514,151674,43914,PAN,Anibal GODOY,0.0,0.0,1.0,0.0,Midfielder
337251,151674,43914,PAN,Cecilio Waterman,0.0,0.0,0.0,0.0,Forward
385031,151674,43914,PAN,Amir MURILLO,0.0,0.0,4.0,0.0,Defender
385030,151674,43914,PAN,Fidel ESCOBAR,0.0,0.0,0.0,0.0,Defender
441242,151674,43914,PAN,Cesar BLACKMAN,1.0,0.0,1.0,1.0,Defender
441402,151674,43914,PAN,Cesar SAMUDIO,0.0,0.0,0.0,0.0,Goalkeeper
466669,151674,43914,PAN,Azarias LONDONO,0.0,0.0,0.0,0.0,Forward
395581,151674,43914,PAN,Cristian MARTINEZ,0.0,0.0,0.0,1.0,Midfielder
372342,151674,43914,PAN,Ismael DIAZ,0.0,0.0,0.0,0.0,Midfielder
344582,151674,43914,PAN,Roderick MILLER,0.0,0.0,0.0,0.0,Defender
441243,151674,43914,PAN,Cesar YANIS,0.0,0.0,0.0,0.0,Midfielder
385833,151674,43914,PAN,Adalberto CARRASQUILLA,0.0,0.0,0.0,0.0,Midfielder
441241,151674,43914,PAN,Orlando MOSQUERA,0.0,0.0,0.0,0.0,Goalkeeper
400416,151674,43914,PAN,Edgar Yoel BARCENAS,0.0,0.0,1.0,0.0,Midfielder
480310,151674,43914,PAN,Jiovany RAMOS,0.0,0.0,1.0,1.0,Defender
418729,151674,43914,PAN,Carlos HARVEY,1.0,0.0,0.0,5.0,Defender
271116,151674,43914,PAN,Alberto QUINTERO,0.0,0.0,0.0,0.0,Midfielder
337232,151674,43914,PAN,Eric DAVIS,0.0,0.0,0.0,0.0,Defender
267702,151674,43914,PAN,Luis MEJIA,0.0,0.0,0.0,0.0,Goalkeeper
441240,151674,43914,PAN,Andres ANDRADE,0.0,0.0,0.0,2.0,Defender
411174,151674,43914,PAN,Jose FAJARDO,0.0,0.0,0.0,0.0,Forward
418715,151674,43914,PAN,Jose CORDOBA,0.0,0.0,1.0,1.0,Defender
480313,151674,43914,PAN,Edgardo FARINA,0.0,0.0,0.0,0.0,Defender
441239,151674,43914,PAN,Jorge GUTIERREZ,0.0,0.0,0.0,0.0,Defender
418747,151674,43914,PAN,Tomas RODRIGUEZ,0.0,0.0,0.0,0.0,Forward
479106,151667,44005,UZB,Akmal MOZGOVOY,0.0,0.0,1.0,0.0,Midfielder
479075,151667,44005,UZB,Sherzod NASRULLAEV,0.0,0.0,0.0,1.0,Defender
479042,151667,44005,UZB,Abdulla ABDULLAEV,0.0,0.0,0.0,3.0,Defender
518264,151667,44005,UZB,Avazbek ULMASALIYEV,0.0,0.0,0.0,0.0,Defender
475260,151667,44005,UZB,Behruzjon KARIMOV,0.0,0.0,0.0,3.0,Defender
479079,151667,44005,UZB,Khojiakbar ALIJONOV,0.0,0.0,0.0,0.0,Defender
464924,151667,44005,UZB,Abdukodir KHUSANOV,1.0,0.0,0.0,3.0,Defender
371393,151667,44005,UZB,Dostonbek Khamdamov,0.0,0.0,0.0,0.0,Midfielder
385472,151667,44005,UZB,Botirali ERGASHEV,0.0,0.0,0.0,0.0,Goalkeeper
371345,151667,44005,UZB,Odiljon XAMROBEKOV,0.0,0.0,0.0,0.0,Midfielder
464897,151667,44005,UZB,Sherzod ESANOV,0.0,0.0,0.0,0.0,Midfielder
368546,151667,44005,UZB,Igor Sergeev,0.0,0.0,0.0,0.0,Forward
385139,151667,44005,UZB,Farrukh SAYFIEV,0.0,0.0,2.0,0.0,Defender
371415,151667,44005,UZB,Rustam ASHURMATOV,0.0,0.0,0.0,0.0,Defender
479080,151667,44005,UZB,Oston URUNOV,0.0,0.0,0.0,0.0,Midfielder
385475,151667,44005,UZB,Eldor SHOMURODOV,0.0,0.0,2.0,3.0,Forward
479086,151667,44005,UZB,Azizjon GANIEV,0.0,0.0,0.0,0.0,Midfielder
371348,151667,44005,UZB,Otabek Shukurov,0.0,0.0,2.0,0.0,Midfielder
479077,151667,44005,UZB,Utkir YUSUPOV,0.0,0.0,1.0,0.0,Goalkeeper
479110,151667,44005,UZB,Abduvohid NEMATOV,0.0,0.0,0.0,0.0,Goalkeeper
481220,151667,44005,UZB,Azizbek AMONOV,0.0,0.0,0.0,0.0,Forward
464906,151667,44005,UZB,Jakhongir UROZOV,0.0,0.0,0.0,0.0,Defender
479084,151667,44005,UZB,Umar ESHMURODOV,0.0,0.0,0.0,0.0,Defender
464933,151667,44005,UZB,Abbosbek FAYZULLAEV,0.0,0.0,2.0,1.0,Midfielder
368545,151667,44005,UZB,Jamshid ISKANDEROV,0.0,0.0,0.0,0.0,Midfielder
470760,151667,43926,COL,Jhon ARIAS,0.0,0.0,0.0,1.0,Midfielder
431200,151667,43926,COL,Daniel MUNOZ,0.0,0.0,1.0,1.0,Defender
228686,151667,43926,COL,David OSPINA,0.0,0.0,0.0,0.0,Goalkeeper
428905,151667,43926,COL,Luis SUAREZ,0.0,0.0,3.0,0.0,Forward
473050,151667,43926,COL,Richard RIOS,0.0,0.0,0.0,1.0,Midfielder
470759,151667,43926,COL,Kevin CASTANO,0.0,0.0,0.0,0.0,Midfielder
418881,151667,43926,COL,Cucho HERNANDEZ,0.0,0.0,0.0,0.0,Forward
360642,151667,43926,COL,Camilo VARGAS,0.0,0.0,0.0,0.0,Goalkeeper
395550,151667,43926,COL,Jefferson LERMA,0.0,0.0,2.0,2.0,Midfielder
405755,151667,43926,COL,Jaminton CAMPAZ,0.0,0.0,1.0,0.0,Forward
476345,151667,43926,COL,Willer DITTA,0.0,0.0,0.0,0.0,Defender
428886,151667,43926,COL,Luis DIAZ,0.0,0.0,5.0,0.0,Forward
356704,151667,43926,COL,Juan QUINTERO,0.0,0.0,0.0,0.0,Midfielder
386013,151667,43926,COL,Davinson SANCHEZ,0.0,0.0,0.0,1.0,Defender
394500,151667,43926,COL,Johan MOJICA,1.0,0.0,1.0,1.0,Defender
425580,151667,43926,COL,Jorge CARRASCAL,0.0,0.0,0.0,0.0,Midfielder
441622,151667,43926,COL,Jhon LUCUMI,0.0,0.0,0.0,2.0,Defender
369530,151667,43926,COL,Jhon CORDOBA,0.0,0.0,0.0,0.0,Forward
385998,151667,43926,COL,Alvaro MONTERO,0.0,0.0,0.0,0.0,Goalkeeper
492189,151667,43926,COL,Andres GOMEZ,0.0,0.0,0.0,0.0,Forward
394376,151667,43926,COL,Deiver MACHADO,0.0,0.0,0.0,0.0,Defender
269058,151667,43926,COL,James RODRIGUEZ,0.0,0.0,0.0,0.0,Midfielder
463902,151667,43926,COL,Gustavo PUERTA,0.0,0.0,0.0,2.0,Defender
395552,151667,43926,COL,Yerry MINA,0.0,0.0,0.0,0.0,Defender
489849,151667,43926,COL,Juan PORTILLA,0.0,0.0,0.0,0.0,Midfielder
315614,151667,43926,COL,Santiago ARIAS,0.0,0.0,0.0,0.0,Defender
441171,151610,43995,CZE,Jan KUCHTA,0.0,0.0,0.0,0.0,Forward
486081,151610,43995,CZE,Lukas CERV,0.0,0.0,2.0,2.0,Midfielder
441167,151610,43995,CZE,Tomas HOLES,0.0,0.0,0.0,1.0,Defender
433755,151610,43995,CZE,David Zima,0.0,0.0,0.0,0.0,Defender
506775,151610,43995,CZE,Hugo SOCHUREK,0.0,0.0,0.0,0.0,Midfielder
484003,151610,43995,CZE,Mojmir CHYTIL,0.0,0.0,0.0,0.0,Forward
483961,151610,43995,CZE,Tomas CHORY,0.0,0.0,0.0,0.0,Forward
441166,151610,43995,CZE,Jaroslav ZELENY,0.0,0.0,1.0,0.0,Defender
486082,151610,43995,CZE,Pavel SULC,0.0,0.0,0.0,1.0,Forward
441162,151610,43995,CZE,Jindrich STANEK,0.0,0.0,0.0,0.0,Goalkeeper
433668,151610,43995,CZE,Michal SADILEK,0.0,0.0,1.0,0.0,Midfielder
433754,151610,43995,CZE,Adam HLOZEK,0.0,0.0,0.0,3.0,Forward
519985,151610,43995,CZE,Denis VISINSKY,0.0,0.0,0.0,0.0,Forward
486080,151610,43995,CZE,Robin HRANAC,0.0,0.0,0.0,1.0,Defender
404885,151610,43995,CZE,Tomas SOUCEK,0.0,0.0,1.0,1.0,Midfielder
441170,151610,43995,CZE,Ladislav KREJCI,1.0,0.0,1.0,3.0,Defender
483936,151610,43995,CZE,David DOUDERA,0.0,0.0,0.0,0.0,Defender
523097,151610,43995,CZE,Alexandr SOJKA,0.0,0.0,1.0,0.0,Midfielder
472908,151610,43995,CZE,Vladimir COUFAL,0.0,0.0,0.0,0.0,Defender
358003,151610,43995,CZE,Vladimir DARIDA,0.0,0.0,1.0,0.0,Midfielder
511118,151610,43995,CZE,Lukas HORNICEK,0.0,0.0,0.0,0.0,Goalkeeper
483990,151610,43995,CZE,David JURASEK,0.0,0.0,0.0,0.0,Defender
514334,151610,43995,CZE,Stepan CHALOUPEK,0.0,0.0,0.0,0.0,Defender
484012,151610,43995,CZE,Matej KOVAR,,,,,Goalkeeper
401481,151610,43995,CZE,Patrik Schick,0.0,0.0,2.0,0.0,Forward
484011,151610,43995,CZE,Lukas PROVOD,0.0,0.0,0.0,0.0,Midfielder
419225,151610,43883,RSA,Bradley Cross,0.0,0.0,0.0,0.0,Defender
395059,151610,43883,RSA,Ricardo GOSS,0.0,0.0,0.0,0.0,Goalkeeper
395986,151610,43883,RSA,Ronwen WILLIAMS,0.0,0.0,0.0,0.0,Goalkeeper
403616,151610,43883,RSA,Teboho MOKOENA,1.0,0.0,3.0,2.0,Midfielder
419211,151610,43883,RSA,Lyle FOSTER,0.0,0.0,0.0,0.0,Forward
419223,151610,43883,RSA,Oswin APPOLLIS,0.0,0.0,1.0,0.0,Forward
395050,151610,43883,RSA,Aubrey MODIBA,0.0,0.0,1.0,1.0,Defender
430917,151610,43883,RSA,Evidence MAKGOPA,0.0,0.0,0.0,0.0,Forward
463218,151610,43883,RSA,Khuliso MUDAU,0.0,0.0,1.0,1.0,Defender
463221,151610,43883,RSA,Nkosinathi SIBISI,0.0,0.0,0.0,0.0,Defender
463234,151610,43883,RSA,Thapelo MASEKO,0.0,0.0,3.0,2.0,Forward
463236,151610,43883,RSA,Jayden ADAMS,0.0,0.0,0.0,0.0,Midfielder
481242,151610,43883,RSA,Iqraam RAYNERS,0.0,0.0,1.0,0.0,Forward
486161,151610,43883,RSA,Relebohile MOFOKENG,0.0,0.0,0.0,2.0,Forward
494246,151610,43883,RSA,Sipho CHAINE,0.0,0.0,0.0,0.0,Goalkeeper
494248,151610,43883,RSA,Thalente MBATHA,1.0,0.0,0.0,1.0,Midfielder
502245,151610,43883,RSA,Olwethu MAKHANYA,0.0,0.0,0.0,0.0,Defender
504192,151610,43883,RSA,Khulumani NDAMANE,0.0,0.0,0.0,0.0,Defender
504193,151610,43883,RSA,Tshepang MOREMI,0.0,0.0,0.0,0.0,Forward
504199,151610,43883,RSA,Mbekezeli MBOKAZI,0.0,0.0,0.0,0.0,Defender
504200,151610,43883,RSA,Samukele KABINI,0.0,0.0,0.0,0.0,Defender
506038,151610,43883,RSA,Kamogelo SEBELEBELE,0.0,0.0,0.0,1.0,Forward
506039,151610,43883,RSA,Ime OKON,0.0,0.0,1.0,0.0,Defender
510850,151610,43883,RSA,Thabang MATULUDI,0.0,0.0,0.0,0.0,Defender
448120,151616,43971,SUI,Ardon JASHARI,0.0,0.0,0.0,0.0,Midfielder
402021,151616,43971,SUI,Remo FREULER,0.0,0.0,0.0,0.0,Midfielder
493221,151616,43971,SUI,Miro MUHEIM,0.0,0.0,0.0,0.0,Defender
311558,151616,43971,SUI,Granit XHAKA,0.0,0.0,2.0,1.0,Midfielder
411226,151616,43971,SUI,Djibril SOW,0.0,0.0,1.0,0.0,Midfielder
502727,151616,43971,SUI,Johan MANZAMBI,0.0,0.0,0.0,0.0,Midfielder
401448,151616,43971,SUI,Denis ZAKARIA,0.0,0.0,0.0,0.0,Midfielder
448124,151616,43971,SUI,Christian FASSNACHT,0.0,0.0,0.0,0.0,Forward
448127,151616,43971,SUI,Noah OKAFOR,0.0,0.0,0.0,0.0,Forward
484864,151616,43971,SUI,Aurele AMENDA,0.0,0.0,0.0,0.0,Defender
356412,151616,43971,SUI,Silvan WIDMER,0.0,0.0,0.0,1.0,Defender
313559,151616,43971,SUI,Ricardo RODRIGUEZ,0.0,0.0,0.0,1.0,Defender
448112,151616,43971,SUI,Zeki AMDOUNI,0.0,0.0,0.0,0.0,Forward
448136,151616,43971,SUI,Eray COEMERT,0.0,0.0,0.0,0.0,Defender
448104,151616,43971,SUI,Cedric ITTEN,0.0,0.0,1.0,0.0,Forward
484862,151616,43971,SUI,Marvin KELLER,0.0,0.0,0.0,0.0,Goalkeeper
393480,151616,43971,SUI,Breel EMBOLO,0.0,0.0,4.0,1.0,Forward
448114,151616,43971,SUI,Dan NDOYE,0.0,0.0,2.0,1.0,Forward
398509,151616,43971,SUI,Nico ELVEDI,1.0,0.0,2.0,1.0,Defender
402022,151616,43971,SUI,Yvon MVOGO,0.0,0.0,0.0,0.0,Goalkeeper
448131,151616,43971,SUI,Ruben VARGAS,0.0,0.0,0.0,0.0,Forward
448107,151616,43971,SUI,Gregor KOBEL,0.0,0.0,0.0,0.0,Goalkeeper
448103,151616,43971,SUI,Fabian RIEDER,0.0,0.0,2.0,0.0,Midfielder
433147,151616,43971,SUI,Michel AEBISCHER,0.0,0.0,1.0,1.0,Midfielder
405178,151616,43971,SUI,Manuel AKANJI,0.0,0.0,2.0,0.0,Defender
510908,151616,43971,SUI,Luca JAQUEZ,0.0,0.0,0.0,0.0,Defender
482978,151616,44037,BIH,Nikola VASILJ,0.0,0.0,0.0,0.0,Goalkeeper
504990,151616,44037,BIH,Kerim ALAJBEGOVIC,0.0,0.0,1.0,1.0,Forward
489520,151616,44037,BIH,Nikola KATIC,0.0,0.0,0.0,1.0,Defender
436743,151616,44037,BIH,Ermedin DEMIROVIC,0.0,0.0,0.0,0.0,Forward
376230,151616,44037,BIH,Sead KOLASINAC,0.0,0.0,1.0,2.0,Defender
485063,151616,44037,BIH,Samed BAZDAR,0.0,0.0,0.0,0.0,Forward
482976,151616,44037,BIH,Amar DEDIC,1.0,0.0,2.0,3.0,Defender
489523,151616,44037,BIH,Armin GIGOVIC,0.0,0.0,0.0,0.0,Midfielder
494639,151616,44037,BIH,Arjan MALIC,0.0,0.0,0.0,0.0,Defender
491228,151616,44037,BIH,Martin ZLOMISLIC,0.0,0.0,0.0,0.0,Goalkeeper
430196,151616,44037,BIH,Amir HADZIAHMETOVIC,0.0,0.0,0.0,0.0,Midfielder
372436,151616,44037,BIH,Ivan SUNJIC,0.0,0.0,0.0,2.0,Midfielder
482969,151616,44037,BIH,Nihad MUJAKIC,0.0,0.0,0.0,0.0,Defender
430194,151616,44037,BIH,Dennis HADZIKADUNIC,0.0,0.0,0.0,0.0,Defender
519954,151616,44037,BIH,Jovo LUKIC,0.0,0.0,0.0,0.0,Forward
484022,151616,44037,BIH,Tarik MUHAREMOVIC,0.0,1.0,0.0,3.0,Defender
494640,151616,44037,BIH,Amar MEMIC,0.0,0.0,1.0,1.0,Midfielder
300409,151616,44037,BIH,Edin DZEKO,1.0,0.0,2.0,1.0,Forward
489521,151616,44037,BIH,Stjepan RADELJIC,0.0,0.0,0.0,0.0,Defender
522842,151616,44037,BIH,Mladen JURKAS,0.0,0.0,0.0,0.0,Goalkeeper
482984,151616,44037,BIH,Haris TABAKOVIC,0.0,0.0,0.0,0.0,Forward
522846,151616,44037,BIH,Ermin MAHMIC,0.0,0.0,0.0,0.0,Midfielder
482974,151616,44037,BIH,Ivan BASIC,0.0,0.0,0.0,0.0,Midfielder
483966,151616,44037,BIH,Benjamin TAHIROVIC,0.0,0.0,0.0,3.0,Midfielder
389886,151616,44037,BIH,Dzenis BURNIC,0.0,0.0,0.0,0.0,Midfielder
464566,151616,44037,BIH,Esmir BAJRAKTAREVIC,0.0,0.0,0.0,0.0,Forward
486929,151615,43899,CAN,Tani OLUWASEYI,0.0,0.0,0.0,2.0,Forward
466585,151615,43899,CAN,Moise BOMBITO,0.0,0.0,0.0,1.0,Defender
331732,151615,43899,CAN,Maxime CREPEAU,0.0,0.0,0.0,0.0,Goalkeeper
441255,151615,43899,CAN,Dayne ST. CLAIR,0.0,0.0,0.0,0.0,Goalkeeper
466687,151615,43899,CAN,Ali AHMED,0.0,0.0,1.0,0.0,Forward
433635,151615,43899,CAN,Stephen EUSTAQUIO,0.0,0.0,1.0,0.0,Midfielder
441258,151615,43899,CAN,Ismael KONE,0.0,0.0,1.0,0.0,Midfielder
412144,151615,43899,CAN,Alphonso DAVIES,0.0,0.0,0.0,0.0,Defender
441257,151615,43899,CAN,Jonathan DAVID,0.0,0.0,0.0,0.0,Forward
485064,151615,43899,CAN,Niko SIGUR,0.0,0.0,0.0,0.0,Defender
441252,151615,43899,CAN,Alistair JOHNSTON,0.0,0.0,1.0,0.0,Defender
448411,151615,43899,CAN,Jacob SHAFFELBURG,0.0,0.0,0.0,0.0,Midfielder
423941,151615,43899,CAN,Nathan SALIBA,0.0,0.0,0.0,0.0,Midfielder
493970,151615,43899,CAN,Promise DAVID,0.0,0.0,0.0,0.0,Forward
370986,151615,43899,CAN,Jonathan OSORIO,0.0,0.0,0.0,0.0,Midfielder
463817,151615,43899,CAN,Owen GOODMAN,0.0,0.0,0.0,0.0,Goalkeeper
448402,151615,43899,CAN,Joel WATERMAN,0.0,0.0,0.0,0.0,Defender
371958,151615,43899,CAN,Derek CORNELIUS,1.0,0.0,0.0,2.0,Defender
431696,151615,43899,CAN,Richie LARYEA,0.0,0.0,3.0,0.0,Defender
430138,151615,43899,CAN,Tajon BUCHANAN,0.0,0.0,3.0,1.0,Forward
390670,151615,43899,CAN,Cyle LARIN,0.0,0.0,0.0,3.0,Forward
441259,151615,43899,CAN,Liam MILLAR,0.0,0.0,0.0,0.0,Midfielder
423933,151615,43899,CAN,Jayden Nelson,0.0,0.0,0.0,0.0,Forward
480322,151615,43899,CAN,Luc DE FOUGEROLLES,0.0,0.0,0.0,0.0,Defender
514070,151615,43899,CAN,Alfie JONES,0.0,0.0,0.0,0.0,Defender
448390,151615,43899,CAN,Mathieu CHOINIERE,0.0,0.0,0.0,0.0,Midfielder
386348,151615,43834,QAT,ASSIM MADIBO,0.0,1.0,0.0,1.0,Midfielder
419473,151615,43834,QAT,JASSEM GABER,0.0,0.0,0.0,1.0,Defender
512791,151615,43834,QAT,ISSA LAYE,0.0,0.0,1.0,0.0,Defender
386366,151615,43834,QAT,ALMOEZ ALI,0.0,0.0,0.0,0.0,Forward
416056,151615,43834,QAT,MESHAAL BARSHAM,0.0,0.0,0.0,0.0,Goalkeeper
419463,151615,43834,QAT,YUSUF ABDURISAG,0.0,0.0,0.0,1.0,Forward
486639,151615,43834,QAT,TAHSIN MOHAMMED,0.0,0.0,0.0,0.0,Forward
386347,151615,43834,QAT,AKRAM AFIF,0.0,0.0,1.0,0.0,Forward
353251,151615,43834,QAT,AHMED ALAAELDIN,0.0,0.0,0.0,0.0,Forward
345059,151615,43834,QAT,ABDULAZIZ HATEM,0.0,0.0,0.0,0.0,Midfielder
419459,151615,43834,QAT,MAHMOUD ABUNADA,0.0,0.0,0.0,0.0,Goalkeeper
429063,151615,43834,QAT,EDMILSON JUNIOR,0.0,0.0,1.0,0.0,Forward
386387,151615,43834,QAT,SULTAN ALBRAKE,0.0,0.0,0.0,0.0,Defender
419441,151615,43834,QAT,HOMAM AHMED,0.0,1.0,0.0,3.0,Defender
419461,151615,43834,QAT,SALAH ZAKARIA,0.0,0.0,0.0,0.0,Goalkeeper
486614,151615,43834,QAT,ALHASHMI ALHUSSEIN,0.0,0.0,2.0,2.0,Defender
416051,151615,43834,QAT,PEDRO MIGUEL,0.0,0.0,2.0,0.0,Defender
498458,151615,43834,QAT,MOHAMED MANAI,0.0,0.0,0.0,1.0,Forward
510991,151615,43834,QAT,AYOUB ALOUI,0.0,0.0,0.0,0.0,Defender
385070,151615,43834,QAT,MOHAMMED MUNTARI,0.0,0.0,0.0,0.0,Forward
354861,151615,43834,QAT,KARIM BOUDIAF,0.0,0.0,0.0,0.0,Midfielder
356673,151615,43834,QAT,LUCAS MENDES,0.0,0.0,0.0,0.0,Defender
284190,151615,43834,QAT,HASSAN ALHAYDOS,0.0,0.0,0.0,0.0,Forward
385067,151615,43834,QAT,BOUALEM KHOUKHI,0.0,0.0,1.0,0.0,Defender
433394,151615,43834,QAT,AHMED FATHY,1.0,0.0,1.0,1.0,Midfielder
419436,151615,43834,QAT,AHMED ALGANEHI,0.0,0.0,0.0,0.0,Midfielder
386339,151609,43911,MEX,Guillermo MARTINEZ,0.0,0.0,0.0,0.0,Forward
448051,151609,43911,MEX,Luis CHAVEZ,0.0,0.0,0.0,0.0,Midfielder
356731,151609,43911,MEX,Raul JIMENEZ,0.0,0.0,1.0,2.0,Forward
500038,151609,43911,MEX,Mateo CHAVEZ,0.0,0.0,0.0,0.0,Defender
461177,151609,43911,MEX,Obed VARGAS,0.0,0.0,0.0,0.0,Midfielder
215285,151609,43911,MEX,Guillermo OCHOA,0.0,0.0,0.0,0.0,Goalkeeper
372090,151609,43911,MEX,Orbelin PINEDA,0.0,0.0,0.0,0.0,Midfielder
500037,151609,43911,MEX,Gilberto MORA,0.0,0.0,0.0,0.0,Midfielder
406135,151609,43911,MEX,Cesar HUERTA,0.0,0.0,0.0,0.0,Forward
429157,151609,43911,MEX,Julian QUINONES,0.0,0.0,3.0,1.0,Forward
430763,151609,43911,MEX,Luis ROMO,0.0,0.0,1.0,0.0,Midfielder
430759,151609,43911,MEX,Santiago GIMENEZ,0.0,0.0,0.0,0.0,Forward
441261,151609,43911,MEX,Israel REYES,0.0,0.0,0.0,1.0,Defender
485070,151609,43911,MEX,Raul RANGEL,0.0,0.0,0.0,0.0,Goalkeeper
403585,151609,43911,MEX,Roberto ALVARADO,0.0,0.0,0.0,0.0,Forward
416576,151609,43911,MEX,Alvaro FIDALGO,0.0,0.0,0.0,0.0,Midfielder
402772,151609,43911,MEX,Jesus GALLARDO,0.0,0.0,1.0,1.0,Defender
514336,151609,43911,MEX,Armando GONZALEZ,0.0,0.0,0.0,0.0,Forward
464533,151609,43911,MEX,Brian GUTIERREZ,0.0,0.0,1.0,1.0,Midfielder
425701,151609,43911,MEX,Johan VASQUEZ,0.0,0.0,0.0,0.0,Defender
403596,151609,43911,MEX,Jorge SANCHEZ,0.0,0.0,0.0,1.0,Defender
430766,151609,43911,MEX,Alexis VEGA,0.0,0.0,0.0,0.0,Forward
441260,151609,43911,MEX,Carlos ACEVEDO,0.0,0.0,0.0,0.0,Goalkeeper
419518,151609,43911,MEX,Erik LIRA,0.0,0.0,0.0,2.0,Midfielder
400634,151609,43911,MEX,Edson ALVAREZ,0.0,0.0,0.0,0.0,Defender
430387,151609,43822,KOR,CHO Guesung,0.0,0.0,0.0,0.0,Forward
464374,151609,43822,KOR,BAE Junho,0.0,0.0,0.0,0.0,Midfielder
402820,151609,43822,KOR,SONG Bumkeun,0.0,0.0,0.0,0.0,Goalkeeper
429608,151609,43822,KOR,SEOL Youngwoo,0.0,0.0,0.0,0.0,Defender
522282,151609,43822,KOR,CHO Wije,0.0,0.0,0.0,0.0,Defender
418490,151609,43822,KOR,LEE Kangin,1.0,0.0,1.0,1.0,Midfielder
397753,151609,43822,KOR,JO Hyeonwoo,0.0,0.0,0.0,0.0,Goalkeeper
390525,151609,43822,KOR,LEE Jaesung,0.0,0.0,2.0,0.0,Midfielder
395083,151609,43822,KOR,HWANG Heechan,0.0,0.0,1.0,0.0,Midfielder
423880,151609,43822,KOR,LEE Taeseok,0.0,0.0,0.0,0.0,Defender
395084,151609,43822,KOR,HWANG Inbeom,0.0,0.0,0.0,1.0,Midfielder
448586,151609,43822,KOR,OH Hyeongyu,0.0,0.0,0.0,0.0,Forward
429600,151609,43822,KOR,LEE Donggyeong,0.0,0.0,0.0,0.0,Midfielder
402817,151609,43822,KOR,PAIK Seungho,1.0,0.0,0.0,1.0,Midfielder
511828,151609,43822,KOR,CASTROP Jens,0.0,0.0,0.0,0.0,Defender
418485,151609,43822,KOR,KIM Taehyeon,0.0,0.0,0.0,0.0,Defender
423855,151609,43822,KOR,EOM Jisung,0.0,0.0,1.0,0.0,Midfielder
423874,151609,43822,KOR,LEE Hanbeom,0.0,0.0,3.0,3.0,Defender
307849,151609,43822,KOR,SON Heungmin,0.0,0.0,1.0,0.0,Forward
448580,151609,43822,KOR,KIM Moonhwan,0.0,0.0,0.0,0.0,Defender
274281,151609,43822,KOR,KIM Seunggyu,0.0,0.0,0.0,0.0,Goalkeeper
492315,151609,43822,KOR,LEE Gihyuk,0.0,0.0,0.0,0.0,Midfielder
395088,151609,43822,KOR,KIM Minjae,0.0,0.0,0.0,0.0,Defender
479316,151609,43822,KOR,PARK Jinseob,0.0,0.0,0.0,0.0,Defender
430385,151609,43822,KOR,KIM Jingyu,0.0,0.0,0.0,0.0,Midfielder
448585,151609,43822,KOR,YANG Hyunjun,0.0,0.0,0.0,1.0,Midfielder
499912,151627,43921,USA,Sebastian BERHALTER,0.0,0.0,0.0,0.0,Midfielder
499913,151627,43921,USA,Matt FREESE,0.0,0.0,1.0,0.0,Goalkeeper
390278,151627,43921,USA,Alex ZENDEJAS,0.0,0.0,0.0,0.0,Forward
448214,151627,43921,USA,Malik TILLMAN,0.0,0.0,3.0,0.0,Midfielder
436599,151627,43921,USA,Miles ROBINSON,0.0,0.0,0.0,0.0,Defender
466624,151627,43921,USA,Folarin BALOGUN,1.0,0.0,2.0,2.0,Forward
423700,151627,43921,USA,Joe SCALLY,0.0,0.0,1.0,0.0,Defender
464542,151627,43921,USA,Alex FREEMAN,0.0,0.0,1.0,0.0,Defender
419068,151627,43921,USA,Giovanni REYNA,0.0,0.0,0.0,0.0,Midfielder
390238,151627,43921,USA,Tyler ADAMS,0.0,0.0,2.0,1.0,Midfielder
419055,151627,43921,USA,Brenden AARONSON,0.0,0.0,0.0,0.0,Forward
419077,151627,43921,USA,Mark McKENZIE,0.0,0.0,0.0,0.0,Defender
419062,151627,43921,USA,Chris RICHARDS,1.0,0.0,1.0,3.0,Defender
390259,151627,43921,USA,Weston McKENNIE,0.0,0.0,1.0,4.0,Midfielder
390272,151627,43921,USA,Auston TRUSTY,0.0,0.0,0.0,0.0,Defender
385994,151627,43921,USA,Cristian ROLDAN,0.0,0.0,0.0,0.0,Midfielder
486390,151627,43921,USA,Max ARFSTEN,0.0,0.0,0.0,0.0,Defender
464546,151627,43921,USA,Chris BRADY,0.0,0.0,0.0,0.0,Goalkeeper
390276,151627,43921,USA,Haji WRIGHT,0.0,0.0,0.0,0.0,Forward
406280,151627,43921,USA,Sergino DEST,0.0,0.0,2.0,0.0,Defender
419082,151627,43921,USA,Ricardo PEPI,0.0,0.0,0.0,2.0,Forward
390267,151627,43921,USA,Christian PULISIC,0.0,0.0,0.0,0.0,Forward
339510,151627,43921,USA,Tim REAM,0.0,0.0,1.0,0.0,Defender
441251,151627,43921,USA,Antonee ROBINSON,1.0,0.0,0.0,0.0,Defender
448217,151627,43921,USA,Matt TURNER,0.0,0.0,0.0,0.0,Goalkeeper
406304,151627,43921,USA,Timothy WEAH,0.0,0.0,0.0,0.0,Forward
406606,151627,43976,AUS,Awer MABIL,0.0,0.0,0.0,0.0,Forward
339112,151627,43976,AUS,Jason GERIA,0.0,0.0,0.0,2.0,Defender
355775,151627,43976,AUS,Jackson IRVINE,0.0,0.0,0.0,0.0,Midfielder
518200,151627,43976,AUS,Tete YENGI,0.0,0.0,0.0,0.0,Forward
349342,151627,43976,AUS,Aziz BEHICH,0.0,0.0,0.0,0.0,Defender
494411,151627,43976,AUS,Kai TREWIN,0.0,0.0,0.0,0.0,Defender
331149,151627,43976,AUS,Milos DEGENEK,0.0,0.0,0.0,0.0,Defender
486306,151627,43976,AUS,Nestory IRANKUNDA,0.0,0.0,1.0,2.0,Forward
430450,151627,43976,AUS,Jacob ITALIANO,1.0,0.0,0.0,0.0,Defender
382312,151627,43976,AUS,Cameron BURGESS,0.0,0.0,0.0,0.0,Defender
331135,151627,43976,AUS,Paul Izzo,0.0,0.0,0.0,0.0,Goalkeeper
448015,151627,43976,AUS,Cristian VOLPATO,0.0,0.0,1.0,0.0,Forward
448014,151627,43976,AUS,Alessandro CIRCATI,1.0,0.0,1.0,2.0,Defender
498421,151627,43976,AUS,Paul OKON-ENGSTLER,0.0,0.0,2.0,2.0,Midfielder
430440,151627,43976,AUS,Aiden ONEILL,0.0,0.0,4.0,0.0,Midfielder
423522,151627,43976,AUS,Jordan BOS,1.0,0.0,0.0,2.0,Defender
494557,151627,43976,AUS,Patrick BEACH,0.0,0.0,0.0,0.0,Goalkeeper
430452,151627,43976,AUS,Connor METCALFE,0.0,0.0,0.0,0.0,Midfielder
430442,151627,43976,AUS,Harry SOUTTAR,1.0,0.0,1.0,3.0,Defender
498806,151627,43976,AUS,Mohamed TOURE,0.0,0.0,0.0,1.0,Forward
504931,151627,43976,AUS,Lucas HERRINGTON,0.0,0.0,0.0,0.0,Defender
491166,151627,43976,AUS,Nishan VELUPILLAY,0.0,0.0,0.0,1.0,Forward
404319,151627,43976,AUS,Ajdin HRUSTIC,0.0,0.0,0.0,0.0,Forward
430437,151627,43976,AUS,Cameron DEVLIN,0.0,0.0,0.0,0.0,Midfielder
321697,151627,43976,AUS,Mathew LECKIE,0.0,0.0,1.0,1.0,Forward
339117,151627,43976,AUS,Mathew RYAN,0.0,0.0,0.0,0.0,Goalkeeper
433787,151621,43967,SCO,Scott McTominay,0.0,0.0,0.0,1.0,Midfielder
442430,151621,43967,SCO,John SOUTTAR,0.0,0.0,0.0,0.0,Defender
442434,151621,43967,SCO,Lewis FERGUSON,0.0,0.0,3.0,2.0,Midfielder
430098,151621,43967,SCO,Lyndon DYKES,0.0,0.0,0.0,0.0,Forward
442428,151621,43967,SCO,Aaron HICKEY,0.0,0.0,0.0,0.0,Defender
401334,151621,43967,SCO,John McGinn,0.0,0.0,2.0,2.0,Midfielder
495431,151621,43967,SCO,George HIRST,0.0,0.0,0.0,0.0,Forward
430147,151621,43967,SCO,Jack Hendry,0.0,0.0,0.0,0.0,Defender
430097,151621,43967,SCO,Ryan Christie,0.0,0.0,0.0,0.0,Midfielder
337389,151621,43967,SCO,Anthony RALSTON,0.0,0.0,0.0,1.0,Defender
433191,151621,43967,SCO,Che Adams,0.0,0.0,1.0,0.0,Forward
401339,151621,43967,SCO,Andy ROBERTSON,1.0,0.0,0.0,1.0,Defender
485131,151621,43967,SCO,Ben GANNON-DOAK,0.0,0.0,0.0,2.0,Forward
401712,151621,43967,SCO,Kieran Tierney,0.0,0.0,1.0,2.0,Defender
215553,151621,43967,SCO,Craig GORDON,0.0,0.0,0.0,0.0,Goalkeeper
411301,151621,43967,SCO,Angus Gunn,0.0,0.0,0.0,0.0,Goalkeeper
484045,151621,43967,SCO,Lawrence SHANKLAND,0.0,0.0,0.0,0.0,Forward
520217,151621,43967,SCO,Findlay CURTIS,0.0,0.0,0.0,0.0,Forward
442431,151621,43967,SCO,Scott MCKENNA,0.0,0.0,0.0,0.0,Defender
523007,151621,43967,SCO,Tyler FLETCHER,0.0,0.0,0.0,0.0,Midfielder
484073,151621,43967,SCO,Dominic HYAM,0.0,0.0,0.0,0.0,Defender
433694,151621,43967,SCO,Nathan PATTERSON,0.0,0.0,0.0,0.0,Defender
442429,151621,43967,SCO,Liam KELLY,0.0,0.0,0.0,0.0,Goalkeeper
442433,151621,43967,SCO,Ross STEWART,0.0,0.0,0.0,0.0,Forward
356956,151621,43872,MAR,Yassine BOUNOU,0.0,0.0,1.0,0.0,Goalkeeper
359634,151621,43967,SCO,Grant Hanley,0.0,0.0,0.0,0.0,Defender
484051,151621,43967,SCO,Kenny McLEAN,0.0,0.0,0.0,0.0,Midfielder
403083,151621,43872,MAR,Issa Diop,1.0,0.0,0.0,1.0,Defender
424071,151621,43872,MAR,Anass SALAH EDDINE,0.0,0.0,0.0,0.0,Defender
485740,151621,43872,MAR,Neil EL AYNAOUI,0.0,0.0,0.0,2.0,Midfielder
485756,151621,43872,MAR,Zakaria EL OUAHDI,0.0,0.0,0.0,0.0,Defender
372266,151621,43872,MAR,Sofyan AMRABAT,0.0,0.0,0.0,0.0,Midfielder
494742,151621,43872,MAR,Youssef BELAMMARI,0.0,0.0,0.0,0.0,Defender
494293,151621,43872,MAR,Chemsdine TALBI,0.0,0.0,0.0,0.0,Midfielder
448612,151621,43872,MAR,Bilal EL KHANNOUSS,0.0,0.0,1.0,0.0,Midfielder
395760,151621,43872,MAR,Marwane SAADANE,0.0,0.0,0.0,0.0,Defender
411680,151621,43872,MAR,Noussair MAZRAOUI,0.0,0.0,2.0,1.0,Defender
505097,151621,43872,MAR,Samir EL MOURABET,0.0,0.0,0.0,0.0,Midfielder
411678,151621,43872,MAR,Ayoub El Kaabi,0.0,0.0,0.0,0.0,Forward
448607,151621,43872,MAR,Chadi RIAD,0.0,0.0,0.0,0.0,Defender
505112,151621,43872,MAR,Gessime YASSINE,0.0,0.0,0.0,0.0,Midfielder
448598,151621,43872,MAR,Ismael SAIBARI,0.0,0.0,0.0,0.0,Midfielder
400721,151621,43872,MAR,Achraf HAKIMI,0.0,0.0,3.0,0.0,Defender
371553,151621,43872,MAR,Ahmed Reda TAGNAOUTI,0.0,0.0,0.0,0.0,Goalkeeper
395755,151621,43872,MAR,Munir EL KAJOUI,0.0,0.0,0.0,0.0,Goalkeeper
485767,151621,43872,MAR,Redouane HALHAL,0.0,0.0,0.0,0.0,Defender
485760,151621,43872,MAR,Ayyoub BOUADDI,0.0,0.0,0.0,1.0,Midfielder
441307,151621,43872,MAR,Azzedine OUNAHI,0.0,0.0,1.0,0.0,Midfielder
523288,151621,43872,MAR,Ayoube AMAIMOUNI,0.0,0.0,0.0,1.0,Forward
433426,151621,43872,MAR,Soufiane RAHIMI,0.0,0.0,0.0,1.0,Forward
430740,151621,43872,MAR,Brahim DIAZ,0.0,0.0,2.0,1.0,Forward
524320,151621,43872,MAR,Amine SBAI,0.0,0.0,0.0,0.0,Forward
308386,151622,43924,BRA,CASEMIRO,0.0,0.0,2.0,2.0,Midfielder
396315,151622,43924,BRA,WEVERTON,0.0,0.0,0.0,0.0,Goalkeeper
430594,151622,43924,BRA,ROGER IBANEZ,0.0,0.0,0.0,0.0,Defender
485069,151622,43924,BRA,EDERSON SILVA,0.0,0.0,0.0,1.0,Midfielder
433872,151622,43924,BRA,RAPHINHA,0.0,0.0,0.0,1.0,Forward
314197,151622,43924,BRA,NEYMAR JR,0.0,0.0,0.0,0.0,Forward
335656,151622,43924,BRA,DANILO,0.0,0.0,0.0,2.0,Defender
394456,151622,43924,BRA,FABINHO,0.0,0.0,0.0,0.0,Midfielder
429392,151622,43924,BRA,DANILO SANTOS,0.0,0.0,0.0,0.0,Midfielder
448420,151622,43924,BRA,LUIZ HENRIQUE,0.0,0.0,0.0,0.0,Forward
411726,151622,43924,BRA,LUCAS PAQUETA,0.0,0.0,0.0,1.0,Midfielder
430601,151622,43924,BRA,GABRIEL MAGALHAES,0.0,0.0,2.0,0.0,Defender
430605,151622,43924,BRA,BRUNO GUIMARAES,0.0,0.0,2.0,1.0,Midfielder
335658,151622,43924,BRA,ALEX SANDRO,0.0,0.0,0.0,0.0,Defender
463746,151622,43924,BRA,ENDRICK,0.0,0.0,0.0,1.0,Forward
430609,151622,43924,BRA,MATHEUS CUNHA,0.0,0.0,1.0,0.0,Forward
371956,151622,43924,BRA,LEO PEREIRA,0.0,0.0,0.0,0.0,Defender
430597,151622,43924,BRA,GABRIEL MARTINELLI,0.0,0.0,3.0,0.0,Forward
475036,151622,43924,BRA,RAYAN,0.0,0.0,2.0,2.0,Forward
519836,151622,43924,BRA,IGOR THIAGO,0.0,0.0,0.0,0.0,Forward
405742,151622,43924,BRA,VINICIUS JUNIOR,0.0,0.0,1.0,0.0,Forward
431889,151622,43924,BRA,BREMER,0.0,0.0,0.0,0.0,Defender
367981,151622,43924,BRA,DOUGLAS SANTOS,1.0,0.0,1.0,2.0,Defender
395427,151622,43924,BRA,EDERSON,0.0,0.0,0.0,0.0,Goalkeeper
332946,151622,43924,BRA,MARQUINHOS,0.0,0.0,0.0,0.0,Defender
308370,151622,43924,BRA,ALISSON,0.0,0.0,0.0,0.0,Goalkeeper
510757,151622,43908,HAI,Josue CASIMIR,0.0,0.0,0.0,1.0,Forward
466844,151622,43908,HAI,Markhus LACROIX,0.0,0.0,0.0,0.0,Defender
485664,151622,43908,HAI,Ruben PROVIDENCE,0.0,0.0,2.0,0.0,Forward
431781,151622,43908,HAI,Jean-Kevin DUVERNE,0.0,0.0,1.0,1.0,Defender
275917,151622,43908,HAI,Ricardo Ade,0.0,0.0,1.0,3.0,Defender
466835,151622,43908,HAI,Alexandre PIERRE,0.0,0.0,0.0,0.0,Goalkeeper
485676,151622,43908,HAI,Lenny JOSEPH,0.0,0.0,0.0,1.0,Forward
506483,151622,43908,HAI,Yassin FORTUNE,0.0,0.0,0.0,0.0,Forward
498439,151622,43908,HAI,Wilguens PAUGAIN,0.0,0.0,0.0,0.0,Defender
489300,151622,43908,HAI,Martin EXPERIENCE,0.0,0.0,3.0,3.0,Defender
430697,151622,43908,HAI,Jean-Ricner Bellegarde,0.0,0.0,1.0,0.0,Midfielder
466838,151622,43908,HAI,Danley JEAN JACQUES,1.0,0.0,0.0,1.0,Midfielder
424556,151622,43908,HAI,Carl SAINTE,0.0,0.0,0.0,0.0,Midfielder
295922,151622,43908,HAI,Johny Placide,0.0,0.0,0.0,0.0,Goalkeeper
394993,151622,43908,HAI,Duckens NAZON,0.0,0.0,0.0,0.0,Forward
405879,151622,43908,HAI,Wilson Isidor,0.0,0.0,1.0,0.0,Forward
466865,151622,43908,HAI,Derrick ETIENNE,0.0,0.0,0.0,0.0,Forward
448363,151622,43908,HAI,Hannes DELCROIX,0.0,0.0,1.0,0.0,Defender
466853,151622,43908,HAI,Josue DUVERGER,0.0,0.0,0.0,0.0,Goalkeeper
431693,151622,43908,HAI,Frantzdy Pierrot,1.0,0.0,2.0,1.0,Forward
466862,151622,43908,HAI,Garven METUSALA,0.0,0.0,0.0,0.0,Defender
397775,151622,43908,HAI,Carlens ARCUS,1.0,0.0,1.0,2.0,Defender
485409,151622,43908,HAI,Woodensky PIERRE,0.0,0.0,0.0,0.0,Midfielder
481027,151622,43908,HAI,Louicius DEEDSON,0.0,0.0,0.0,0.0,Forward
523215,151622,43908,HAI,Dominique SIMON,0.0,0.0,0.0,1.0,Midfielder
506481,151622,43908,HAI,Keeto THERMONCY,0.0,0.0,0.0,0.0,Defender
406249,151628,43972,TUR,Ozan KABAK,0.0,0.0,0.0,0.0,Defender
484065,151628,43972,TUR,Eren ELMALI,1.0,0.0,0.0,2.0,Defender
433072,151628,43972,TUR,Zeki CELIK,0.0,0.0,0.0,0.0,Defender
472877,151628,43972,TUR,Irfan Can KAHVECI,0.0,0.0,0.0,0.0,Forward
433118,151628,43972,TUR,Orkun KOKCU,0.0,0.0,0.0,0.0,Midfielder
360498,151628,43972,TUR,Mert GUNOK,0.0,0.0,0.0,0.0,Goalkeeper
495347,151628,43972,TUR,Deniz GUL,0.0,0.0,0.0,2.0,Forward
430120,151628,43972,TUR,Mert MULDUR,0.0,0.0,2.0,1.0,Defender
441180,151628,43972,TUR,Altay BAYINDIR,0.0,0.0,0.0,0.0,Goalkeeper
484139,151628,43972,TUR,Baris Alper YILMAZ,0.0,0.0,0.0,2.0,Forward
484082,151628,43972,TUR,Abdulkerim BARDAKCI,0.0,0.0,0.0,1.0,Defender
486076,151628,43972,TUR,Oguz AYDIN,0.0,0.0,0.0,0.0,Forward
369304,151628,43972,TUR,Hakan CALHANOGLU,0.0,0.0,0.0,1.0,Midfielder
389907,151628,43972,TUR,Salih OZCAN,0.0,0.0,0.0,0.0,Midfielder
484072,151628,43972,TUR,Samet AKAYDIN,0.0,0.0,0.0,0.0,Defender
484092,151628,43972,TUR,Ismail YUKSEK,0.0,0.0,0.0,1.0,Midfielder
336170,151628,43972,TUR,Kaan Ayhan,0.0,0.0,0.0,0.0,Midfielder
441181,151628,43972,TUR,Ugurcan CAKIR,0.0,0.0,0.0,0.0,Goalkeeper
484087,151628,43972,TUR,Arda GULER,0.0,0.0,6.0,0.0,Forward
486074,151628,43972,TUR,Can UZUN,0.0,0.0,1.0,0.0,Forward
441188,151628,43972,TUR,Kerem AKTURKOGLU,0.0,0.0,0.0,0.0,Forward
484112,151628,43972,TUR,Kenan YILDIZ,0.0,0.0,2.0,1.0,Forward
441179,151628,43972,TUR,Merih DEMIRAL,0.0,0.0,0.0,2.0,Defender
484113,151628,43972,TUR,Ferdi KADIOGLU,0.0,0.0,3.0,0.0,Defender
401167,151628,43972,TUR,Caglar SOYUNCU,0.0,0.0,0.0,0.0,Defender
406231,151628,43972,TUR,Yunus AKGUN,0.0,0.0,1.0,1.0,Forward
431202,151628,43928,PAR,Omar ALDERETE,0.0,0.0,1.0,1.0,Defender
486875,151628,43928,PAR,Gustavo VELAZQUEZ,0.0,0.0,0.0,0.0,Defender
369768,151628,43928,PAR,Antonio SANABRIA,0.0,0.0,0.0,0.0,Forward
385306,151628,43928,PAR,Andres CUBAS,0.0,0.0,1.0,5.0,Midfielder
386458,151628,43928,PAR,Alejandro ROMERO GAMARRA,0.0,0.0,0.0,0.0,Forward
463127,151628,43928,PAR,Gabriel AVALOS,0.0,0.0,0.0,0.0,Forward
495046,151628,43928,PAR,MAURICIO,0.0,0.0,0.0,0.0,Midfielder
369749,151628,43928,PAR,Junior ALONSO,0.0,0.0,2.0,0.0,Defender
318647,151628,43928,PAR,Gatito FERNANDEZ,0.0,0.0,0.0,0.0,Goalkeeper
424422,151628,43928,PAR,Matias GALARZA,1.0,0.0,3.0,2.0,Midfielder
406205,151628,43928,PAR,Braian OJEDA,0.0,0.0,0.0,0.0,Midfielder
463128,151628,43928,PAR,Diego GOMEZ,0.0,0.0,0.0,1.0,Midfielder
485804,151628,43928,PAR,Gustavo CABALLERO,0.0,0.0,0.0,0.0,Midfielder
463125,151628,43928,PAR,Ramon SOSA,0.0,0.0,0.0,0.0,Midfielder
494531,151628,43928,PAR,Orlando GILL,0.0,0.0,0.0,0.0,Goalkeeper
369744,151628,43928,PAR,Gustavo GOMEZ,0.0,0.0,1.0,0.0,Defender
369761,151628,43928,PAR,Miguel ALMIRON,0.0,1.0,1.0,1.0,Midfielder
394829,151628,43928,PAR,Fabian BALBUENA,0.0,0.0,0.0,0.0,Defender
476348,151628,43928,PAR,Damian BOBADILLA,0.0,0.0,1.0,0.0,Midfielder
441234,151628,43928,PAR,Julio ENCISO,0.0,0.0,3.0,0.0,Forward
520066,151628,43928,PAR,Jose CANALE,0.0,0.0,0.0,1.0,Defender
505495,151628,43928,PAR,Alexandro MAIDANA,0.0,0.0,0.0,0.0,Defender
485802,151628,43928,PAR,Alex ARCE,0.0,0.0,0.0,0.0,Forward
489417,151628,43928,PAR,Isidro PITTA,0.0,0.0,0.0,2.0,Forward
479601,151628,43928,PAR,Juan Jose CACERES,0.0,0.0,1.0,2.0,Defender
447991,151628,43928,PAR,Gaston OLVEIRA,0.0,0.0,0.0,0.0,Goalkeeper
489518,151640,43960,NED,Crysencio SUMMERVILLE,0.0,0.0,1.0,0.0,Forward
483481,151640,43960,NED,Mats WIEFFER,0.0,0.0,0.0,0.0,Defender
506028,151640,43960,NED,Robin ROEFS,0.0,0.0,0.0,0.0,Goalkeeper
448140,151640,43960,NED,Micky VAN DE VEN,0.0,0.0,1.0,1.0,Defender
484859,151640,43960,NED,Quinten TIMBER,0.0,0.0,0.0,0.0,Midfielder
336098,151640,43960,NED,Memphis DEPAY,0.0,0.0,1.0,0.0,Forward
448157,151640,43960,NED,Guus TIL,0.0,0.0,0.0,0.0,Midfielder
448152,151640,43960,NED,Cody GAKPO,0.0,0.0,1.0,1.0,Forward
433066,151640,43960,NED,Donyell Malen,0.0,0.0,0.0,0.0,Forward
422657,151640,43960,NED,Frenkie DE JONG,0.0,0.0,1.0,0.0,Midfielder
483512,151640,43960,NED,Jorrel HATO,0.0,0.0,0.0,0.0,Defender
448151,151640,43960,NED,Mark FLEKKEN,0.0,0.0,0.0,0.0,Goalkeeper
448149,151640,43960,NED,Teun KOOPMEINERS,0.0,0.0,0.0,0.0,Midfielder
424081,151640,43960,NED,Bart Verbruggen,0.0,0.0,0.0,0.0,Goalkeeper
448153,151640,43960,NED,Noa LANG,0.0,0.0,1.0,0.0,Forward
478364,151640,43960,NED,Justin KLUIVERT,0.0,0.0,0.0,0.0,Midfielder
483553,151640,43960,NED,Lutsharel GEERTRUIDA,0.0,0.0,0.0,0.0,Defender
436612,151640,43960,NED,Denzel DUMFRIES,0.0,0.0,1.0,2.0,Defender
430176,151640,43960,NED,Ryan GRAVENBERCH,0.0,0.0,1.0,2.0,Midfielder
336088,151640,43960,NED,Nathan AKE,0.0,0.0,0.0,0.0,Defender
448159,151640,43960,NED,Wout WEGHORST,0.0,0.0,0.0,0.0,Forward
489517,151640,43960,NED,Jan Paul VAN HECKE,0.0,0.0,0.0,1.0,Defender
397786,151640,43960,NED,Virgil VAN DIJK,0.0,0.0,0.0,1.0,Defender
483526,151640,43960,NED,Tijjani REIJNDERS,0.0,0.0,2.0,0.0,Midfielder
424051,151640,43960,NED,Brian BROBBEY,0.0,0.0,1.0,1.0,Forward
402044,151640,43960,NED,Marten DE ROON,0.0,0.0,0.0,0.0,Midfielder
493061,151640,43970,SWE,Eric SMITH,0.0,0.0,0.0,0.0,Defender
441132,151640,43970,SWE,Carl STARFELT,0.0,0.0,0.0,0.0,Defender
483264,151640,43970,SWE,Viktor JOHANSSON,0.0,0.0,0.0,0.0,Goalkeeper
519958,151640,43970,SWE,Elliot STROUD,0.0,0.0,0.0,0.0,Defender
483319,151640,43970,SWE,Hjalmar EKDAL,0.0,0.0,0.0,0.0,Defender
395283,151640,43970,SWE,Victor LINDELOF,0.0,0.0,0.0,1.0,Defender
503047,151640,43970,SWE,Besfort ZENELI,0.0,0.0,0.0,0.0,Midfielder
489688,151640,43970,SWE,Yasin AYARI,1.0,0.0,2.0,1.0,Midfielder
489691,151640,43970,SWE,Gustaf NILSSON,0.0,0.0,0.0,0.0,Forward
489689,151640,43970,SWE,Lucas BERGVALL,1.0,0.0,1.0,1.0,Midfielder
360496,151640,43970,SWE,Kristoffer NORDFELDT,0.0,0.0,0.0,0.0,Goalkeeper
514202,151640,43970,SWE,Taha ALI,0.0,0.0,0.0,0.0,Forward
491255,151640,43970,SWE,Daniel SVENSSON,0.0,0.0,0.0,0.0,Defender
395286,151640,43970,SWE,Ken SEMA,0.0,0.0,0.0,0.0,Midfielder
502945,151640,43970,SWE,Alexander BERNHARDSSON,0.0,0.0,1.0,0.0,Defender
489685,151640,43970,SWE,Jacob WIDELL ZETTERSTROM,0.0,0.0,0.0,0.0,Goalkeeper
502946,151640,43970,SWE,Benjamin NYGREN,0.0,0.0,0.0,2.0,Midfielder
430150,151640,43970,SWE,Alexander Isak,0.0,0.0,1.0,0.0,Forward
433795,151640,43970,SWE,Mattias SVANBERG,0.0,0.0,0.0,0.0,Midfielder
514639,151640,43970,SWE,Herman JOHANSSON,0.0,0.0,0.0,0.0,Defender
483312,151640,43970,SWE,Isak HIEN,0.0,0.0,1.0,1.0,Defender
483276,151640,43970,SWE,Gabriel GUDMUNDSSON,1.0,0.0,1.0,1.0,Defender
483304,151640,43970,SWE,Gustaf LAGERBIELKE,0.0,0.0,0.0,1.0,Defender
483327,151640,43970,SWE,Viktor GYOKERES,0.0,0.0,1.0,2.0,Forward
441135,151640,43970,SWE,Jesper KARLSTROM,0.0,0.0,0.0,2.0,Midfielder
441137,151640,43970,SWE,Anthony ELANGA,0.0,0.0,1.0,0.0,Forward
491218,151634,43948,GER,Jamie LEWELING,0.0,0.0,0.0,0.0,Midfielder
228912,151634,43948,GER,Manuel NEUER,0.0,0.0,0.0,0.0,Goalkeeper
429639,151634,43948,GER,Alexander NUEBEL,0.0,0.0,0.0,0.0,Goalkeeper
430658,151634,43948,GER,Waldemar ANTON,0.0,0.0,0.0,0.0,Defender
511015,151634,43948,GER,Nathaniel BROWN,0.0,0.0,0.0,0.0,Defender
430667,151634,43948,GER,Nico SCHLOTTERBECK,0.0,0.0,0.0,0.0,Defender
379955,151634,43948,GER,Antonio RUEDIGER,0.0,0.0,0.0,0.0,Defender
429642,151634,43948,GER,Jamal MUSIALA,0.0,0.0,2.0,1.0,Midfielder
395471,151634,43948,GER,Nadiem Amiri,0.0,0.0,0.0,0.0,Midfielder
492363,151634,43948,GER,Felix NMECHA,0.0,0.0,1.0,1.0,Midfielder
484850,151634,43948,GER,Maximilian BEIER,0.0,0.0,0.0,0.0,Forward
484851,151634,43948,GER,Deniz UNDAV,0.0,0.0,0.0,1.0,Forward
430657,151634,43948,GER,David RAUM,0.0,0.0,0.0,0.0,Defender
386413,151634,43948,GER,Joshua KIMMICH,0.0,0.0,0.0,0.0,Defender
411367,151634,43948,GER,Kai HAVERTZ,0.0,0.0,0.0,0.0,Forward
475195,151634,43948,GER,Assan OUEDRAOGO,0.0,0.0,0.0,0.0,Midfielder
429640,151634,43948,GER,Angelo Stiller,0.0,0.0,0.0,0.0,Midfielder
379953,151634,43948,GER,Leon GORETZKA,0.0,0.0,0.0,0.0,Midfielder
484848,151634,43948,GER,Pascal GROSS,0.0,0.0,0.0,0.0,Midfielder
498416,151634,43948,GER,Nick WOLTEMADE,0.0,0.0,0.0,0.0,Forward
401378,151634,43948,GER,Jonathan TAH,0.0,0.0,1.0,0.0,Defender
514188,151634,43948,GER,Malick THIAW,0.0,0.0,0.0,0.0,Defender
404353,151634,43948,GER,Leroy SANE,0.0,0.0,0.0,0.0,Midfielder
306538,151634,43948,GER,Oliver Baumann,0.0,0.0,0.0,0.0,Goalkeeper
430669,151634,43948,GER,Florian WIRTZ,0.0,0.0,1.0,1.0,Midfielder
484849,151634,43948,GER,Aleksandar PAVLOVIC,0.0,0.0,1.0,1.0,Midfielder
430831,151634,43854,CIV,Ibrahim SANGARE,0.0,0.0,0.0,0.0,Midfielder
477825,151634,43854,CIV,Odilon KOSSOUNOU,0.0,0.0,1.0,0.0,Defender
485675,151634,43854,CIV,Evann GUESSAND,0.0,0.0,0.0,1.0,Forward
486259,151634,43854,CIV,Mohamed KONE,0.0,0.0,0.0,0.0,Goalkeeper
506202,151634,43854,CIV,Bazoumana TOURE,0.0,0.0,0.0,0.0,Forward
486317,151634,43854,CIV,Guela DOUE,0.0,0.0,0.0,1.0,Defender
371609,151634,43854,CIV,Franck KESSIE,0.0,0.0,0.0,1.0,Midfielder
405175,151634,43854,CIV,Seko Fofana,0.0,0.0,0.0,0.0,Midfielder
407343,151634,43854,CIV,Ghislain KONAN,0.0,0.0,0.0,0.0,Defender
402261,151634,43854,CIV,Nicolas PEPE,0.0,0.0,0.0,0.0,Forward
477777,151634,43854,CIV,Oumar DIAKITE,0.0,0.0,0.0,0.0,Forward
430854,151634,43854,CIV,Wilfried SINGO,0.0,0.0,0.0,1.0,Defender
335807,151634,43854,CIV,Jean Michael SERI,0.0,0.0,0.0,0.0,Midfielder
405873,151634,43854,CIV,Yahia Fofana,0.0,0.0,2.0,0.0,Goalkeeper
477778,151634,43854,CIV,Simon ADINGRA,0.0,0.0,0.0,0.0,Forward
430822,151634,43854,CIV,Amad DIALLO,0.0,0.0,0.0,0.0,Forward
464133,151634,43854,CIV,Elye WAHI,0.0,0.0,0.0,0.0,Forward
510922,151634,43854,CIV,Yan DIOMANDE,0.0,0.0,1.0,1.0,Forward
514208,151634,43854,CIV,Christ Inao OULAI,0.0,0.0,1.0,1.0,Midfielder
477802,151634,43854,CIV,Ousmane DIOMANDE,0.0,0.0,0.0,0.0,Defender
486268,151634,43854,CIV,Emmanuel AGBADOU,0.0,0.0,0.0,0.0,Defender
486260,151634,43854,CIV,Christopher OPERI,0.0,0.0,0.0,0.0,Defender
419172,151634,43854,CIV,Evan NDICKA,0.0,0.0,0.0,0.0,Defender
430834,151634,43854,CIV,Parfait GUIAGON,0.0,0.0,0.0,0.0,Midfielder
464103,151634,43854,CIV,Ange-Yoan BONNY,0.0,0.0,0.0,1.0,Forward
403090,151634,43854,CIV,Alban Lafont,0.0,0.0,0.0,0.0,Goalkeeper
402974,151633,43927,ECU,Angelo PRECIADO,0.0,0.0,1.0,0.0,Defender
448312,151633,43927,ECU,Nilson ANGULO,0.0,0.0,0.0,0.0,Forward
463489,151633,43927,ECU,Yaimar MEDINA,0.0,0.0,0.0,0.0,Defender
373400,151633,43927,ECU,Enner VALENCIA,0.0,0.0,1.0,0.0,Forward
419020,151633,43927,ECU,Gonzalo PLATA,0.0,0.0,1.0,0.0,Forward
419005,151633,43927,ECU,Jordy ALCIVAR,1.0,0.0,0.0,1.0,Midfielder
419002,151633,43927,ECU,Moises RAMIREZ,0.0,0.0,0.0,0.0,Goalkeeper
389784,151633,43927,ECU,Alan FRANCO,0.0,0.0,0.0,1.0,Midfielder
448295,151633,43927,ECU,Gonzalo VALLE,0.0,0.0,0.0,0.0,Goalkeeper
424036,151633,43927,ECU,Pedro VITE,0.0,0.0,2.0,1.0,Midfielder
448299,151633,43927,ECU,Anthony VALENCIA,0.0,0.0,0.0,0.0,Midfielder
463476,151633,43927,ECU,Denil CASTILLO,0.0,0.0,0.0,0.0,Midfielder
405920,151633,43927,ECU,John YEBOAH,0.0,0.0,0.0,0.0,Forward
463495,151633,43927,ECU,Kendry PAEZ,0.0,0.0,0.0,0.0,Midfielder
389782,151633,43927,ECU,Pervis ESTUPINAN,0.0,0.0,0.0,2.0,Defender
448310,151633,43927,ECU,Kevin RODRIGUEZ,0.0,0.0,1.0,0.0,Forward
448290,151633,43927,ECU,Willian PACHO,0.0,0.0,0.0,1.0,Defender
463468,151633,43927,ECU,Alan MINDA,0.0,0.0,0.0,0.0,Midfielder
463465,151633,43927,ECU,Joel ORDONEZ,0.0,0.0,0.0,0.0,Defender
402979,151633,43927,ECU,Felix TORRES,0.0,0.0,0.0,0.0,Defender
428885,151633,43927,ECU,Moises CAICEDO,0.0,0.0,0.0,0.0,Midfielder
402985,151633,43927,ECU,Jordy CAICEDO,0.0,0.0,0.0,0.0,Forward
441236,151633,43927,ECU,Hernan GALINDEZ,0.0,0.0,0.0,0.0,Goalkeeper
419003,151633,43927,ECU,Jackson POROZO,0.0,0.0,0.0,0.0,Defender
424031,151633,43927,ECU,Piero HINCAPIE,0.0,0.0,2.0,1.0,Defender
514326,151633,43927,ECU,Jeremy AREVALO,0.0,0.0,0.0,0.0,Forward
390650,151633,1895293,CUW,Eloy ROOM,0.0,0.0,0.0,0.0,Goalkeeper
485347,151633,1895293,CUW,Tahith CHONG,0.0,0.0,3.0,1.0,Midfielder
466317,151633,1895293,CUW,Juninho BACUNA,1.0,0.0,1.0,1.0,Midfielder
466361,151633,1895293,CUW,Roshon VAN EIJMA,0.0,0.0,0.0,0.0,Defender
466350,151633,1895293,CUW,Sherel FLORANUS,0.0,0.0,0.0,0.0,Defender
466346,151633,1895293,CUW,Brandley KUWAS,0.0,0.0,0.0,0.0,Forward
506471,151633,1895293,CUW,Deveron FONVILLE,0.0,0.0,1.0,0.0,Defender
398569,151633,1895293,CUW,Riechedly Bazoer,0.0,0.0,0.0,0.0,Defender
431698,151633,1895293,CUW,Jurien GAARI,1.0,0.0,1.0,2.0,Defender
466340,151633,1895293,CUW,Leandro BACUNA,1.0,0.0,0.0,2.0,Midfielder
494989,151633,1895293,CUW,Livano COMENENCIA,1.0,0.0,0.0,2.0,Midfielder
466359,151633,1895293,CUW,Godfried ROEMERATOE,0.0,0.0,0.0,0.0,Midfielder
511141,151633,1895293,CUW,Armando OBISPO,0.0,0.0,0.0,0.0,Defender
407680,151633,1895293,CUW,Juergen LOCADIA,0.0,0.0,1.0,1.0,Forward
401023,151633,1895293,CUW,Joshua BRENET,0.0,0.0,0.0,0.0,Defender
466370,151633,1895293,CUW,Tyrick BODAK,0.0,0.0,0.0,0.0,Goalkeeper
466363,151633,1895293,CUW,Jearl MARGARITHA,0.0,0.0,0.0,0.0,Forward
424047,151633,1895293,CUW,Jeremy Antonisse,0.0,0.0,0.0,0.0,Forward
466352,151633,1895293,CUW,Kenji GORRE,0.0,0.0,0.0,0.0,Forward
466372,151633,1895293,CUW,Gervane KASTANEER,1.0,0.0,0.0,1.0,Forward
424056,151633,1895293,CUW,Sontje HANSEN,0.0,0.0,0.0,0.0,Forward
485379,151633,1895293,CUW,Shurandy SAMBO,0.0,0.0,0.0,0.0,Defender
466365,151633,1895293,CUW,Kevin FELIDA,0.0,0.0,0.0,0.0,Midfielder
506473,151633,1895293,CUW,Tyrese NOSLIN,0.0,0.0,0.0,0.0,Forward
485324,151633,1895293,CUW,Arjany MARTHA,0.0,0.0,0.0,0.0,Midfielder
466382,151633,1895293,CUW,Trevor DOORNBUSCH,0.0,0.0,0.0,0.0,Goalkeeper
494374,151639,43888,TUN,Hazem MASTOURI,0.0,0.0,0.0,0.0,Forward
512039,151639,43888,TUN,Khalil AYARI,0.0,0.0,0.0,0.0,Midfielder
411658,151639,43888,TUN,Ellyes SKHIRI,0.0,0.0,0.0,0.0,Midfielder
464484,151639,43888,TUN,Ismael GHARBI,0.0,0.0,2.0,0.0,Midfielder
482885,151639,43888,TUN,Elias SAAD,0.0,0.0,1.0,1.0,Forward
411653,151639,43888,TUN,Dylan BRONN,0.0,0.0,0.0,1.0,Defender
419189,151639,43888,TUN,Yan Valery,0.0,0.0,0.0,1.0,Defender
433380,151639,43888,TUN,Montassar TALBI,0.0,0.0,1.0,1.0,Defender
516043,151639,43888,TUN,Adam AROUS,0.0,0.0,0.0,0.0,Defender
504502,151639,43888,TUN,Sebastian TOUNEKTI,0.0,0.0,0.0,0.0,Midfielder
433362,151639,43888,TUN,Ali ABDI,0.0,0.0,1.0,1.0,Defender
425607,151639,43888,TUN,Mohamed Amine BEN HMIDA,0.0,0.0,0.0,0.0,Defender
433365,151639,43888,TUN,Aymen DAHMEN,0.0,0.0,1.0,0.0,Goalkeeper
506335,151639,43888,TUN,Moutaz NEFFATI,0.0,0.0,0.0,0.0,Defender
520246,151639,43888,TUN,Raed CHIKHAOUI,0.0,0.0,0.0,0.0,Defender
511710,151639,43819,JPN,Tomoki HAYAKAWA,0.0,0.0,0.0,0.0,Goalkeeper
520245,151639,43888,TUN,Mouhib CHAMAKH,0.0,0.0,0.0,0.0,Goalkeeper
433367,151639,43888,TUN,Omar Rekik,0.0,0.0,0.0,0.0,Defender
336459,151639,43888,TUN,Rani Khedira,0.0,0.0,0.0,0.0,Midfielder
372294,151639,43888,TUN,Sabri BEN HESSEN,0.0,0.0,0.0,0.0,Goalkeeper
433361,151639,43888,TUN,Anis SLIMANE,0.0,0.0,0.0,0.0,Midfielder
520247,151639,43888,TUN,Rayan ELLOUMI,0.0,0.0,0.0,0.0,Forward
494375,151639,43888,TUN,Firas CHAOUAT,0.0,0.0,2.0,0.0,Forward
441362,151639,43888,TUN,Mortadha BEN OUANES,0.0,0.0,0.0,0.0,Defender
448662,151639,43888,TUN,Elias ACHOURI,0.0,0.0,0.0,0.0,Forward
479781,151639,43888,TUN,Mohamed HADJ MAHMOUD,0.0,0.0,0.0,0.0,Midfielder
433378,151639,43888,TUN,Hannibal MEJBRI,0.0,0.0,7.0,3.0,Midfielder
464339,151639,43819,JPN,Keisuke GOTO,0.0,0.0,1.0,0.0,Forward
430413,151639,43819,JPN,Ayase UEDA,0.0,0.0,1.0,1.0,Forward
403274,151639,43819,JPN,Hiroki ITO,0.0,0.0,0.0,3.0,Defender
395321,151639,43819,JPN,Junya ITO,0.0,0.0,1.0,2.0,Midfielder
405530,151639,43819,JPN,Zion Suzuki,0.0,0.0,1.0,0.0,Goalkeeper
400514,151639,43819,JPN,Ao TANAKA,0.0,0.0,0.0,1.0,Midfielder
403305,151639,43819,JPN,Keisuke OSAKO,0.0,0.0,0.0,0.0,Goalkeeper
485503,151639,43819,JPN,Yuito SUZUKI,0.0,0.0,0.0,0.0,Midfielder
405527,151639,43819,JPN,Ayumu SEKO,0.0,0.0,0.0,1.0,Defender
403293,151639,43819,JPN,Koki OGAWA,0.0,0.0,0.0,0.0,Forward
405528,151639,43819,JPN,Yukinari Sugawara,0.0,0.0,0.0,0.0,Defender
390541,151639,43819,JPN,Shogo TANIGUCHI,0.0,0.0,0.0,0.0,Defender
391646,151639,43819,JPN,Ritsu DOAN,0.0,0.0,2.0,0.0,Midfielder
448557,151639,43819,JPN,Daichi KAMADA,0.0,0.0,1.0,0.0,Midfielder
498455,151639,43819,JPN,Junnosuke SUZUKI,0.0,0.0,0.0,0.0,Defender
291372,151639,43819,JPN,Yuto NAGATOMO,0.0,0.0,0.0,0.0,Defender
403304,151639,43819,JPN,Takefusa KUBO,0.0,0.0,0.0,0.0,Midfielder
403289,151639,43819,JPN,Takehiro TOMIYASU,0.0,0.0,0.0,3.0,Defender
479294,151639,43819,JPN,Kaishu SANO,0.0,0.0,1.0,2.0,Midfielder
400511,151639,43819,JPN,Kou ITAKURA,0.0,0.0,0.0,1.0,Defender
520218,151639,43819,JPN,Kento SHIOGAI,0.0,0.0,0.0,0.0,Forward
405522,151639,43819,JPN,Keito Nakamura,0.0,0.0,0.0,1.0,Midfielder
448569,151639,43819,JPN,Shuto MACHINO,0.0,0.0,0.0,0.0,Forward
430401,151639,43819,JPN,Tsuyoshi Watanabe,0.0,0.0,0.0,0.0,Defender
430407,151639,43819,JPN,Daizen MAEDA,0.0,0.0,0.0,0.0,Midfielder
474973,151651,43969,ESP,Pau CUBARSI,0.0,0.0,0.0,0.0,Defender
430750,151651,43969,ESP,Dani OLMO,0.0,0.0,0.0,1.0,Forward
484320,151651,43969,ESP,Lamine YAMAL,0.0,0.0,0.0,0.0,Forward
447855,151651,43969,ESP,Nico WILLIAMS,0.0,0.0,0.0,0.0,Forward
430733,151651,43969,ESP,Mikel MERINO,0.0,0.0,0.0,0.0,Midfielder
423646,151651,43969,ESP,PEDRI,0.0,0.0,0.0,0.0,Midfielder
484728,151651,43969,ESP,Marc PUBILL,0.0,0.0,0.0,0.0,Defender
430735,151651,43969,ESP,Marc CUCURELLA,0.0,0.0,0.0,2.0,Defender
391297,151651,43969,ESP,Alex GRIMALDO,0.0,0.0,0.0,0.0,Defender
430751,151651,43969,ESP,Mikel OYARZABAL,0.0,0.0,0.0,1.0,Forward
430753,151651,43969,ESP,Unai SIMON,0.0,0.0,0.0,0.0,Goalkeeper
423658,151651,43969,ESP,Yeremy PINO,0.0,0.0,0.0,2.0,Forward
447866,151651,43969,ESP,GAVI,0.0,0.0,0.0,0.0,Midfielder
447860,151651,43969,ESP,Alex BAENA,0.0,0.0,0.0,1.0,Midfielder
405562,151651,43969,ESP,Eric GARCIA,0.0,0.0,0.0,0.0,Defender
430144,151651,43969,ESP,Pedro PORRO,0.0,0.0,0.0,1.0,Defender
447853,151651,43969,ESP,David RAYA,0.0,0.0,0.0,0.0,Goalkeeper
447864,151651,43969,ESP,Borja IGLESIAS,0.0,0.0,0.0,0.0,Forward
430718,151651,43969,ESP,Fabian RUIZ,0.0,0.0,0.0,0.0,Midfielder
492859,151651,43969,ESP,Victor MUNOZ,0.0,0.0,0.0,0.0,Forward
430754,151651,43969,ESP,Martin ZUBIMENDI,0.0,0.0,0.0,0.0,Midfielder
405545,151651,43969,ESP,Ferran TORRES,0.0,0.0,0.0,1.0,Forward
335999,151651,43969,ESP,Aymeric LAPORTE,0.0,0.0,0.0,1.0,Defender
484691,151651,43969,ESP,Joan GARCIA,0.0,0.0,0.0,0.0,Goalkeeper
382739,151651,43969,ESP,Marcos LLORENTE,0.0,0.0,0.0,0.0,Defender
411375,151651,43969,ESP,RODRI,0.0,0.0,1.0,0.0,Midfielder
339745,151651,43835,KSA,SALEM ALDAWSARI,1.0,0.0,3.0,0.0,Forward
523333,151651,43835,KSA,ALA ALHAJJI,0.0,0.0,0.0,0.0,Midfielder
419291,151651,43835,KSA,FERAS ALBRIKAN,0.0,0.0,1.0,1.0,Forward
494506,151651,43835,KSA,JEHAD THIKRI,0.0,0.0,0.0,0.0,Defender
419326,151651,43835,KSA,ALI MAJRASHI,0.0,0.0,0.0,0.0,Defender
419281,151651,43835,KSA,SAUD ABDULHAMID,0.0,0.0,0.0,0.0,Defender
419287,151651,43835,KSA,NAWAF ALAQIDI,0.0,0.0,0.0,0.0,Goalkeeper
396885,151651,43835,KSA,MOHAMMED ALOWAIS,0.0,0.0,0.0,0.0,Goalkeeper
436537,151651,43835,KSA,MUSAB ALJUWAYR,0.0,0.0,1.0,0.0,Midfielder
430512,151651,43835,KSA,AIMAN YAHYA,0.0,0.0,0.0,0.0,Forward
512183,151651,43835,KSA,MOHAMMED ABU ALSHAMAT,0.0,0.0,1.0,0.0,Defender
403335,151651,43835,KSA,HASSAN ALTAMBAKTI,0.0,0.0,1.0,0.0,Defender
401924,151651,43835,KSA,HASSAN KADISH,0.0,0.0,0.0,0.0,Defender
339746,151651,43835,KSA,AHMED ALKASSAR,0.0,0.0,0.0,0.0,Goalkeeper
419302,151651,43835,KSA,ABDULLAH ALHAMDDAN,0.0,0.0,0.0,0.0,Forward
407993,151651,43835,KSA,MOHAMED KANNO,1.0,0.0,0.0,1.0,Midfielder
419300,151651,43835,KSA,KHALID ALGHANNAM,0.0,0.0,0.0,0.0,Forward
433439,151651,43835,KSA,ALI LAJAMI,0.0,0.0,1.0,0.0,Defender
411624,151651,43835,KSA,ABDULLAH ALKHAIBARI,0.0,0.0,0.0,0.0,Midfielder
403319,151651,43835,KSA,NASSER ALDAWSARI,0.0,0.0,1.0,0.0,Midfielder
419303,151651,43835,KSA,MOTEB ALHARBI,0.0,0.0,1.0,0.0,Defender
425804,151651,43835,KSA,SALEH ALSHEHRI,0.0,0.0,0.0,0.0,Forward
403312,151651,43835,KSA,Abdulelah ALAMRI,0.0,0.0,0.0,0.0,Defender
494800,151651,43835,KSA,SULTAN MANDASH,0.0,0.0,0.0,0.0,Forward
430518,151651,43835,KSA,NAWAF BU WASHL,0.0,0.0,0.0,0.0,Defender
436538,151651,43835,KSA,ZIYAD ALJOHANI,0.0,0.0,0.0,0.0,Midfielder
506088,151646,43935,BEL,Joaquin SEYS,0.0,0.0,0.0,0.0,Defender
358112,151646,43935,BEL,Romelu LUKAKU,1.0,0.0,0.0,1.0,Forward
448377,151646,43935,BEL,Dodi LUKEBAKIO,0.0,0.0,1.0,0.0,Forward
448343,151646,43935,BEL,Hans VANAKEN,0.0,0.0,0.0,0.0,Midfielder
499803,151646,43935,BEL,Mike PENDERS,0.0,0.0,0.0,0.0,Goalkeeper
448362,151646,43935,BEL,Charles DE KETELAERE,0.0,0.0,0.0,0.0,Forward
494025,151646,43935,BEL,Matias FERNANDEZ-PARDO,0.0,0.0,0.0,0.0,Forward
411443,151646,43935,BEL,Timothy CASTAGNE,0.0,0.0,0.0,0.0,Defender
448373,151646,43935,BEL,Maxim DE CUYPER,0.0,0.0,1.0,0.0,Defender
495348,151646,43935,BEL,Senne LAMMENS,0.0,0.0,0.0,0.0,Goalkeeper
358106,151646,43935,BEL,Thibaut COURTOIS,0.0,0.0,0.0,0.0,Goalkeeper
290821,151646,43935,BEL,Axel WITSEL,0.0,0.0,0.0,0.0,Midfielder
448369,151646,43935,BEL,Zeno DEBAST,0.0,0.0,0.0,0.0,Defender
497902,151646,43935,BEL,Diego MOREIRA,0.0,0.0,0.0,0.0,Midfielder
358122,151646,43935,BEL,Thomas MEUNIER,0.0,0.0,0.0,1.0,Defender
448360,151646,43935,BEL,Brandon MECHELE,0.0,0.0,0.0,1.0,Defender
358120,151646,43935,BEL,Kevin DE BRUYNE,0.0,0.0,3.0,0.0,Midfielder
433092,151646,43935,BEL,Alexis SAELEMAEKERS,0.0,0.0,0.0,0.0,Midfielder
448364,151646,43935,BEL,Amadou ONANA,0.0,0.0,0.0,0.0,Midfielder
495349,151646,43935,BEL,Nicolas RASKIN,0.0,0.0,0.0,1.0,Midfielder
448346,151646,43935,BEL,Arthur THEATE,0.0,0.0,0.0,0.0,Defender
448341,151646,43935,BEL,Jeremy DOKU,0.0,0.0,0.0,0.0,Forward
448366,151646,43935,BEL,Koni DE WINTER,0.0,0.0,0.0,0.0,Defender
514166,151646,43935,BEL,Nathan NGOY,0.0,1.0,0.0,2.0,Defender
448355,151646,43935,BEL,Leandro TROSSARD,0.0,0.0,1.0,1.0,Forward
401444,151646,43935,BEL,Youri TIELEMANS,0.0,0.0,2.0,0.0,Midfielder
481181,151646,43817,IRN,Arya YOUSEFI,0.0,0.0,0.0,0.0,Defender
481180,151646,43817,IRN,Shahriyar MOGHANLOO,0.0,0.0,0.0,0.0,Forward
482670,151646,43817,IRN,Mohammad GHORBANI,0.0,0.0,0.0,0.0,Midfielder
379886,151646,43817,IRN,Alireza JAHANBAKHSH,0.0,0.0,0.0,2.0,Midfielder
405639,151646,43817,IRN,Amirhossein Hosseinzadeh,0.0,0.0,0.0,0.0,Forward
314255,151646,43817,IRN,Hossein HOSSEINI,0.0,0.0,0.0,0.0,Goalkeeper
388475,151646,43817,IRN,Mehdi TAREMI,0.0,0.0,2.0,2.0,Forward
390535,151646,43817,IRN,Mehdi TORABI,0.0,0.0,0.0,0.0,Midfielder
489603,151646,43817,IRN,Ali NEMATI,0.0,0.0,0.0,0.0,Defender
371736,151646,43817,IRN,Saeid EZATOLAHI,1.0,0.0,0.0,2.0,Midfielder
390534,151646,43817,IRN,Hossein KANANI,0.0,0.0,0.0,0.0,Defender
519837,151646,43817,IRN,Dennis DARGAHI,0.0,0.0,0.0,0.0,Forward
416989,151646,43817,IRN,Ali Alipour,0.0,0.0,0.0,0.0,Forward
406595,151646,43817,IRN,Roozbeh CHESHMI,0.0,0.0,0.0,0.0,Midfielder
403236,151646,43817,IRN,Mehdi GHAYEDI,0.0,0.0,0.0,0.0,Forward
288961,151646,43817,IRN,Ehsan HAJISAFI,0.0,0.0,0.0,1.0,Defender
494429,151646,43817,IRN,Danial IRI,0.0,0.0,0.0,0.0,Defender
448507,151646,43817,IRN,Payam NIAZMAND,0.0,0.0,0.0,0.0,Goalkeeper
448505,151646,43817,IRN,Saleh HARDANI,0.0,0.0,1.0,0.0,Defender
380007,151646,43817,IRN,Alireza BEIRANVAND,0.0,0.0,1.0,0.0,Goalkeeper
475921,151646,43817,IRN,Amirmohammad RAZAGHINIA,0.0,0.0,0.0,0.0,Midfielder
346743,151646,43817,IRN,Shoja KHALILZADEH,0.0,0.0,0.0,1.0,Defender
390537,151646,43817,IRN,Milad MOHAMMADI,0.0,0.0,0.0,0.0,Defender
384797,151646,43817,IRN,Ramin REZAEIAN,0.0,0.0,0.0,0.0,Defender
411644,151646,43817,IRN,Saman GHODDOS,0.0,0.0,0.0,1.0,Midfielder
448497,151646,43817,IRN,Mohammad MOHEBBI,0.0,0.0,1.0,0.0,Midfielder
368660,151652,43930,URU,Guillermo VARELA,0.0,0.0,0.0,0.0,Defender
439538,151652,43930,URU,Joaquin PIQUEREZ,0.0,0.0,0.0,0.0,Midfielder
406281,151652,43850,CPV,CJ DOS SANTOS,0.0,0.0,0.0,0.0,Goalkeeper
419142,151652,43930,URU,Rodrigo ZALAZAR,0.0,0.0,0.0,0.0,Midfielder
402876,151652,43930,URU,Agustin CANOBBIO,0.0,0.0,0.0,4.0,Midfielder
402897,151652,43930,URU,Santiago MELE,0.0,0.0,0.0,0.0,Goalkeeper
441623,151652,43930,URU,Manuel UGARTE,0.0,0.0,0.0,1.0,Midfielder
477536,151652,43930,URU,Federico VINAS,0.0,0.0,1.0,0.0,Forward
402895,151652,43930,URU,Matias VINA,0.0,0.0,0.0,0.0,Defender
386538,151652,43930,URU,Rodrigo BENTANCUR,1.0,0.0,1.0,3.0,Midfielder
419126,151652,43930,URU,Darwin NUNEZ,0.0,0.0,0.0,0.0,Forward
368652,151652,43930,URU,Giorgian DE ARRASCAETA,0.0,0.0,0.0,0.0,Midfielder
332897,151652,43930,URU,Rodrigo AGUIRRE,0.0,0.0,0.0,0.0,Forward
402898,151652,43930,URU,Nicolas DE LA CRUZ,0.0,0.0,1.0,0.0,Midfielder
368655,151652,43930,URU,Jose Maria GIMENEZ,0.0,0.0,0.0,0.0,Defender
402893,151652,43930,URU,Mathias OLIVERA,1.0,0.0,0.0,1.0,Defender
229498,151652,43930,URU,Fernando MUSLERA,0.0,0.0,0.0,0.0,Goalkeeper
419108,151652,43930,URU,Sebastian CACERES,0.0,0.0,0.0,1.0,Defender
473062,151652,43930,URU,Emiliano MARTINEZ,0.0,0.0,0.0,0.0,Midfielder
402884,151652,43930,URU,Federico VALVERDE,0.0,0.0,0.0,0.0,Midfielder
419134,151652,43930,URU,Juan Manuel SANABRIA,0.0,0.0,0.0,0.0,Midfielder
402904,151652,43930,URU,Santiago BUENO,0.0,0.0,0.0,0.0,Defender
439956,151652,43930,URU,Facundo PELLISTRI,0.0,0.0,0.0,0.0,Forward
419101,151652,43930,URU,Ronald ARAUJO,0.0,0.0,0.0,0.0,Defender
368664,151652,43930,URU,Sergio ROCHET,0.0,0.0,0.0,0.0,Goalkeeper
419132,151652,43930,URU,Brian RODRIGUEZ,0.0,0.0,0.0,0.0,Forward
419100,151652,43930,URU,Maxi ARAUJO,0.0,0.0,1.0,1.0,Midfielder
480966,151652,43850,CPV,LAROS DUARTE,0.0,0.0,1.0,0.0,Midfielder
407114,151652,43850,CPV,MARCIO ROSA,0.0,0.0,0.0,0.0,Goalkeeper
477827,151652,43850,CPV,DEROY DUARTE,0.0,0.0,0.0,1.0,Midfielder
477831,151652,43850,CPV,LOGAN COSTA,0.0,0.0,0.0,0.0,Defender
433724,151652,43850,CPV,WILLY SEMEDO,0.0,0.0,0.0,0.0,Midfielder
297266,151652,43850,CPV,STOPIRA,0.0,0.0,0.0,0.0,Defender
482783,151652,43850,CPV,WAGNER PINA,0.0,0.0,0.0,0.0,Defender
482782,151652,43850,CPV,DAILON LIVRAMENTO,0.0,0.0,0.0,0.0,Forward
477852,151652,43850,CPV,KEVIN PINA,0.0,0.0,0.0,1.0,Midfielder
477847,151652,43850,CPV,STEVEN MOREIRA,0.0,0.0,0.0,0.0,Defender
355642,151652,43850,CPV,RYAN MENDES,0.0,0.0,0.0,0.0,Forward
477770,151652,43850,CPV,PICO LOPES,0.0,0.0,0.0,0.0,Defender
494313,151652,43850,CPV,YANNICK SEMEDO,0.0,0.0,1.0,1.0,Midfielder
494314,151652,43850,CPV,TELMO ARCANJO,0.0,0.0,1.0,0.0,Midfielder
477832,151652,43850,CPV,SIDNY LOPES CABRAL,1.0,0.0,5.0,1.0,Defender
401893,151652,43850,CPV,NUNO DA COSTA,0.0,0.0,1.0,0.0,Midfielder
482780,151652,43850,CPV,KELVIN PIRES,0.0,0.0,0.0,0.0,Defender
477856,151652,43850,CPV,JOVANE CABRAL,0.0,0.0,0.0,0.0,Midfielder
401894,151652,43850,CPV,JAMIRO MONTEIRO,0.0,0.0,1.0,0.0,Midfielder
409241,151652,43850,CPV,DINEY BORGES,1.0,0.0,0.0,0.0,Defender
477862,151652,43850,CPV,GILSON BENCHIMOL,0.0,0.0,1.0,0.0,Forward
373344,151652,43850,CPV,GARRY RODRIGUES,0.0,0.0,0.0,0.0,Midfielder
477855,151652,43850,CPV,JOAO PAULO,0.0,0.0,0.0,0.0,Midfielder
477849,151652,43850,CPV,HELIO VARELA,0.0,0.0,0.0,0.0,Midfielder
364752,151652,43850,CPV,VOZINHA,0.0,0.0,0.0,0.0,Goalkeeper
368535,151645,43978,NZL,Max CROCOMBE,0.0,0.0,0.0,0.0,Goalkeeper
269592,151645,43978,NZL,Kosta BARBAROUSES,0.0,0.0,0.0,0.0,Forward
261367,151645,43978,NZL,Michael BOXALL,0.0,0.0,1.0,1.0,Defender
419577,151645,43978,NZL,Ben WAINE,0.0,0.0,0.0,0.0,Forward
419572,151645,43978,NZL,Nando PIJNAKER,0.0,0.0,0.0,0.0,Defender
331463,151645,43978,NZL,Tim PAYNE,0.0,0.0,0.0,1.0,Defender
390196,151645,43978,NZL,Callum McCOWATT,1.0,0.0,0.0,2.0,Midfielder
423575,151645,43978,NZL,Ben OLD,0.0,0.0,1.0,0.0,Midfielder
423595,151645,43978,NZL,Marko STAMENIC,0.0,0.0,0.0,0.0,Midfielder
419567,151645,43978,NZL,Callan ELLIOT,0.0,0.0,0.0,0.0,Defender
371142,151645,43978,NZL,Alex RUFER,0.0,0.0,0.0,0.0,Midfielder
416652,151645,43978,NZL,Jesse RANDALL,0.0,0.0,0.0,0.0,Forward
390181,151645,43978,NZL,Joe BELL,0.0,0.0,0.0,2.0,Midfielder
274078,151645,43978,NZL,Chris WOOD,0.0,0.0,0.0,1.0,Forward
484817,151645,43978,NZL,Lachlan BAYLISS,0.0,0.0,0.0,0.0,Midfielder
274102,151645,43978,NZL,Tommy SMITH,0.0,0.0,0.0,0.0,Defender
408948,151645,43855,EGY,MOHAMED ELSHENAWY,0.0,0.0,0.0,0.0,Goalkeeper
336641,151645,43978,NZL,Ryan THOMAS,0.0,0.0,1.0,0.0,Midfielder
440748,151645,43978,NZL,Francis DE VRIES,0.0,0.0,0.0,0.0,Defender
390209,151645,43978,NZL,Sarpreet SINGH,1.0,0.0,2.0,1.0,Midfielder
405469,151645,43978,NZL,Liberato CACACE,0.0,0.0,3.0,1.0,Defender
463580,151645,43978,NZL,Finn SURMAN,0.0,0.0,0.0,3.0,Defender
423574,151645,43978,NZL,Alex PAULSEN,0.0,0.0,0.0,0.0,Goalkeeper
482775,151645,43978,NZL,Tyler BINDON,0.0,0.0,0.0,1.0,Defender
405454,151645,43978,NZL,Elijah JUST,0.0,0.0,0.0,1.0,Midfielder
390218,151645,43978,NZL,Michael WOUD,0.0,0.0,0.0,0.0,Goalkeeper
416906,151645,43855,EGY,MOSTAFA SHOUBIR,0.0,0.0,2.0,0.0,Goalkeeper
512079,151645,43855,EGY,MOHAMED ALAA,0.0,0.0,0.0,0.0,Goalkeeper
433461,151645,43855,EGY,ZIZO,0.0,0.0,0.0,0.0,Forward
433466,151645,43855,EGY,NABIL DONGA,0.0,0.0,0.0,0.0,Midfielder
433469,151645,43855,EGY,MOHANAD LASHIN,1.0,0.0,0.0,1.0,Midfielder
430482,151645,43855,EGY,EMAM ASHOUR,0.0,0.0,3.0,1.0,Midfielder
461788,151645,43855,EGY,MARAWAN ATTIA,0.0,0.0,0.0,0.0,Midfielder
344654,151645,43855,EGY,MOHAMED SALAH,0.0,0.0,1.0,0.0,Forward
430477,151645,43855,EGY,AHMED FATOUH,0.0,0.0,1.0,0.0,Defender
395860,151645,43855,EGY,MAHDY SOLIMAN,0.0,0.0,0.0,0.0,Goalkeeper
363863,151645,43855,EGY,TREZEGUET,0.0,0.0,0.0,1.0,Forward
483161,151645,43855,EGY,MOSTAFA ZICO,0.0,0.0,1.0,2.0,Midfielder
430476,151645,43855,EGY,OMAR MARMOUSH,0.0,0.0,4.0,0.0,Forward
483182,151645,43855,EGY,HOSSAM ABDELMAGUID,0.0,0.0,0.0,0.0,Defender
430465,151645,43855,EGY,IBRAHIM ADEL,0.0,0.0,0.0,0.0,Forward
483183,151645,43855,EGY,MAHMOUD SABER,0.0,0.0,0.0,0.0,Midfielder
408950,151645,43855,EGY,MOHAMED HANY,0.0,0.0,0.0,0.0,Defender
429095,151645,43855,EGY,HAMDY FATHY,0.0,0.0,0.0,0.0,Midfielder
416902,151645,43855,EGY,MOHAMED ABDELMONEIM,0.0,0.0,0.0,0.0,Defender
369267,151645,43855,EGY,YASSER IBRAHIM,0.0,0.0,1.0,0.0,Defender
407022,151645,43855,EGY,KARIM HAFEZ,0.0,0.0,0.0,0.0,Defender
344661,151645,43855,EGY,RAMY RABIA,0.0,0.0,0.0,2.0,Defender
495488,151645,43855,EGY,HAMZA ABDELKARIM,0.0,0.0,0.0,1.0,Forward
424106,151645,43855,EGY,Haissem HASSAN,0.0,0.0,0.0,0.0,Forward
506124,151645,43855,EGY,TAREK ALAA,0.0,0.0,0.0,0.0,Defender
402921,151664,43922,ARG,Lisandro MARTINEZ,0.0,0.0,0.0,1.0,Defender
430631,151664,43922,ARG,Nico GONZALEZ,0.0,0.0,2.0,0.0,Midfielder
402934,151664,43922,ARG,Marcos SENESI,0.0,0.0,0.0,0.0,Midfielder
395414,151664,43922,ARG,Giovani Lo Celso,0.0,0.0,0.0,0.0,Midfielder
418963,151664,43922,ARG,Facundo MEDINA,1.0,0.0,1.0,1.0,Defender
430628,151664,43922,ARG,Alexis MAC ALLISTER,0.0,0.0,1.0,2.0,Midfielder
332847,151664,43922,ARG,Leandro PAREDES,1.0,0.0,0.0,1.0,Midfielder
418975,151664,43922,ARG,Thiago ALMADA,0.0,0.0,0.0,0.0,Forward
389485,151664,43922,ARG,Exequiel PALACIOS,0.0,0.0,0.0,0.0,Midfielder
402926,151664,43922,ARG,Gonzalo MONTIEL,0.0,0.0,0.0,0.0,Defender
428882,151664,43922,ARG,Rodrigo DE PAUL,0.0,0.0,0.0,0.0,Midfielder
431196,151664,43922,ARG,Cristian ROMERO,0.0,0.0,0.0,1.0,Defender
229397,151664,43922,ARG,Lionel MESSI,0.0,0.0,4.0,0.0,Forward
441422,151664,43922,ARG,Nico PAZ,0.0,0.0,0.0,0.0,Forward
495054,151664,43922,ARG,Jose Manuel LOPEZ,0.0,0.0,0.0,0.0,Forward
394824,151664,43922,ARG,Geronimo RULLI,0.0,0.0,0.0,0.0,Goalkeeper
402920,151664,43922,ARG,Lautaro MARTINEZ,0.0,0.0,2.0,2.0,Forward
485595,151664,43922,ARG,Giuliano SIMEONE,0.0,0.0,0.0,0.0,Forward
310116,151664,43922,ARG,Nicolas OTAMENDI,0.0,0.0,0.0,2.0,Defender
416081,151664,43922,ARG,Julian ALVAREZ,0.0,0.0,0.0,0.0,Forward
430624,151664,43922,ARG,Juan MUSSO,0.0,0.0,0.0,0.0,Goalkeeper
308322,151664,43922,ARG,Nicolas TAGLIAFICO,0.0,0.0,1.0,0.0,Defender
402925,151664,43922,ARG,Nahuel MOLINA,0.0,0.0,0.0,1.0,Defender
463661,151664,43922,ARG,Valentin BARCO,0.0,0.0,0.0,0.0,Midfielder
448252,151664,43922,ARG,Enzo FERNANDEZ,0.0,0.0,1.0,2.0,Midfielder
308300,151664,43922,ARG,Emiliano MARTINEZ,0.0,0.0,0.0,0.0,Goalkeeper
463286,151664,43934,AUT,Patrick WIMMER,0.0,0.0,1.0,3.0,Forward
441068,151664,43934,AUT,Dejan LJUBICIC,0.0,0.0,0.0,0.0,Midfielder
375600,151664,43934,AUT,Alessandro SCHOEPF,0.0,0.0,0.0,0.0,Midfielder
463288,151664,43934,AUT,Phillip MWENE,0.0,0.0,0.0,0.0,Defender
401131,151664,43934,AUT,Michael Gregoritsch,0.0,0.0,1.0,0.0,Forward
430100,151664,43934,AUT,Sasa KALAJDZIC,0.0,0.0,0.0,0.0,Forward
405263,151664,43934,AUT,Kevin Danso,0.0,0.0,0.0,1.0,Defender
491269,151664,43934,AUT,Michael SVOBODA,0.0,0.0,0.0,0.0,Defender
520035,151664,43934,AUT,David AFFENGRUBER,0.0,0.0,0.0,0.0,Defender
441067,151664,43934,AUT,Stefan POSCH,1.0,0.0,0.0,1.0,Defender
371739,151664,43934,AUT,Alexander SCHLAGER,0.0,0.0,0.0,0.0,Goalkeeper
463287,151664,43934,AUT,Marco FRIEDL,0.0,0.0,0.0,0.0,Defender
520034,151664,43934,AUT,Florian WIEGELE,0.0,0.0,0.0,0.0,Goalkeeper
463800,151664,43934,AUT,Carney CHUKWUEMEKA,0.0,0.0,1.0,0.0,Midfielder
463283,151664,43934,AUT,Romano SCHMID,0.0,0.0,4.0,2.0,Midfielder
316002,151664,43934,AUT,David ALABA,0.0,0.0,0.0,0.0,Defender
299200,151664,43934,AUT,Marko ARNAUTOVIC,0.0,0.0,0.0,0.0,Forward
385531,151664,43934,AUT,Xaver Schlager,0.0,0.0,0.0,3.0,Midfielder
385259,151664,43934,AUT,Konrad LAIMER,1.0,0.0,3.0,1.0,Midfielder
358241,151664,43934,AUT,Marcel SABITZER,0.0,0.0,1.0,0.0,Midfielder
463282,151664,43934,AUT,Alexander PRASS,0.0,0.0,0.0,0.0,Midfielder
441065,151664,43934,AUT,Patrick PENTZ,0.0,0.0,0.0,0.0,Goalkeeper
385248,151664,43934,AUT,Florian GRILLITSCH,0.0,0.0,0.0,0.0,Midfielder
520036,151664,43934,AUT,Paul WANNER,0.0,0.0,0.0,2.0,Midfielder
372243,151664,43934,AUT,Philipp Lienhart,0.0,0.0,0.0,0.0,Defender
441088,151664,43934,AUT,Nicolas SEIWALD,0.0,0.0,0.0,0.0,Midfielder
402047,151657,43946,FRA,Adrien RABIOT,0.0,0.0,0.0,2.0,Midfielder
411470,151657,43946,FRA,Lucas HERNANDEZ,0.0,0.0,0.0,0.0,Defender
483549,151657,43946,FRA,Warren ZAIRE-EMERY,0.0,0.0,0.0,0.0,Midfielder
389867,151657,43946,FRA,Kylian MBAPPE,0.0,0.0,1.0,1.0,Forward
485655,151657,43946,FRA,Michael OLISE,0.0,0.0,1.0,0.0,Forward
403094,151657,43946,FRA,Jean-Philippe MATETA,0.0,0.0,0.0,0.0,Forward
405881,151657,43946,FRA,Maxence Lacroix,0.0,0.0,0.0,0.0,Defender
448332,151657,43946,FRA,Mike MAIGNAN,0.0,0.0,0.0,0.0,Goalkeeper
403109,151657,43946,FRA,Marcus THURAM,0.0,0.0,0.0,0.0,Forward
419166,151657,43946,FRA,Ibrahima KONATE,0.0,0.0,0.0,0.0,Defender
464114,151657,43946,FRA,Desire DOUE,0.0,0.0,0.0,0.0,Forward
431861,151657,43946,FRA,Rayan CHERKI,0.0,0.0,0.0,0.0,Midfielder
430707,151657,43946,FRA,Jules KOUNDE,0.0,0.0,1.0,0.0,Defender
398681,151657,43946,FRA,Ngolo KANTE,0.0,0.0,0.0,0.0,Midfielder
398680,151657,43946,FRA,Ousmane DEMBELE,0.0,0.0,0.0,0.0,Forward
405893,151657,43946,FRA,Aurelien TCHOUAMENI,0.0,0.0,0.0,0.0,Midfielder
368860,151657,43946,FRA,Lucas Digne,0.0,0.0,0.0,1.0,Defender
464055,151657,43946,FRA,Malo GUSTO,0.0,0.0,0.0,1.0,Defender
485677,151657,43946,FRA,Manu KONE,0.0,0.0,1.0,2.0,Midfielder
408042,151657,43946,FRA,Theo HERNANDEZ,0.0,0.0,0.0,0.0,Defender
484860,151657,43946,FRA,Bradley BARCOLA,0.0,0.0,0.0,0.0,Forward
464127,151657,43946,FRA,Robin RISSER,0.0,0.0,0.0,0.0,Goalkeeper
485666,151657,43946,FRA,Maghnes AKLIOUCHE,0.0,0.0,0.0,0.0,Midfielder
483471,151657,43946,FRA,Brice SAMBA,0.0,0.0,0.0,0.0,Goalkeeper
389876,151657,43946,FRA,Dayot UPAMECANO,0.0,0.0,0.0,1.0,Defender
419177,151657,43946,FRA,William SALIBA,0.0,0.0,0.0,0.0,Defender
479553,151657,43818,IRQ,Hussein Ali,0.0,0.0,0.0,0.0,Defender
347085,151657,43818,IRQ,JALAL HASSAN,0.0,0.0,0.0,0.0,Goalkeeper
434029,151657,43818,IRQ,ALI YOUSIF,0.0,0.0,0.0,0.0,Forward
484270,151657,43818,IRQ,ZAID ISMAEL,0.0,0.0,0.0,0.0,Midfielder
396158,151657,43818,IRQ,REBIN SULAKA,0.0,0.0,0.0,0.0,Defender
422968,151657,43818,IRQ,MOHANAD ALI,0.0,0.0,0.0,0.0,Forward
464458,151657,43818,IRQ,YOUSSEF AMYN,0.0,0.0,0.0,0.0,Midfielder
484276,151657,43818,IRQ,AHMED MAKNAZI,0.0,0.0,0.0,0.0,Defender
433074,151657,43818,IRQ,AMIR ALAMMARI,1.0,0.0,0.0,1.0,Midfielder
436628,151657,43818,IRQ,ALI ALHAMADI,0.0,0.0,3.0,0.0,Forward
395186,151657,43818,IRQ,AYMEN HUSSEIN,0.0,0.0,0.0,0.0,Forward
368744,151657,43818,IRQ,FAHAD TALIB,0.0,0.0,0.0,0.0,Goalkeeper
436863,151657,43818,IRQ,FRANS PUTROS,0.0,0.0,0.0,0.0,Defender
433585,151657,43818,IRQ,IBRAHIM BAYESH,0.0,0.0,0.0,1.0,Midfielder
479072,151657,43818,IRQ,MERCHAS DOSKI,0.0,0.0,2.0,1.0,Defender
479056,151657,43818,IRQ,MUSTAFA SAADOON,0.0,0.0,0.0,0.0,Defender
434026,151657,43818,IRQ,ZIDANE IQBAL,0.0,0.0,1.0,1.0,Midfielder
484262,151657,43818,IRQ,MARKO FARJI,0.0,0.0,1.0,0.0,Forward
464457,151657,43818,IRQ,ALI JASIM,0.0,0.0,0.0,0.0,Forward
506069,151657,43818,IRQ,KEVIN YAKOB,0.0,0.0,0.0,0.0,Midfielder
434025,151657,43818,IRQ,ZAID TAHSEEN,0.0,0.0,0.0,0.0,Defender
434024,151657,43818,IRQ,MUNAF YOUNUS,0.0,0.0,0.0,0.0,Defender
493983,151657,43818,IRQ,AIMAR SHER,0.0,0.0,0.0,0.0,Midfielder
481183,151657,43818,IRQ,AKAM HASHIM,0.0,0.0,0.0,0.0,Defender
433571,151657,43818,IRQ,AHMED BASIL,0.0,0.0,0.0,0.0,Goalkeeper
523236,151657,43818,IRQ,AHMED QASEM,0.0,0.0,1.0,0.0,Forward
419662,151658,43961,NOR,Jorgen STRAND LARSEN,0.0,0.0,0.0,0.0,Forward
514479,151658,43961,NOR,Sander TANGVIK,0.0,0.0,0.0,0.0,Goalkeeper
491244,151658,43961,NOR,Torbjorn HEGGEM,0.0,0.0,0.0,0.0,Defender
483448,151658,43961,NOR,Antonio NUSA,0.0,0.0,0.0,0.0,Forward
404645,151658,43961,NOR,Sander BERGE,0.0,0.0,0.0,1.0,Midfielder
433067,151658,43961,NOR,Morten Thorsby,0.0,0.0,0.0,0.0,Midfielder
489696,151658,43961,NOR,Sondre LANGAS,0.0,0.0,0.0,0.0,Defender
483497,151658,43961,NOR,Fredrik AURSNES,0.0,0.0,0.0,4.0,Midfielder
373235,151658,43961,NOR,Orjan NYLAND,0.0,0.0,0.0,0.0,Goalkeeper
494627,151658,43961,NOR,Thelo AASGAARD,0.0,0.0,0.0,0.0,Midfielder
483535,151658,43961,NOR,Egil SELVIK,0.0,0.0,0.0,0.0,Goalkeeper
477470,151658,43961,NOR,Oscar BOBB,0.0,0.0,0.0,0.0,Midfielder
483530,151658,43961,NOR,Fredrik Andre BJORKAN,0.0,0.0,0.0,0.0,Defender
419681,151658,43961,NOR,Kristian Thorstvedt,0.0,0.0,0.0,0.0,Midfielder
419654,151658,43961,NOR,Jens Petter HAUGE,0.0,0.0,0.0,0.0,Midfielder
419652,151658,43961,NOR,Erling HAALAND,0.0,0.0,0.0,2.0,Forward
483516,151658,43961,NOR,Kristoffer AJER,0.0,0.0,0.0,0.0,Defender
483496,151658,43961,NOR,Julian RYERSON,0.0,0.0,0.0,0.0,Forward
483442,151658,43961,NOR,Patrick BERG,0.0,0.0,0.0,2.0,Midfielder
419672,151658,43961,NOR,Leo OSTIGARD,0.0,0.0,1.0,0.0,Defender
520112,151658,43961,NOR,Henrik FALCHENER,0.0,0.0,0.0,0.0,Defender
494626,151658,43961,NOR,Andreas SCHJELDERUP,0.0,0.0,0.0,0.0,Midfielder
400716,151658,43961,NOR,Martin ODEGAARD,0.0,0.0,1.0,0.0,Midfielder
494625,151658,43961,NOR,Marcus HOLMGREN PEDERSEN,0.0,0.0,1.0,1.0,Defender
483505,151658,43961,NOR,David MOLLER WOLFE,0.0,0.0,0.0,2.0,Defender
398588,151658,43961,NOR,Alexander SORLOTH,0.0,0.0,1.0,1.0,Forward
448821,151658,43879,SEN,Mory DIAW,0.0,0.0,1.0,0.0,Goalkeeper
430690,151658,43879,SEN,Moussa Niakhate,0.0,0.0,4.0,0.0,Defender
332314,151658,43879,SEN,Idrissa Gana GUEYE,0.0,0.0,1.0,0.0,Midfielder
494277,151658,43879,SEN,Yehvann DIOUF,0.0,0.0,0.0,0.0,Goalkeeper
430671,151658,43879,SEN,Ismail JAKOBS,0.0,0.0,0.0,0.0,Defender
496358,151658,43879,SEN,Ibrahim MBAYE,0.0,0.0,1.0,0.0,Forward
339820,151658,43879,SEN,Kalidou KOULIBALY,0.0,0.0,0.0,0.0,Defender
448825,151658,43879,SEN,Pathe CISS,0.0,0.0,0.0,1.0,Midfielder
403642,151658,43879,SEN,Krepin DIATTA,0.0,0.0,1.0,0.0,Defender
431788,151658,43879,SEN,Pape GUEYE,0.0,0.0,0.0,0.0,Midfielder
464842,151658,43879,SEN,Lamine CAMARA,0.0,0.0,2.0,0.0,Midfielder
486130,151658,43879,SEN,Habib DIARRA,0.0,0.0,0.0,0.0,Midfielder
418798,151658,43879,SEN,Pape Matar SARR,0.0,0.0,0.0,1.0,Midfielder
523354,151658,43879,SEN,Bara Sapoko NDIAYE,0.0,0.0,0.0,0.0,Midfielder
494279,151658,43879,SEN,Antoine MENDY,0.0,0.0,0.0,0.0,Defender
484698,151658,43879,SEN,Assane DIAO,0.0,0.0,0.0,0.0,Forward
353790,151658,43879,SEN,Sadio MANE,0.0,0.0,1.0,2.0,Forward
418781,151658,43879,SEN,Bamba DIENG,0.0,0.0,0.0,0.0,Forward
499800,151658,43879,SEN,Mamadou SARR,0.0,0.0,0.0,0.0,Defender
401889,151658,43879,SEN,Ismaila SARR,0.0,0.0,2.0,0.0,Forward
464865,151658,43879,SEN,El Hadji Malick DIOUF,0.0,0.0,0.0,1.0,Defender
486168,151658,43879,SEN,Cherif NDIAYE,0.0,0.0,0.0,0.0,Forward
370171,151658,43879,SEN,Abdoulaye Seck,0.0,0.0,0.0,0.0,Defender
448815,151658,43879,SEN,Iliman NDIAYE,0.0,0.0,0.0,0.0,Forward
433806,151658,43879,SEN,Edouard MENDY,0.0,0.0,0.0,0.0,Goalkeeper
418795,151658,43879,SEN,Nicolas JACKSON,0.0,0.0,0.0,0.0,Forward
499102,151663,43820,JOR,SALEEM OBAID,0.0,0.0,0.0,0.0,Defender
489551,151663,43820,JOR,MOHAMMAD ABUALNADI,0.0,0.0,0.0,0.0,Defender
431225,151663,43820,JOR,YAZAN ALARAB,0.0,0.0,0.0,1.0,Defender
397894,151663,43820,JOR,YAZEED ABULAILA,0.0,0.0,0.0,0.0,Goalkeeper
483127,151663,43820,JOR,NOUR BANIATEYAH,0.0,0.0,0.0,0.0,Goalkeeper
431209,151663,43820,JOR,IBRAHIM SADEH,0.0,0.0,0.0,0.0,Midfielder
433534,151663,43820,JOR,NIZAR ALRASHDAN,0.0,0.0,2.0,1.0,Midfielder
431219,151663,43820,JOR,SAED ALROSAN,0.0,0.0,0.0,0.0,Defender
431223,151663,43820,JOR,ABDALLAH ALFAKHORI,0.0,0.0,0.0,0.0,Goalkeeper
431230,151663,43820,JOR,NOOR ALRAWABDEH,0.0,0.0,0.0,1.0,Midfielder
511889,151663,43820,JOR,ANAS BADAWI,0.0,0.0,0.0,0.0,Defender
491167,151663,43820,JOR,AMER JAMOUS,0.0,0.0,0.0,0.0,Midfielder
498514,151663,43820,JOR,ALI AZAIZEH,0.0,0.0,0.0,1.0,Forward
489550,151663,43820,JOR,HUSAM ABUDAHAB,1.0,0.0,1.0,1.0,Defender
433526,151663,43820,JOR,MOHAMMAD ABUHASHEESH,0.0,0.0,0.0,0.0,Defender
431212,151663,43820,JOR,ALI OLWAN,0.0,0.0,0.0,0.0,Forward
433527,151663,43820,JOR,ABDALLAH NASIB,0.0,0.0,0.0,0.0,Defender
45191,151663,43820,JOR,MOHAMMAD ALDAOUD,0.0,0.0,0.0,0.0,Midfielder
396950,151663,43820,JOR,MAHMOUD ALMARDI,0.0,0.0,1.0,2.0,Forward
520068,151663,43820,JOR,MOHAMMAD ABUGHOUSH,0.0,0.0,0.0,0.0,Midfielder
479389,151663,43820,JOR,MOHANNAD ABUTAHA,0.0,0.0,0.0,0.0,Midfielder
431208,151663,43820,JOR,MOHAMMAD ABUZRAIQ,0.0,0.0,0.0,0.0,Forward
389437,151663,43820,JOR,EHSAN HADDAD,0.0,0.0,0.0,2.0,Defender
384850,151663,43820,JOR,RAJAEI AYED,0.0,0.0,0.0,0.0,Midfielder
431211,151663,43820,JOR,MOUSA ALTAMARI,0.0,0.0,1.0,1.0,Forward
511875,151663,43820,JOR,ODEH FAKHOURY,0.0,0.0,0.0,1.0,Forward
389879,151663,43843,ALG,Luca ZIDANE,0.0,0.0,0.0,0.0,Goalkeeper
441350,151663,43843,ALG,Hicham BOUDAOUI,0.0,0.0,0.0,0.0,Midfielder
520070,151663,43843,ALG,Melvin MASTIL,0.0,0.0,0.0,0.0,Goalkeeper
520071,151663,43843,ALG,Nadhir BENBOUALI,0.0,0.0,0.0,0.0,Forward
477790,151663,43843,ALG,Mohamed AMOURA,0.0,0.0,0.0,0.0,Forward
512132,151663,43843,ALG,Adil BOULBINA,0.0,0.0,0.0,0.0,Forward
430698,151663,43843,ALG,Houssem Aouar,0.0,0.0,0.0,0.0,Midfielder
512127,151663,43843,ALG,Achref ABADA,0.0,0.0,0.0,0.0,Defender
395113,151663,43843,ALG,Ramy BENSEBAINI,0.0,0.0,2.0,1.0,Defender
511010,151663,43843,ALG,Samir CHERGUI,0.0,0.0,0.0,0.0,Defender
379942,151663,43843,ALG,Riyad Mahrez,0.0,0.0,2.0,0.0,Forward
482869,151663,43843,ALG,Jaouen HADJAM,0.0,0.0,0.0,0.0,Defender
405877,151663,43843,ALG,Amine GOUIRI,0.0,0.0,0.0,0.0,Forward
477817,151663,43843,ALG,Oussama BENBOT,0.0,0.0,0.0,0.0,Goalkeeper
376285,151663,43843,ALG,Aissa MANDI,0.0,0.0,0.0,0.0,Defender
482874,151663,43843,ALG,Anis HADJ MOUSSA,0.0,0.0,0.0,0.0,Forward
379939,151663,43843,ALG,Nabil Bentaleb,0.0,0.0,3.0,0.0,Midfielder
433631,151663,43843,ALG,Yassine TITRAOUI,0.0,0.0,0.0,0.0,Midfielder
494291,151663,43843,ALG,Ibrahim MAZA,0.0,0.0,1.0,0.0,Midfielder
433679,151663,43843,ALG,Ramiz ZERROUKI,1.0,0.0,0.0,2.0,Midfielder
433600,151663,43843,ALG,Mohamed Amine TOUGAI,0.0,0.0,0.0,0.0,Defender
511009,151663,43843,ALG,Rafik BELGHALI,0.0,0.0,0.0,1.0,Defender
480983,151663,43843,ALG,Zineddine BELAID,0.0,0.0,0.0,0.0,Defender
520072,151663,43843,ALG,Fares GHEDJEMIS,0.0,0.0,0.0,0.0,Forward
477795,151663,43843,ALG,Fares CHAIBI,0.0,0.0,1.0,0.0,Midfielder
431858,151663,43843,ALG,Rayan AIT-NOURI,0.0,0.0,2.0,2.0,Defender
489704,151670,43963,POR,RENATO VEIGA,1.0,0.0,1.0,1.0,Defender
395216,151670,43963,POR,RUBEN NEVES,0.0,0.0,0.0,0.0,Midfielder
418548,151670,43963,POR,PEDRO NETO,0.0,0.0,0.0,1.0,Forward
418561,151670,43963,POR,FRANCISCO TRINCAO,0.0,0.0,0.0,0.0,Forward
491216,151670,43963,POR,SAMU COSTA,0.0,0.0,0.0,0.0,Defender
384752,151670,43963,POR,RUBEN DIAS,0.0,0.0,1.0,1.0,Defender
368689,151670,43963,POR,JOSE SA,0.0,0.0,0.0,0.0,Goalkeeper
441148,151670,43963,POR,MATHEUS NUNES,0.0,0.0,0.0,0.0,Midfielder
201200,151670,43963,POR,CRISTIANO RONALDO,0.0,0.0,1.0,1.0,Forward
403001,151670,43963,POR,DIOGO COSTA,0.0,0.0,0.0,0.0,Goalkeeper
448092,151670,43963,POR,RUI SILVA,0.0,0.0,0.0,0.0,Goalkeeper
395206,151670,43963,POR,BRUNO FERNANDES,0.0,0.0,1.0,1.0,Midfielder
395212,151670,43963,POR,NELSON SEMEDO,0.0,0.0,0.0,0.0,Defender
418550,151670,43963,POR,RAFAEL LEAO,0.0,0.0,1.0,1.0,Forward
368649,151670,43963,POR,JOAO CANCELO,0.0,0.0,1.0,2.0,Defender
479077,151670,44005,UZB,Utkir YUSUPOV,0.0,0.0,0.0,0.0,Goalkeeper
448081,151670,43963,POR,GONCALO RAMOS,0.0,0.0,0.0,0.0,Forward
384751,151670,43963,POR,GONCALO GUEDES,0.0,0.0,0.0,0.0,Forward
492358,151670,43963,POR,TOMAS ARAUJO,0.0,0.0,0.0,0.0,Defender
441146,151670,43963,POR,GONCALO INACIO,0.0,0.0,0.0,0.0,Defender
403002,151670,43963,POR,DIOGO DALOT,0.0,0.0,0.0,0.0,Defender
441149,151670,43963,POR,VITINHA,0.0,0.0,0.0,2.0,Midfielder
485081,151670,43963,POR,FRANCISCO CONCEICAO,0.0,0.0,0.0,0.0,Forward
395205,151670,43963,POR,BERNARDO SILVA,0.0,0.0,0.0,0.0,Midfielder
484141,151670,43963,POR,JOAO NEVES,0.0,0.0,1.0,0.0,Midfielder
433195,151670,43963,POR,NUNO MENDES,0.0,0.0,4.0,3.0,Defender
418535,151670,43963,POR,JOAO FELIX,0.0,0.0,2.0,1.0,Forward
479075,151670,44005,UZB,Sherzod NASRULLAEV,0.0,0.0,0.0,0.0,Defender
479086,151670,44005,UZB,Azizjon GANIEV,0.0,0.0,1.0,1.0,Midfielder
371415,151670,44005,UZB,Rustam ASHURMATOV,0.0,0.0,0.0,1.0,Defender
481220,151670,44005,UZB,Azizbek AMONOV,0.0,0.0,0.0,0.0,Forward
368545,151670,44005,UZB,Jamshid ISKANDEROV,0.0,0.0,0.0,0.0,Midfielder
464924,151670,44005,UZB,Abdukodir KHUSANOV,0.0,0.0,0.0,0.0,Defender
475260,151670,44005,UZB,Behruzjon KARIMOV,0.0,0.0,4.0,5.0,Defender
479084,151670,44005,UZB,Umar ESHMURODOV,0.0,0.0,0.0,0.0,Defender
368546,151670,44005,UZB,Igor Sergeev,0.0,0.0,0.0,0.0,Forward
385139,151670,44005,UZB,Farrukh SAYFIEV,0.0,0.0,0.0,0.0,Defender
385475,151670,44005,UZB,Eldor SHOMURODOV,0.0,0.0,2.0,2.0,Forward
371345,151670,44005,UZB,Odiljon XAMROBEKOV,1.0,0.0,1.0,1.0,Midfielder
464933,151670,44005,UZB,Abbosbek FAYZULLAEV,0.0,0.0,1.0,1.0,Midfielder
479079,151670,44005,UZB,Khojiakbar ALIJONOV,0.0,0.0,1.0,1.0,Defender
371393,151670,44005,UZB,Dostonbek Khamdamov,0.0,0.0,0.0,0.0,Midfielder
479106,151670,44005,UZB,Akmal MOZGOVOY,0.0,0.0,0.0,0.0,Midfielder
518264,151670,44005,UZB,Avazbek ULMASALIYEV,0.0,0.0,0.0,0.0,Defender
479080,151670,44005,UZB,Oston URUNOV,0.0,0.0,0.0,0.0,Midfielder
464897,151670,44005,UZB,Sherzod ESANOV,0.0,0.0,0.0,0.0,Midfielder
479110,151670,44005,UZB,Abduvohid NEMATOV,0.0,0.0,0.0,0.0,Goalkeeper
464906,151670,44005,UZB,Jakhongir UROZOV,0.0,0.0,0.0,0.0,Defender
371348,151670,44005,UZB,Otabek Shukurov,0.0,0.0,2.0,1.0,Midfielder
479042,151670,44005,UZB,Abdulla ABDULLAEV,0.0,0.0,1.0,2.0,Defender
385472,151670,44005,UZB,Botirali ERGASHEV,0.0,0.0,0.0,0.0,Goalkeeper
448198,151676,43942,ENG,Ivan TONEY,0.0,0.0,0.0,0.0,Forward
433097,151676,43942,ENG,Declan RICE,1.0,0.0,0.0,1.0,Midfielder
448202,151676,43942,ENG,Jude BELLINGHAM,0.0,0.0,0.0,2.0,Midfielder
489732,151676,43942,ENG,Noni MADUEKE,0.0,0.0,1.0,0.0,Forward
494345,151676,43942,ENG,Dan BURN,0.0,0.0,0.0,0.0,Defender
403049,151676,43942,ENG,Ezri KONSA,0.0,0.0,2.0,2.0,Defender
369434,151676,43942,ENG,John STONES,0.0,0.0,0.0,0.0,Defender
439641,151676,43942,ENG,Reece JAMES,0.0,0.0,0.0,0.0,Defender
463780,151676,43942,ENG,Nico OREILLY,0.0,0.0,0.0,0.0,Defender
336022,151676,43942,ENG,Jordan PICKFORD,0.0,0.0,2.0,0.0,Goalkeeper
492716,151676,43942,ENG,Morgan ROGERS,0.0,0.0,0.0,1.0,Midfielder
463809,151676,43942,ENG,Jarell QUANSAH,0.0,0.0,0.0,0.0,Defender
401470,151676,43942,ENG,Marcus RASHFORD,0.0,0.0,0.0,2.0,Forward
405841,151676,43942,ENG,Marc GUEHI,0.0,0.0,7.0,2.0,Defender
481610,151676,43942,ENG,Elliot ANDERSON,0.0,0.0,3.0,2.0,Midfielder
448196,151676,43942,ENG,Bukayo SAKA,0.0,0.0,3.0,0.0,Forward
369419,151676,43942,ENG,Harry KANE,0.0,0.0,2.0,1.0,Forward
448189,151676,43942,ENG,Anthony GORDON,0.0,0.0,3.0,1.0,Forward
506329,151676,43942,ENG,Djed SPENCE,0.0,0.0,0.0,0.0,Defender
448203,151676,43942,ENG,Ollie WATKINS,0.0,0.0,0.0,0.0,Forward
485080,151676,43942,ENG,James TRAFFORD,0.0,0.0,0.0,0.0,Goalkeeper
356189,151676,43942,ENG,Jordan HENDERSON,0.0,0.0,0.0,0.0,Midfielder
482621,151676,43942,ENG,Kobbie MAINOO,0.0,0.0,0.0,0.0,Midfielder
403046,151676,43942,ENG,Dean Henderson,0.0,0.0,0.0,0.0,Goalkeeper
473113,151676,43942,ENG,Eberechi EZE,0.0,0.0,1.0,0.0,Midfielder
523173,151676,43860,GHA,Augustine BOAKYE,0.0,0.0,0.0,0.0,Midfielder
494351,151676,43860,GHA,Jonas ADJETEY,0.0,0.0,0.0,1.0,Defender
494349,151676,43860,GHA,Benjamin ASARE,0.0,0.0,0.0,0.0,Goalkeeper
486150,151676,43860,GHA,Jerome OPOKU,0.0,0.0,3.0,1.0,Defender
514401,151676,43860,GHA,Prince ADU,0.0,0.0,0.0,1.0,Forward
411376,151676,43860,GHA,Inaki WILLIAMS,1.0,0.0,0.0,2.0,Forward
441341,151676,43860,GHA,Elisha OWUSU,0.0,0.0,0.0,0.0,Midfielder
506279,151676,43860,GHA,Caleb YIRENKYI,0.0,0.0,2.0,3.0,Midfielder
448531,151676,43860,GHA,Antoine SEMENYO,0.0,0.0,0.0,3.0,Midfielder
520037,151676,43860,GHA,Derrick LUCKASSEN,0.0,0.0,0.0,0.0,Defender
441333,151676,43860,GHA,Gideon MENSAH,0.0,0.0,1.0,2.0,Defender
386473,151676,43860,GHA,Lawrence Ati ZIGI,0.0,0.0,0.0,0.0,Goalkeeper
441342,151676,43860,GHA,Abdul FATAWU,0.0,0.0,2.0,0.0,Forward
441336,151676,43860,GHA,Abdul MUMIN,0.0,0.0,0.0,0.0,Defender
506277,151676,43860,GHA,Joseph ANANG,0.0,0.0,0.0,0.0,Goalkeeper
353235,151676,43860,GHA,Jordan AYEW,0.0,0.0,3.0,4.0,Forward
494350,151676,43860,GHA,Christopher Bonsu BAAH,0.0,0.0,0.0,0.0,Forward
367536,151676,43860,GHA,Baba RAHMAN,0.0,0.0,0.0,0.0,Defender
369089,151676,43860,GHA,Thomas PARTEY,0.0,0.0,1.0,1.0,Midfielder
507253,151676,43860,GHA,Kwasi SIBO,0.0,0.0,0.0,4.0,Midfielder
448525,151676,43860,GHA,Ernest NUAMAH,0.0,0.0,0.0,0.0,Forward
486213,151676,43860,GHA,Brandon THOMAS-ASANTE,0.0,0.0,0.0,0.0,Forward
520039,151676,43860,GHA,Marvin SENAYA,0.0,0.0,2.0,2.0,Defender
511022,151676,43860,GHA,Kojo Peprah OPPONG,0.0,0.0,0.0,0.0,Defender
448523,151676,43860,GHA,Kamaldeen SULEMANA,0.0,0.0,0.0,0.0,Forward
448522,151676,43860,GHA,Alidu SEIDU,0.0,0.0,0.0,0.0,Defender
385031,151675,43914,PAN,Amir MURILLO,0.0,0.0,0.0,1.0,Defender
418729,151675,43914,PAN,Carlos HARVEY,0.0,0.0,2.0,1.0,Defender
418747,151675,43914,PAN,Tomas RODRIGUEZ,0.0,0.0,1.0,0.0,Forward
441402,151675,43914,PAN,Cesar SAMUDIO,0.0,0.0,0.0,0.0,Goalkeeper
441241,151675,43914,PAN,Orlando MOSQUERA,0.0,0.0,0.0,0.0,Goalkeeper
385833,151675,43914,PAN,Adalberto CARRASQUILLA,0.0,0.0,0.0,0.0,Midfielder
269514,151675,43914,PAN,Anibal GODOY,0.0,0.0,0.0,0.0,Midfielder
411176,151675,43914,PAN,Jose Luis RODRIGUEZ,0.0,0.0,1.0,2.0,Midfielder
395581,151675,43914,PAN,Cristian MARTINEZ,0.0,0.0,3.0,3.0,Midfielder
267702,151675,43914,PAN,Luis MEJIA,0.0,0.0,0.0,0.0,Goalkeeper
385030,151675,43914,PAN,Fidel ESCOBAR,0.0,0.0,0.0,0.0,Defender
466669,151675,43914,PAN,Azarias LONDONO,0.0,0.0,0.0,0.0,Forward
480313,151675,43914,PAN,Edgardo FARINA,0.0,0.0,0.0,0.0,Defender
441242,151675,43914,PAN,Cesar BLACKMAN,0.0,0.0,1.0,1.0,Defender
441240,151675,43914,PAN,Andres ANDRADE,0.0,0.0,0.0,1.0,Defender
337251,151675,43914,PAN,Cecilio Waterman,0.0,0.0,1.0,1.0,Forward
411174,151675,43914,PAN,Jose FAJARDO,0.0,0.0,2.0,2.0,Forward
441243,151675,43914,PAN,Cesar YANIS,0.0,0.0,0.0,0.0,Midfielder
418715,151675,43914,PAN,Jose CORDOBA,0.0,0.0,0.0,4.0,Defender
441239,151675,43914,PAN,Jorge GUTIERREZ,0.0,0.0,0.0,0.0,Defender
400416,151675,43914,PAN,Edgar Yoel BARCENAS,1.0,0.0,1.0,2.0,Midfielder
372342,151675,43914,PAN,Ismael DIAZ,0.0,0.0,0.0,0.0,Midfielder
271116,151675,43914,PAN,Alberto QUINTERO,0.0,0.0,0.0,0.0,Midfielder
344582,151675,43914,PAN,Roderick MILLER,0.0,0.0,0.0,0.0,Defender
480310,151675,43914,PAN,Jiovany RAMOS,0.0,0.0,0.0,1.0,Defender
337232,151675,43914,PAN,Eric DAVIS,0.0,0.0,0.0,0.0,Defender
485068,151675,43938,CRO,Igor MATANOVIC,0.0,0.0,0.0,0.0,Forward
336472,151675,43938,CRO,Andrej KRAMARIC,0.0,0.0,0.0,0.0,Forward
389753,151675,43938,CRO,Nikola Moro,0.0,0.0,0.0,0.0,Midfielder
448171,151675,43938,CRO,Josip SUTALO,0.0,0.0,0.0,2.0,Defender
485066,151675,43938,CRO,Petar SUCIC,1.0,0.0,0.0,2.0,Midfielder
380005,151675,43938,CRO,Mario PASALIC,0.0,0.0,0.0,1.0,Midfielder
409191,151675,43938,CRO,Nikola VLASIC,0.0,0.0,0.0,0.0,Midfielder
241559,151675,43938,CRO,Luka MODRIC,0.0,0.0,2.0,1.0,Midfielder
389754,151675,43938,CRO,Petar Musa,0.0,0.0,0.0,0.0,Forward
448174,151675,43938,CRO,Marin PONGRACIC,0.0,0.0,0.0,1.0,Defender
359381,151675,43938,CRO,Ivan PERISIC,0.0,0.0,0.0,0.0,Forward
514526,151675,43938,CRO,Ivor PANDUR,0.0,0.0,0.0,0.0,Goalkeeper
499290,151675,43938,CRO,Luka VUSKOVIC,0.0,0.0,0.0,0.0,Defender
448179,151675,43938,CRO,Dominik KOTARSKI,0.0,0.0,0.0,0.0,Goalkeeper
482931,151675,43938,CRO,Marco PASALIC,0.0,0.0,2.0,0.0,Forward
448180,151675,43938,CRO,Josko GVARDIOL,0.0,0.0,2.0,2.0,Defender
482774,151675,43938,CRO,Martin BATURINA,0.0,0.0,7.0,0.0,Midfielder
433667,151675,43938,CRO,Josip STANISIC,0.0,0.0,2.0,0.0,Defender
372424,151675,43938,CRO,Duje CALETA-CAR,0.0,0.0,0.0,0.0,Defender
369029,151675,43938,CRO,Dominik LIVAKOVIC,0.0,0.0,0.0,0.0,Goalkeeper
339987,151675,43938,CRO,Mateo KOVACIC,0.0,0.0,0.0,1.0,Midfielder
389740,151675,43938,CRO,Martin ERLIC,0.0,0.0,0.0,0.0,Defender
448164,151675,43938,CRO,Kristijan JAKIC,0.0,0.0,0.0,0.0,Defender
430070,151675,43938,CRO,Ante BUDIMIR,0.0,0.0,2.0,2.0,Forward
448160,151675,43938,CRO,Luka SUCIC,0.0,0.0,0.0,0.0,Midfielder
485065,151675,43938,CRO,Toni FRUK,0.0,0.0,0.0,0.0,Midfielder
394500,151669,43926,COL,Johan MOJICA,0.0,0.0,2.0,0.0,Defender
360642,151669,43926,COL,Camilo VARGAS,0.0,0.0,0.0,0.0,Goalkeeper
492189,151669,43926,COL,Andres GOMEZ,0.0,0.0,0.0,0.0,Forward
315614,151669,43926,COL,Santiago ARIAS,0.0,0.0,0.0,0.0,Defender
418881,151669,43926,COL,Cucho HERNANDEZ,0.0,0.0,0.0,0.0,Forward
470759,151669,43926,COL,Kevin CASTANO,0.0,0.0,0.0,0.0,Midfielder
470760,151669,43926,COL,Jhon ARIAS,0.0,0.0,1.0,0.0,Midfielder
463902,151669,43926,COL,Gustavo PUERTA,0.0,0.0,4.0,1.0,Defender
428886,151669,43926,COL,Luis DIAZ,0.0,0.0,0.0,3.0,Forward
386013,151669,43926,COL,Davinson SANCHEZ,0.0,0.0,1.0,1.0,Defender
394376,151669,43926,COL,Deiver MACHADO,0.0,0.0,0.0,0.0,Defender
425580,151669,43926,COL,Jorge CARRASCAL,0.0,0.0,0.0,0.0,Midfielder
405755,151669,43926,COL,Jaminton CAMPAZ,0.0,0.0,0.0,0.0,Forward
369530,151669,43926,COL,Jhon CORDOBA,0.0,0.0,1.0,1.0,Forward
473050,151669,43926,COL,Richard RIOS,0.0,0.0,1.0,1.0,Midfielder
476345,151669,43926,COL,Willer DITTA,0.0,0.0,0.0,0.0,Defender
395552,151669,43926,COL,Yerry MINA,0.0,0.0,0.0,0.0,Defender
356704,151669,43926,COL,Juan QUINTERO,0.0,0.0,0.0,0.0,Midfielder
269058,151669,43926,COL,James RODRIGUEZ,0.0,0.0,2.0,0.0,Midfielder
431200,151669,43926,COL,Daniel MUNOZ,0.0,0.0,0.0,2.0,Defender
441622,151669,43926,COL,Jhon LUCUMI,1.0,0.0,0.0,1.0,Defender
395550,151669,43926,COL,Jefferson LERMA,1.0,0.0,2.0,1.0,Midfielder
428905,151669,43926,COL,Luis SUAREZ,0.0,0.0,1.0,1.0,Forward
489849,151669,43926,COL,Juan PORTILLA,0.0,0.0,0.0,0.0,Midfielder
228686,151669,43926,COL,David OSPINA,0.0,0.0,0.0,0.0,Goalkeeper
385998,151669,43926,COL,Alvaro MONTERO,0.0,0.0,0.0,0.0,Goalkeeper
441313,151669,20014,COD,Lionel MPASI,0.0,0.0,0.0,0.0,Goalkeeper
477829,151669,20014,COD,Dylan BATUBINSIKA,0.0,0.0,0.0,0.0,Defender
336439,151669,20014,COD,Gael KAKUTA,0.0,0.0,0.0,0.0,Forward
336425,151669,20014,COD,Cedric BAKAMBU,0.0,0.0,0.0,1.0,Forward
486147,151669,20014,COD,Noah SADIKI,0.0,0.0,0.0,0.0,Midfielder
477864,151669,20014,COD,Aaron TSHIBOLA,0.0,0.0,0.0,0.0,Midfielder
433076,151669,20014,COD,Samuel Moutoussamy,0.0,0.0,0.0,3.0,Midfielder
504329,151669,20014,COD,Steve KAPUADI,0.0,0.0,0.0,2.0,Defender
448128,151669,20014,COD,Charles PICKEL,1.0,0.0,1.0,2.0,Midfielder
477835,151669,20014,COD,Simon BANZA,0.0,0.0,0.0,1.0,Forward
477853,151669,20014,COD,Gedeon KALULU,0.0,0.0,0.0,0.0,Defender
436572,151669,20014,COD,Arthur MASUAKU,0.0,0.0,1.0,0.0,Defender
403063,151669,20014,COD,Axel Tuanzebe,0.0,0.0,1.0,2.0,Defender
441317,151669,20014,COD,Theo BONGONDA,0.0,0.0,0.0,0.0,Midfielder
356532,151669,20014,COD,Chancel MBEMBA,0.0,0.0,2.0,0.0,Defender
433161,151669,20014,COD,Edo Kayembe,0.0,0.0,1.0,3.0,Midfielder
426506,151669,20014,COD,Meschack ELIA,0.0,0.0,0.0,0.0,Forward
494458,151669,20014,COD,Ngalayel MUKAU,0.0,0.0,2.0,0.0,Midfielder
477859,151669,20014,COD,Fiston MAYELE,0.0,0.0,0.0,0.0,Forward
424119,151669,20014,COD,Nathanael MBUKU,0.0,0.0,2.0,1.0,Midfielder
514171,151669,20014,COD,Matthieu EPOLO,0.0,0.0,0.0,0.0,Goalkeeper
486196,151669,20014,COD,Timothy FAYULU,0.0,0.0,0.0,0.0,Goalkeeper
441316,151669,20014,COD,Yoane WISSA,0.0,0.0,1.0,1.0,Forward
477833,151669,20014,COD,Joris KAYEMBE,0.0,0.0,0.0,0.0,Defender
510989,151669,20014,COD,Brian CIPENGA,0.0,0.0,0.0,0.0,Forward
426357,151669,20014,COD,Aaron WAN-BISSAKA,0.0,0.0,0.0,0.0,Defender
494639,151618,44037,BIH,Arjan MALIC,0.0,0.0,1.0,1.0,Defender
436743,151618,44037,BIH,Ermedin DEMIROVIC,0.0,0.0,1.0,4.0,Forward
489521,151618,44037,BIH,Stjepan RADELJIC,0.0,0.0,0.0,0.0,Defender
504990,151618,44037,BIH,Kerim ALAJBEGOVIC,0.0,0.0,4.0,2.0,Forward
430194,151618,44037,BIH,Dennis HADZIKADUNIC,0.0,0.0,0.0,1.0,Defender
389886,151618,44037,BIH,Dzenis BURNIC,0.0,0.0,0.0,0.0,Midfielder
519954,151618,44037,BIH,Jovo LUKIC,0.0,0.0,0.0,0.0,Forward
491228,151618,44037,BIH,Martin ZLOMISLIC,0.0,0.0,0.0,0.0,Goalkeeper
464566,151618,44037,BIH,Esmir BAJRAKTAREVIC,0.0,0.0,1.0,0.0,Forward
489520,151618,44037,BIH,Nikola KATIC,0.0,0.0,0.0,0.0,Defender
482976,151618,44037,BIH,Amar DEDIC,0.0,0.0,0.0,0.0,Defender
376230,151618,44037,BIH,Sead KOLASINAC,0.0,0.0,1.0,0.0,Defender
494640,151618,44037,BIH,Amar MEMIC,0.0,0.0,1.0,0.0,Midfielder
522842,151618,44037,BIH,Mladen JURKAS,0.0,0.0,0.0,0.0,Goalkeeper
430196,151618,44037,BIH,Amir HADZIAHMETOVIC,0.0,0.0,0.0,0.0,Midfielder
482984,151618,44037,BIH,Haris TABAKOVIC,0.0,0.0,0.0,0.0,Forward
300409,151618,44037,BIH,Edin DZEKO,0.0,0.0,0.0,0.0,Forward
483966,151618,44037,BIH,Benjamin TAHIROVIC,0.0,0.0,1.0,0.0,Midfielder
482974,151618,44037,BIH,Ivan BASIC,0.0,0.0,3.0,0.0,Midfielder
485063,151618,44037,BIH,Samed BAZDAR,0.0,0.0,0.0,0.0,Forward
482978,151618,44037,BIH,Nikola VASILJ,0.0,0.0,0.0,0.0,Goalkeeper
482969,151618,44037,BIH,Nihad MUJAKIC,0.0,0.0,0.0,0.0,Defender
489523,151618,44037,BIH,Armin GIGOVIC,0.0,0.0,0.0,0.0,Midfielder
372436,151618,44037,BIH,Ivan SUNJIC,0.0,0.0,0.0,1.0,Midfielder
522846,151618,44037,BIH,Ermin MAHMIC,1.0,0.0,1.0,0.0,Midfielder
386347,151618,43834,QAT,AKRAM AFIF,0.0,0.0,1.0,0.0,Forward
416051,151618,43834,QAT,PEDRO MIGUEL,0.0,0.0,2.0,0.0,Defender
416056,151618,43834,QAT,MESHAAL BARSHAM,0.0,0.0,0.0,0.0,Goalkeeper
345059,151618,43834,QAT,ABDULAZIZ HATEM,0.0,0.0,0.0,1.0,Midfielder
419463,151618,43834,QAT,YUSUF ABDURISAG,0.0,0.0,0.0,0.0,Forward
512791,151618,43834,QAT,ISSA LAYE,0.0,0.0,2.0,0.0,Defender
419436,151618,43834,QAT,AHMED ALGANEHI,0.0,0.0,0.0,1.0,Midfielder
386387,151618,43834,QAT,SULTAN ALBRAKE,0.0,0.0,0.0,2.0,Defender
429063,151618,43834,QAT,EDMILSON JUNIOR,0.0,0.0,0.0,1.0,Forward
385070,151618,43834,QAT,MOHAMMED MUNTARI,0.0,0.0,0.0,0.0,Forward
486614,151618,43834,QAT,ALHASHMI ALHUSSEIN,0.0,0.0,0.0,0.0,Defender
498458,151618,43834,QAT,MOHAMED MANAI,0.0,0.0,0.0,2.0,Forward
354861,151618,43834,QAT,KARIM BOUDIAF,0.0,0.0,1.0,0.0,Midfielder
356673,151618,43834,QAT,LUCAS MENDES,0.0,0.0,0.0,0.0,Defender
284190,151618,43834,QAT,HASSAN ALHAYDOS,0.0,0.0,1.0,1.0,Forward
353251,151618,43834,QAT,AHMED ALAAELDIN,0.0,0.0,1.0,1.0,Forward
385067,151618,43834,QAT,BOUALEM KHOUKHI,0.0,0.0,0.0,0.0,Defender
419459,151618,43834,QAT,MAHMOUD ABUNADA,0.0,0.0,0.0,0.0,Goalkeeper
386366,151618,43834,QAT,ALMOEZ ALI,0.0,0.0,0.0,0.0,Forward
510991,151618,43834,QAT,AYOUB ALOUI,0.0,0.0,0.0,0.0,Defender
419461,151618,43834,QAT,SALAH ZAKARIA,0.0,0.0,0.0,0.0,Goalkeeper
433394,151618,43834,QAT,AHMED FATHY,1.0,0.0,0.0,1.0,Midfielder
419473,151618,43834,QAT,JASSEM GABER,0.0,0.0,0.0,4.0,Defender
486639,151618,43834,QAT,TAHSIN MOHAMMED,0.0,0.0,0.0,0.0,Forward
448112,151617,43971,SUI,Zeki AMDOUNI,0.0,0.0,0.0,0.0,Forward
401448,151617,43971,SUI,Denis ZAKARIA,0.0,0.0,0.0,0.0,Midfielder
356412,151617,43971,SUI,Silvan WIDMER,0.0,0.0,0.0,0.0,Defender
448136,151617,43971,SUI,Eray COEMERT,0.0,0.0,0.0,0.0,Defender
484862,151617,43971,SUI,Marvin KELLER,0.0,0.0,0.0,0.0,Goalkeeper
448124,151617,43971,SUI,Christian FASSNACHT,0.0,0.0,0.0,0.0,Forward
448127,151617,43971,SUI,Noah OKAFOR,0.0,0.0,0.0,0.0,Forward
398509,151617,43971,SUI,Nico ELVEDI,0.0,0.0,0.0,0.0,Defender
393480,151617,43971,SUI,Breel EMBOLO,0.0,0.0,4.0,3.0,Forward
510908,151617,43971,SUI,Luca JAQUEZ,0.0,0.0,1.0,3.0,Defender
311558,151617,43971,SUI,Granit XHAKA,1.0,0.0,2.0,0.0,Midfielder
433147,151617,43971,SUI,Michel AEBISCHER,0.0,0.0,0.0,2.0,Midfielder
493221,151617,43971,SUI,Miro MUHEIM,0.0,0.0,0.0,0.0,Defender
411226,151617,43971,SUI,Djibril SOW,0.0,0.0,0.0,1.0,Midfielder
448114,151617,43971,SUI,Dan NDOYE,0.0,0.0,2.0,0.0,Forward
405178,151617,43971,SUI,Manuel AKANJI,0.0,0.0,0.0,0.0,Defender
448131,151617,43971,SUI,Ruben VARGAS,0.0,0.0,0.0,3.0,Forward
402022,151617,43971,SUI,Yvon MVOGO,0.0,0.0,0.0,0.0,Goalkeeper
402021,151617,43971,SUI,Remo FREULER,0.0,0.0,1.0,2.0,Midfielder
448107,151617,43971,SUI,Gregor KOBEL,0.0,0.0,1.0,0.0,Goalkeeper
484864,151617,43971,SUI,Aurele AMENDA,0.0,0.0,0.0,0.0,Defender
448120,151617,43971,SUI,Ardon JASHARI,0.0,0.0,0.0,0.0,Midfielder
313559,151617,43971,SUI,Ricardo RODRIGUEZ,0.0,0.0,1.0,3.0,Defender
448103,151617,43971,SUI,Fabian RIEDER,0.0,0.0,0.0,0.0,Midfielder
448104,151617,43971,SUI,Cedric ITTEN,0.0,0.0,0.0,1.0,Forward
502727,151617,43971,SUI,Johan MANZAMBI,0.0,0.0,1.0,1.0,Midfielder
493970,151617,43899,CAN,Promise DAVID,0.0,0.0,0.0,0.0,Forward
370986,151617,43899,CAN,Jonathan OSORIO,0.0,0.0,0.0,0.0,Midfielder
448390,151617,43899,CAN,Mathieu CHOINIERE,0.0,0.0,1.0,1.0,Midfielder
463817,151617,43899,CAN,Owen GOODMAN,0.0,0.0,0.0,0.0,Goalkeeper
390670,151617,43899,CAN,Cyle LARIN,1.0,0.0,0.0,0.0,Forward
514070,151617,43899,CAN,Alfie JONES,0.0,0.0,0.0,0.0,Defender
448402,151617,43899,CAN,Joel WATERMAN,0.0,0.0,0.0,0.0,Defender
441258,151617,43899,CAN,Ismael KONE,0.0,0.0,0.0,0.0,Midfielder
430138,151617,43899,CAN,Tajon BUCHANAN,0.0,0.0,3.0,0.0,Forward
466585,151617,43899,CAN,Moise BOMBITO,0.0,0.0,0.0,0.0,Defender
441257,151617,43899,CAN,Jonathan DAVID,0.0,0.0,3.0,0.0,Forward
441259,151617,43899,CAN,Liam MILLAR,1.0,0.0,1.0,1.0,Midfielder
441255,151617,43899,CAN,Dayne ST. CLAIR,0.0,0.0,0.0,0.0,Goalkeeper
423941,151617,43899,CAN,Nathan SALIBA,0.0,0.0,0.0,2.0,Midfielder
412144,151617,43899,CAN,Alphonso DAVIES,0.0,0.0,0.0,0.0,Defender
423933,151617,43899,CAN,Jayden Nelson,0.0,0.0,0.0,0.0,Forward
466687,151617,43899,CAN,Ali AHMED,0.0,0.0,2.0,0.0,Forward
331732,151617,43899,CAN,Maxime CREPEAU,0.0,0.0,0.0,0.0,Goalkeeper
486929,151617,43899,CAN,Tani OLUWASEYI,0.0,0.0,0.0,0.0,Forward
371958,151617,43899,CAN,Derek CORNELIUS,0.0,0.0,1.0,2.0,Defender
448411,151617,43899,CAN,Jacob SHAFFELBURG,0.0,0.0,0.0,0.0,Midfielder
485064,151617,43899,CAN,Niko SIGUR,0.0,0.0,0.0,0.0,Defender
480322,151617,43899,CAN,Luc DE FOUGEROLLES,0.0,0.0,2.0,3.0,Defender
441252,151617,43899,CAN,Alistair JOHNSTON,0.0,0.0,1.0,2.0,Defender
433635,151617,43899,CAN,Stephen EUSTAQUIO,0.0,0.0,0.0,0.0,Midfielder
431696,151617,43899,CAN,Richie LARYEA,0.0,0.0,5.0,2.0,Defender
395755,151623,43872,MAR,Munir EL KAJOUI,0.0,0.0,0.0,0.0,Goalkeeper
424071,151623,43872,MAR,Anass SALAH EDDINE,0.0,0.0,1.0,1.0,Defender
524320,151623,43872,MAR,Amine SBAI,0.0,0.0,0.0,0.0,Forward
395760,151623,43872,MAR,Marwane SAADANE,0.0,0.0,0.0,0.0,Defender
448598,151623,43872,MAR,Ismael SAIBARI,0.0,0.0,1.0,1.0,Midfielder
485756,151623,43872,MAR,Zakaria EL OUAHDI,0.0,0.0,0.0,0.0,Defender
523288,151623,43872,MAR,Ayoube AMAIMOUNI,0.0,0.0,0.0,0.0,Forward
356956,151623,43872,MAR,Yassine BOUNOU,0.0,0.0,0.0,0.0,Goalkeeper
505112,151623,43872,MAR,Gessime YASSINE,0.0,0.0,1.0,1.0,Midfielder
403083,151623,43872,MAR,Issa Diop,0.0,0.0,0.0,0.0,Defender
430740,151623,43872,MAR,Brahim DIAZ,0.0,0.0,2.0,0.0,Forward
494293,151623,43872,MAR,Chemsdine TALBI,0.0,0.0,0.0,0.0,Midfielder
411678,151623,43872,MAR,Ayoub El Kaabi,0.0,0.0,1.0,1.0,Forward
441307,151623,43872,MAR,Azzedine OUNAHI,0.0,0.0,0.0,0.0,Midfielder
485760,151623,43872,MAR,Ayyoub BOUADDI,0.0,0.0,0.0,0.0,Midfielder
433426,151623,43872,MAR,Soufiane RAHIMI,1.0,0.0,2.0,2.0,Forward
371553,151623,43872,MAR,Ahmed Reda TAGNAOUTI,0.0,0.0,0.0,0.0,Goalkeeper
505097,151623,43872,MAR,Samir EL MOURABET,0.0,0.0,0.0,0.0,Midfielder
448612,151623,43872,MAR,Bilal EL KHANNOUSS,0.0,0.0,1.0,1.0,Midfielder
494742,151623,43872,MAR,Youssef BELAMMARI,0.0,0.0,0.0,0.0,Defender
372266,151623,43872,MAR,Sofyan AMRABAT,0.0,0.0,1.0,1.0,Midfielder
411680,151623,43872,MAR,Noussair MAZRAOUI,0.0,0.0,0.0,0.0,Defender
400721,151623,43872,MAR,Achraf HAKIMI,0.0,0.0,2.0,1.0,Defender
485740,151623,43872,MAR,Neil EL AYNAOUI,0.0,0.0,3.0,0.0,Midfielder
485767,151623,43872,MAR,Redouane HALHAL,0.0,0.0,3.0,1.0,Defender
448607,151623,43872,MAR,Chadi RIAD,0.0,0.0,0.0,0.0,Defender
275917,151623,43908,HAI,Ricardo Ade,0.0,0.0,0.0,2.0,Defender
489300,151623,43908,HAI,Martin EXPERIENCE,0.0,0.0,1.0,2.0,Defender
485409,151623,43908,HAI,Woodensky PIERRE,0.0,0.0,0.0,0.0,Midfielder
431693,151623,43908,HAI,Frantzdy Pierrot,0.0,0.0,0.0,0.0,Forward
431781,151623,43908,HAI,Jean-Kevin DUVERNE,0.0,0.0,0.0,1.0,Defender
466853,151623,43908,HAI,Josue DUVERGER,0.0,0.0,0.0,0.0,Goalkeeper
506481,151623,43908,HAI,Keeto THERMONCY,0.0,0.0,0.0,0.0,Defender
510757,151623,43908,HAI,Josue CASIMIR,1.0,0.0,2.0,2.0,Forward
466844,151623,43908,HAI,Markhus LACROIX,0.0,0.0,0.0,0.0,Defender
448363,151623,43908,HAI,Hannes DELCROIX,0.0,0.0,0.0,1.0,Defender
506483,151623,43908,HAI,Yassin FORTUNE,0.0,0.0,0.0,0.0,Forward
424556,151623,43908,HAI,Carl SAINTE,0.0,0.0,0.0,0.0,Midfielder
430697,151623,43908,HAI,Jean-Ricner Bellegarde,0.0,0.0,2.0,3.0,Midfielder
466835,151623,43908,HAI,Alexandre PIERRE,0.0,0.0,0.0,0.0,Goalkeeper
485676,151623,43908,HAI,Lenny JOSEPH,0.0,0.0,1.0,4.0,Forward
405879,151623,43908,HAI,Wilson Isidor,0.0,0.0,1.0,0.0,Forward
295922,151623,43908,HAI,Johny Placide,1.0,0.0,0.0,0.0,Goalkeeper
523215,151623,43908,HAI,Dominique SIMON,0.0,0.0,1.0,0.0,Midfielder
481027,151623,43908,HAI,Louicius DEEDSON,0.0,0.0,0.0,1.0,Forward
485664,151623,43908,HAI,Ruben PROVIDENCE,0.0,0.0,1.0,1.0,Forward
466838,151623,43908,HAI,Danley JEAN JACQUES,0.0,0.0,0.0,1.0,Midfielder
394993,151623,43908,HAI,Duckens NAZON,0.0,0.0,1.0,0.0,Forward
466862,151623,43908,HAI,Garven METUSALA,0.0,0.0,0.0,0.0,Defender
397775,151623,43908,HAI,Carlens ARCUS,0.0,0.0,0.0,0.0,Defender
466865,151623,43908,HAI,Derrick ETIENNE,0.0,0.0,0.0,0.0,Forward
498439,151623,43908,HAI,Wilguens PAUGAIN,0.0,0.0,0.0,0.0,Defender
215553,151624,43967,SCO,Craig GORDON,0.0,0.0,0.0,0.0,Goalkeeper
430098,151624,43967,SCO,Lyndon DYKES,0.0,0.0,0.0,0.0,Forward
484051,151624,43967,SCO,Kenny McLEAN,0.0,0.0,1.0,0.0,Midfielder
433694,151624,43967,SCO,Nathan PATTERSON,0.0,0.0,0.0,1.0,Defender
442430,151624,43967,SCO,John SOUTTAR,0.0,0.0,0.0,0.0,Defender
401712,151624,43967,SCO,Kieran Tierney,0.0,0.0,1.0,1.0,Defender
442431,151624,43967,SCO,Scott MCKENNA,0.0,0.0,0.0,0.0,Defender
433191,151624,43967,SCO,Che Adams,0.0,0.0,0.0,0.0,Forward
396315,151624,43924,BRA,WEVERTON,0.0,0.0,0.0,0.0,Goalkeeper
442434,151624,43967,SCO,Lewis FERGUSON,0.0,0.0,1.0,2.0,Midfielder
484045,151624,43967,SCO,Lawrence SHANKLAND,0.0,0.0,1.0,1.0,Forward
430097,151624,43967,SCO,Ryan Christie,1.0,0.0,1.0,1.0,Midfielder
337389,151624,43967,SCO,Anthony RALSTON,0.0,0.0,0.0,1.0,Defender
485131,151624,43967,SCO,Ben GANNON-DOAK,0.0,0.0,0.0,1.0,Forward
523007,151624,43967,SCO,Tyler FLETCHER,0.0,0.0,0.0,0.0,Midfielder
520217,151624,43967,SCO,Findlay CURTIS,0.0,0.0,0.0,0.0,Forward
442428,151624,43967,SCO,Aaron HICKEY,0.0,0.0,0.0,0.0,Defender
401334,151624,43967,SCO,John McGinn,0.0,0.0,4.0,0.0,Midfielder
401339,151624,43967,SCO,Andy ROBERTSON,0.0,0.0,0.0,0.0,Defender
442429,151624,43967,SCO,Liam KELLY,0.0,0.0,0.0,0.0,Goalkeeper
359634,151624,43967,SCO,Grant Hanley,0.0,0.0,0.0,0.0,Defender
495431,151624,43967,SCO,George HIRST,0.0,0.0,0.0,0.0,Forward
442433,151624,43967,SCO,Ross STEWART,0.0,0.0,0.0,0.0,Forward
430147,151624,43967,SCO,Jack Hendry,0.0,0.0,1.0,1.0,Defender
433787,151624,43967,SCO,Scott McTominay,0.0,0.0,0.0,1.0,Midfielder
484073,151624,43967,SCO,Dominic HYAM,0.0,0.0,0.0,0.0,Defender
411301,151624,43967,SCO,Angus Gunn,0.0,0.0,0.0,0.0,Goalkeeper
335658,151624,43924,BRA,ALEX SANDRO,0.0,0.0,0.0,1.0,Defender
430594,151624,43924,BRA,ROGER IBANEZ,0.0,0.0,0.0,0.0,Defender
519836,151624,43924,BRA,IGOR THIAGO,0.0,0.0,0.0,0.0,Forward
429392,151624,43924,BRA,DANILO SANTOS,0.0,0.0,0.0,0.0,Midfielder
367981,151624,43924,BRA,DOUGLAS SANTOS,0.0,0.0,0.0,0.0,Defender
395427,151624,43924,BRA,EDERSON,0.0,0.0,0.0,0.0,Goalkeeper
394456,151624,43924,BRA,FABINHO,1.0,0.0,0.0,1.0,Midfielder
308386,151624,43924,BRA,CASEMIRO,0.0,0.0,1.0,1.0,Midfielder
485069,151624,43924,BRA,EDERSON SILVA,0.0,0.0,0.0,0.0,Midfielder
430601,151624,43924,BRA,GABRIEL MAGALHAES,0.0,0.0,0.0,0.0,Defender
430605,151624,43924,BRA,BRUNO GUIMARAES,0.0,0.0,2.0,1.0,Midfielder
335656,151624,43924,BRA,DANILO,1.0,0.0,0.0,3.0,Defender
430609,151624,43924,BRA,MATHEUS CUNHA,0.0,0.0,0.0,0.0,Forward
448420,151624,43924,BRA,LUIZ HENRIQUE,0.0,0.0,0.0,0.0,Forward
308370,151624,43924,BRA,ALISSON,0.0,0.0,0.0,0.0,Goalkeeper
332946,151624,43924,BRA,MARQUINHOS,0.0,0.0,0.0,0.0,Defender
431889,151624,43924,BRA,BREMER,0.0,0.0,0.0,0.0,Defender
430597,151624,43924,BRA,GABRIEL MARTINELLI,0.0,0.0,0.0,2.0,Forward
411726,151624,43924,BRA,LUCAS PAQUETA,0.0,0.0,2.0,0.0,Midfielder
463746,151624,43924,BRA,ENDRICK,0.0,0.0,0.0,0.0,Forward
371956,151624,43924,BRA,LEO PEREIRA,0.0,0.0,0.0,0.0,Defender
475036,151624,43924,BRA,RAYAN,0.0,0.0,1.0,1.0,Forward
433872,151624,43924,BRA,RAPHINHA,0.0,0.0,0.0,0.0,Forward
314197,151624,43924,BRA,NEYMAR JR,0.0,0.0,1.0,0.0,Forward
405742,151624,43924,BRA,VINICIUS JUNIOR,0.0,0.0,3.0,1.0,Forward
390475,151612,43883,RSA,Sphephelo SITHOLE,0.0,0.0,1.0,1.0,Midfielder
395050,151612,43883,RSA,Aubrey MODIBA,1.0,0.0,0.0,1.0,Defender
395059,151612,43883,RSA,Ricardo GOSS,0.0,0.0,0.0,0.0,Goalkeeper
395986,151612,43883,RSA,Ronwen WILLIAMS,0.0,0.0,0.0,0.0,Goalkeeper
419211,151612,43883,RSA,Lyle FOSTER,0.0,0.0,0.0,0.0,Forward
419223,151612,43883,RSA,Oswin APPOLLIS,0.0,0.0,0.0,1.0,Forward
419225,151612,43883,RSA,Bradley Cross,0.0,0.0,0.0,0.0,Defender
430917,151612,43883,RSA,Evidence MAKGOPA,0.0,0.0,1.0,1.0,Forward
463218,151612,43883,RSA,Khuliso MUDAU,0.0,0.0,2.0,1.0,Defender
463221,151612,43883,RSA,Nkosinathi SIBISI,0.0,0.0,0.0,0.0,Defender
463234,151612,43883,RSA,Thapelo MASEKO,0.0,0.0,4.0,0.0,Forward
463236,151612,43883,RSA,Jayden ADAMS,0.0,0.0,0.0,0.0,Midfielder
481242,151612,43883,RSA,Iqraam RAYNERS,0.0,0.0,0.0,0.0,Forward
486161,151612,43883,RSA,Relebohile MOFOKENG,0.0,0.0,0.0,0.0,Forward
494246,151612,43883,RSA,Sipho CHAINE,0.0,0.0,0.0,0.0,Goalkeeper
494248,151612,43883,RSA,Thalente MBATHA,0.0,0.0,0.0,1.0,Midfielder
502245,151612,43883,RSA,Olwethu MAKHANYA,0.0,0.0,0.0,0.0,Defender
504192,151612,43883,RSA,Khulumani NDAMANE,0.0,0.0,0.0,0.0,Defender
504193,151612,43883,RSA,Tshepang MOREMI,0.0,0.0,1.0,1.0,Forward
504199,151612,43883,RSA,Mbekezeli MBOKAZI,0.0,0.0,0.0,0.0,Defender
504200,151612,43883,RSA,Samukele KABINI,0.0,0.0,0.0,0.0,Defender
506038,151612,43883,RSA,Kamogelo SEBELEBELE,0.0,0.0,0.0,0.0,Forward
506039,151612,43883,RSA,Ime OKON,0.0,0.0,0.0,0.0,Defender
510850,151612,43883,RSA,Thabang MATULUDI,0.0,0.0,0.0,0.0,Defender
423874,151612,43822,KOR,LEE Hanbeom,0.0,0.0,0.0,1.0,Defender
430387,151612,43822,KOR,CHO Guesung,1.0,0.0,0.0,1.0,Forward
307849,151612,43822,KOR,SON Heungmin,0.0,0.0,1.0,0.0,Forward
429600,151612,43822,KOR,LEE Donggyeong,0.0,0.0,0.0,0.0,Midfielder
464374,151612,43822,KOR,BAE Junho,0.0,0.0,0.0,0.0,Midfielder
402820,151612,43822,KOR,SONG Bumkeun,0.0,0.0,0.0,0.0,Goalkeeper
423880,151612,43822,KOR,LEE Taeseok,0.0,0.0,0.0,2.0,Defender
423855,151612,43822,KOR,EOM Jisung,0.0,0.0,0.0,0.0,Midfielder
395083,151612,43822,KOR,HWANG Heechan,0.0,0.0,0.0,1.0,Midfielder
430385,151612,43822,KOR,KIM Jingyu,0.0,0.0,0.0,0.0,Midfielder
390525,151612,43822,KOR,LEE Jaesung,0.0,0.0,0.0,0.0,Midfielder
448586,151612,43822,KOR,OH Hyeongyu,0.0,0.0,0.0,0.0,Forward
511828,151612,43822,KOR,CASTROP Jens,0.0,0.0,0.0,3.0,Defender
402817,151612,43822,KOR,PAIK Seungho,0.0,0.0,0.0,0.0,Midfielder
448580,151612,43822,KOR,KIM Moonhwan,0.0,0.0,0.0,0.0,Defender
479316,151612,43822,KOR,PARK Jinseob,0.0,0.0,1.0,0.0,Defender
395088,151612,43822,KOR,KIM Minjae,0.0,0.0,0.0,0.0,Defender
492315,151612,43822,KOR,LEE Gihyuk,0.0,0.0,0.0,1.0,Midfielder
448585,151612,43822,KOR,YANG Hyunjun,0.0,0.0,0.0,0.0,Midfielder
274281,151612,43822,KOR,KIM Seunggyu,0.0,0.0,0.0,0.0,Goalkeeper
418490,151612,43822,KOR,LEE Kangin,0.0,0.0,2.0,0.0,Midfielder
429608,151612,43822,KOR,SEOL Youngwoo,0.0,0.0,2.0,0.0,Defender
418485,151612,43822,KOR,KIM Taehyeon,0.0,0.0,0.0,0.0,Defender
397753,151612,43822,KOR,JO Hyeonwoo,0.0,0.0,0.0,0.0,Goalkeeper
522282,151612,43822,KOR,CHO Wije,0.0,0.0,0.0,0.0,Defender
395084,151612,43822,KOR,HWANG Inbeom,0.0,0.0,1.0,0.0,Midfielder
433755,151611,43995,CZE,David Zima,0.0,0.0,0.0,0.0,Defender
519985,151611,43995,CZE,Denis VISINSKY,0.0,0.0,1.0,0.0,Forward
483961,151611,43995,CZE,Tomas CHORY,0.0,0.0,0.0,0.0,Forward
433754,151611,43995,CZE,Adam HLOZEK,0.0,0.0,3.0,1.0,Forward
404885,151611,43995,CZE,Tomas SOUCEK,0.0,0.0,0.0,1.0,Midfielder
506775,151611,43995,CZE,Hugo SOCHUREK,0.0,0.0,0.0,0.0,Midfielder
483936,151611,43995,CZE,David DOUDERA,0.0,0.0,1.0,0.0,Defender
484003,151611,43995,CZE,Mojmir CHYTIL,0.0,0.0,0.0,0.0,Forward
401481,151611,43995,CZE,Patrik Schick,0.0,0.0,0.0,1.0,Forward
441166,151611,43995,CZE,Jaroslav ZELENY,0.0,0.0,0.0,0.0,Defender
523097,151611,43995,CZE,Alexandr SOJKA,0.0,0.0,0.0,0.0,Midfielder
441167,151611,43995,CZE,Tomas HOLES,0.0,0.0,2.0,1.0,Defender
511118,151611,43995,CZE,Lukas HORNICEK,0.0,0.0,0.0,0.0,Goalkeeper
441171,151611,43995,CZE,Jan KUCHTA,0.0,0.0,0.0,0.0,Forward
358003,151611,43995,CZE,Vladimir DARIDA,0.0,0.0,0.0,0.0,Midfielder
483990,151611,43995,CZE,David JURASEK,0.0,0.0,0.0,0.0,Defender
486082,151611,43995,CZE,Pavel SULC,0.0,0.0,0.0,0.0,Forward
433668,151611,43995,CZE,Michal SADILEK,0.0,0.0,2.0,0.0,Midfielder
514334,151611,43995,CZE,Stepan CHALOUPEK,0.0,0.0,0.0,0.0,Defender
486080,151611,43995,CZE,Robin HRANAC,0.0,0.0,0.0,2.0,Defender
441162,151611,43995,CZE,Jindrich STANEK,0.0,0.0,0.0,0.0,Goalkeeper
441260,151611,43911,MEX,Carlos ACEVEDO,0.0,0.0,0.0,0.0,Goalkeeper
484011,151611,43995,CZE,Lukas PROVOD,0.0,0.0,0.0,1.0,Midfielder
472908,151611,43995,CZE,Vladimir COUFAL,0.0,0.0,2.0,1.0,Defender
486081,151611,43995,CZE,Lukas CERV,0.0,0.0,1.0,1.0,Midfielder
484012,151611,43995,CZE,Matej KOVAR,0.0,0.0,0.0,0.0,Goalkeeper
441170,151611,43995,CZE,Ladislav KREJCI,0.0,0.0,0.0,0.0,Defender
406135,151611,43911,MEX,Cesar HUERTA,0.0,0.0,0.0,0.0,Forward
430766,151611,43911,MEX,Alexis VEGA,0.0,0.0,0.0,0.0,Forward
403596,151611,43911,MEX,Jorge SANCHEZ,0.0,0.0,1.0,1.0,Defender
425701,151611,43911,MEX,Johan VASQUEZ,0.0,0.0,0.0,0.0,Defender
402772,151611,43911,MEX,Jesus GALLARDO,0.0,0.0,0.0,0.0,Defender
485070,151611,43911,MEX,Raul RANGEL,0.0,0.0,0.0,0.0,Goalkeeper
430759,151611,43911,MEX,Santiago GIMENEZ,0.0,0.0,1.0,0.0,Forward
448051,151611,43911,MEX,Luis CHAVEZ,0.0,0.0,0.0,0.0,Midfielder
500038,151611,43911,MEX,Mateo CHAVEZ,0.0,0.0,1.0,1.0,Defender
441261,151611,43911,MEX,Israel REYES,0.0,0.0,0.0,0.0,Defender
386339,151611,43911,MEX,Guillermo MARTINEZ,0.0,0.0,1.0,3.0,Forward
500037,151611,43911,MEX,Gilberto MORA,0.0,0.0,1.0,0.0,Midfielder
215285,151611,43911,MEX,Guillermo OCHOA,0.0,0.0,0.0,0.0,Goalkeeper
464533,151611,43911,MEX,Brian GUTIERREZ,0.0,0.0,0.0,0.0,Midfielder
372090,151611,43911,MEX,Orbelin PINEDA,0.0,0.0,0.0,0.0,Midfielder
430763,151611,43911,MEX,Luis ROMO,0.0,0.0,1.0,1.0,Midfielder
461177,151611,43911,MEX,Obed VARGAS,0.0,0.0,0.0,1.0,Midfielder
419518,151611,43911,MEX,Erik LIRA,0.0,0.0,0.0,0.0,Midfielder
429157,151611,43911,MEX,Julian QUINONES,0.0,0.0,1.0,1.0,Forward
400634,151611,43911,MEX,Edson ALVAREZ,1.0,0.0,1.0,4.0,Defender
403585,151611,43911,MEX,Roberto ALVARADO,0.0,0.0,0.0,0.0,Forward
416576,151611,43911,MEX,Alvaro FIDALGO,0.0,0.0,0.0,0.0,Midfielder
356731,151611,43911,MEX,Raul JIMENEZ,0.0,0.0,0.0,0.0,Forward
514336,151611,43911,MEX,Armando GONZALEZ,0.0,0.0,0.0,0.0,Forward
395516,151611,43911,MEX,Cesar MONTES,0.0,0.0,2.0,1.0,Defender
466350,151635,1895293,CUW,Sherel FLORANUS,0.0,0.0,0.0,1.0,Defender
403090,151635,43854,CIV,Alban Lafont,0.0,0.0,0.0,0.0,Goalkeeper
431698,151635,1895293,CUW,Jurien GAARI,0.0,0.0,0.0,2.0,Defender
485347,151635,1895293,CUW,Tahith CHONG,0.0,0.0,2.0,1.0,Midfielder
506471,151635,1895293,CUW,Deveron FONVILLE,0.0,0.0,0.0,1.0,Defender
466361,151635,1895293,CUW,Roshon VAN EIJMA,0.0,0.0,0.0,0.0,Defender
424047,151635,1895293,CUW,Jeremy Antonisse,0.0,0.0,0.0,0.0,Forward
506473,151635,1895293,CUW,Tyrese NOSLIN,0.0,0.0,2.0,0.0,Forward
466382,151635,1895293,CUW,Trevor DOORNBUSCH,0.0,0.0,0.0,0.0,Goalkeeper
466372,151635,1895293,CUW,Gervane KASTANEER,1.0,0.0,0.0,0.0,Forward
466346,151635,1895293,CUW,Brandley KUWAS,0.0,0.0,0.0,0.0,Forward
390650,151635,1895293,CUW,Eloy ROOM,0.0,0.0,0.0,0.0,Goalkeeper
466359,151635,1895293,CUW,Godfried ROEMERATOE,0.0,0.0,0.0,0.0,Midfielder
466363,151635,1895293,CUW,Jearl MARGARITHA,0.0,0.0,0.0,0.0,Forward
466317,151635,1895293,CUW,Juninho BACUNA,1.0,0.0,0.0,3.0,Midfielder
485324,151635,1895293,CUW,Arjany MARTHA,0.0,0.0,0.0,0.0,Midfielder
494989,151635,1895293,CUW,Livano COMENENCIA,0.0,0.0,0.0,1.0,Midfielder
407680,151635,1895293,CUW,Juergen LOCADIA,0.0,0.0,0.0,1.0,Forward
401023,151635,1895293,CUW,Joshua BRENET,0.0,0.0,1.0,0.0,Defender
485379,151635,1895293,CUW,Shurandy SAMBO,0.0,0.0,0.0,0.0,Defender
424056,151635,1895293,CUW,Sontje HANSEN,0.0,0.0,0.0,0.0,Forward
466370,151635,1895293,CUW,Tyrick BODAK,0.0,0.0,0.0,0.0,Goalkeeper
466340,151635,1895293,CUW,Leandro BACUNA,0.0,0.0,1.0,0.0,Midfielder
466352,151635,1895293,CUW,Kenji GORRE,0.0,0.0,0.0,0.0,Forward
466365,151635,1895293,CUW,Kevin FELIDA,0.0,0.0,0.0,0.0,Midfielder
398569,151635,1895293,CUW,Riechedly Bazoer,0.0,0.0,0.0,0.0,Defender
511141,151635,1895293,CUW,Armando OBISPO,0.0,0.0,0.0,1.0,Defender
486317,151635,43854,CIV,Guela DOUE,0.0,0.0,2.0,0.0,Defender
430831,151635,43854,CIV,Ibrahim SANGARE,0.0,0.0,2.0,1.0,Midfielder
477777,151635,43854,CIV,Oumar DIAKITE,0.0,0.0,0.0,0.0,Forward
486260,151635,43854,CIV,Christopher OPERI,0.0,0.0,0.0,2.0,Defender
405873,151635,43854,CIV,Yahia Fofana,0.0,0.0,1.0,0.0,Goalkeeper
485675,151635,43854,CIV,Evann GUESSAND,0.0,0.0,0.0,0.0,Forward
477825,151635,43854,CIV,Odilon KOSSOUNOU,0.0,0.0,0.0,0.0,Defender
419172,151635,43854,CIV,Evan NDICKA,0.0,0.0,0.0,0.0,Defender
407343,151635,43854,CIV,Ghislain KONAN,0.0,0.0,0.0,0.0,Defender
335807,151635,43854,CIV,Jean Michael SERI,0.0,0.0,0.0,0.0,Midfielder
430834,151635,43854,CIV,Parfait GUIAGON,0.0,0.0,0.0,0.0,Midfielder
514208,151635,43854,CIV,Christ Inao OULAI,0.0,0.0,2.0,1.0,Midfielder
510922,151635,43854,CIV,Yan DIOMANDE,0.0,0.0,1.0,0.0,Forward
405175,151635,43854,CIV,Seko Fofana,0.0,0.0,0.0,0.0,Midfielder
402261,151635,43854,CIV,Nicolas PEPE,1.0,0.0,0.0,1.0,Forward
486259,151635,43854,CIV,Mohamed KONE,0.0,0.0,0.0,0.0,Goalkeeper
464133,151635,43854,CIV,Elye WAHI,0.0,0.0,0.0,0.0,Forward
430822,151635,43854,CIV,Amad DIALLO,0.0,0.0,2.0,0.0,Forward
486268,151635,43854,CIV,Emmanuel AGBADOU,0.0,0.0,0.0,0.0,Defender
477802,151635,43854,CIV,Ousmane DIOMANDE,0.0,0.0,0.0,0.0,Defender
506202,151635,43854,CIV,Bazoumana TOURE,0.0,0.0,0.0,0.0,Forward
371609,151635,43854,CIV,Franck KESSIE,0.0,0.0,0.0,1.0,Midfielder
477778,151635,43854,CIV,Simon ADINGRA,0.0,0.0,0.0,0.0,Forward
464103,151635,43854,CIV,Ange-Yoan BONNY,0.0,0.0,1.0,0.0,Forward
430854,151635,43854,CIV,Wilfried SINGO,0.0,0.0,0.0,0.0,Defender
448310,151636,43927,ECU,Kevin RODRIGUEZ,0.0,0.0,0.0,2.0,Forward
424031,151636,43927,ECU,Piero HINCAPIE,1.0,0.0,0.0,2.0,Defender
448290,151636,43927,ECU,Willian PACHO,0.0,0.0,1.0,0.0,Defender
441236,151636,43927,ECU,Hernan GALINDEZ,0.0,0.0,0.0,0.0,Goalkeeper
402974,151636,43927,ECU,Angelo PRECIADO,0.0,0.0,0.0,0.0,Defender
402979,151636,43927,ECU,Felix TORRES,0.0,0.0,0.0,0.0,Defender
402985,151636,43927,ECU,Jordy CAICEDO,0.0,0.0,0.0,0.0,Forward
419003,151636,43927,ECU,Jackson POROZO,0.0,0.0,0.0,0.0,Defender
514326,151636,43927,ECU,Jeremy AREVALO,0.0,0.0,0.0,0.0,Forward
448299,151636,43927,ECU,Anthony VALENCIA,0.0,0.0,0.0,0.0,Midfielder
448312,151636,43927,ECU,Nilson ANGULO,0.0,0.0,2.0,2.0,Forward
419020,151636,43927,ECU,Gonzalo PLATA,1.0,0.0,1.0,4.0,Forward
463495,151636,43927,ECU,Kendry PAEZ,0.0,0.0,0.0,0.0,Midfielder
424036,151636,43927,ECU,Pedro VITE,0.0,0.0,2.0,0.0,Midfielder
373400,151636,43927,ECU,Enner VALENCIA,0.0,0.0,2.0,0.0,Forward
405920,151636,43927,ECU,John YEBOAH,0.0,0.0,1.0,0.0,Forward
448295,151636,43927,ECU,Gonzalo VALLE,0.0,0.0,0.0,0.0,Goalkeeper
419005,151636,43927,ECU,Jordy ALCIVAR,0.0,0.0,0.0,0.0,Midfielder
428885,151636,43927,ECU,Moises CAICEDO,0.0,0.0,0.0,1.0,Midfielder
463489,151636,43927,ECU,Yaimar MEDINA,0.0,0.0,0.0,0.0,Defender
419002,151636,43927,ECU,Moises RAMIREZ,0.0,0.0,0.0,0.0,Goalkeeper
463465,151636,43927,ECU,Joel ORDONEZ,0.0,0.0,1.0,1.0,Defender
463468,151636,43927,ECU,Alan MINDA,0.0,0.0,0.0,0.0,Midfielder
389782,151636,43927,ECU,Pervis ESTUPINAN,0.0,0.0,0.0,1.0,Defender
463476,151636,43927,ECU,Denil CASTILLO,0.0,0.0,0.0,0.0,Midfielder
389784,151636,43927,ECU,Alan FRANCO,1.0,0.0,0.0,2.0,Midfielder
475195,151636,43948,GER,Assan OUEDRAOGO,0.0,0.0,0.0,0.0,Midfielder
429640,151636,43948,GER,Angelo Stiller,0.0,0.0,0.0,0.0,Midfielder
514188,151636,43948,GER,Malick THIAW,0.0,0.0,1.0,1.0,Defender
401378,151636,43948,GER,Jonathan TAH,0.0,0.0,0.0,1.0,Defender
379953,151636,43948,GER,Leon GORETZKA,0.0,0.0,0.0,0.0,Midfielder
430667,151636,43948,GER,Nico SCHLOTTERBECK,0.0,0.0,0.0,0.0,Defender
411367,151636,43948,GER,Kai HAVERTZ,0.0,0.0,0.0,0.0,Forward
379955,151636,43948,GER,Antonio RUEDIGER,0.0,0.0,0.0,0.0,Defender
306538,151636,43948,GER,Oliver Baumann,0.0,0.0,0.0,0.0,Goalkeeper
484849,151636,43948,GER,Aleksandar PAVLOVIC,1.0,0.0,2.0,1.0,Midfielder
228912,151636,43948,GER,Manuel NEUER,0.0,0.0,0.0,0.0,Goalkeeper
484851,151636,43948,GER,Deniz UNDAV,0.0,0.0,0.0,0.0,Forward
430658,151636,43948,GER,Waldemar ANTON,0.0,0.0,0.0,0.0,Defender
404353,151636,43948,GER,Leroy SANE,0.0,0.0,1.0,2.0,Midfielder
429639,151636,43948,GER,Alexander NUEBEL,0.0,0.0,0.0,0.0,Goalkeeper
492363,151636,43948,GER,Felix NMECHA,0.0,0.0,1.0,0.0,Midfielder
430657,151636,43948,GER,David RAUM,0.0,0.0,0.0,2.0,Defender
429642,151636,43948,GER,Jamal MUSIALA,0.0,0.0,5.0,1.0,Midfielder
511015,151636,43948,GER,Nathaniel BROWN,0.0,0.0,0.0,0.0,Defender
498416,151636,43948,GER,Nick WOLTEMADE,0.0,0.0,0.0,0.0,Forward
484848,151636,43948,GER,Pascal GROSS,0.0,0.0,0.0,1.0,Midfielder
491218,151636,43948,GER,Jamie LEWELING,0.0,0.0,0.0,0.0,Midfielder
386413,151636,43948,GER,Joshua KIMMICH,0.0,0.0,3.0,0.0,Defender
430669,151636,43948,GER,Florian WIRTZ,0.0,0.0,0.0,0.0,Midfielder
395471,151636,43948,GER,Nadiem Amiri,0.0,0.0,0.0,0.0,Midfielder
484850,151636,43948,GER,Maximilian BEIER,0.0,0.0,1.0,1.0,Forward
464484,151642,43888,TUN,Ismael GHARBI,0.0,0.0,0.0,0.0,Midfielder
448662,151642,43888,TUN,Elias ACHOURI,0.0,0.0,0.0,0.0,Forward
494374,151642,43888,TUN,Hazem MASTOURI,0.0,0.0,2.0,2.0,Forward
520247,151642,43888,TUN,Rayan ELLOUMI,0.0,0.0,0.0,0.0,Forward
504502,151642,43888,TUN,Sebastian TOUNEKTI,0.0,0.0,0.0,0.0,Midfielder
433367,151642,43888,TUN,Omar Rekik,0.0,0.0,0.0,0.0,Defender
494375,151642,43888,TUN,Firas CHAOUAT,0.0,0.0,0.0,1.0,Forward
516043,151642,43888,TUN,Adam AROUS,0.0,0.0,0.0,0.0,Defender
512039,151642,43888,TUN,Khalil AYARI,0.0,0.0,0.0,0.0,Midfielder
433378,151642,43888,TUN,Hannibal MEJBRI,0.0,0.0,5.0,1.0,Midfielder
425607,151642,43888,TUN,Mohamed Amine BEN HMIDA,0.0,0.0,0.0,3.0,Defender
441362,151642,43888,TUN,Mortadha BEN OUANES,0.0,0.0,1.0,0.0,Defender
433365,151642,43888,TUN,Aymen DAHMEN,0.0,0.0,0.0,0.0,Goalkeeper
433380,151642,43888,TUN,Montassar TALBI,0.0,0.0,0.0,0.0,Defender
520245,151642,43888,TUN,Mouhib CHAMAKH,0.0,0.0,0.0,0.0,Goalkeeper
482885,151642,43888,TUN,Elias SAAD,0.0,0.0,0.0,0.0,Forward
372294,151642,43888,TUN,Sabri BEN HESSEN,0.0,0.0,0.0,0.0,Goalkeeper
506335,151642,43888,TUN,Moutaz NEFFATI,0.0,0.0,0.0,0.0,Defender
520246,151642,43888,TUN,Raed CHIKHAOUI,0.0,0.0,0.0,0.0,Defender
479781,151642,43888,TUN,Mohamed HADJ MAHMOUD,0.0,0.0,0.0,2.0,Midfielder
419189,151642,43888,TUN,Yan Valery,0.0,0.0,0.0,0.0,Defender
336459,151642,43888,TUN,Rani Khedira,0.0,0.0,0.0,2.0,Midfielder
433361,151642,43888,TUN,Anis SLIMANE,0.0,0.0,0.0,0.0,Midfielder
411658,151642,43888,TUN,Ellyes SKHIRI,0.0,0.0,1.0,0.0,Midfielder
433362,151642,43888,TUN,Ali ABDI,0.0,0.0,0.0,0.0,Defender
411653,151642,43888,TUN,Dylan BRONN,0.0,0.0,0.0,0.0,Defender
422657,151642,43960,NED,Frenkie DE JONG,0.0,0.0,1.0,1.0,Midfielder
397786,151642,43960,NED,Virgil VAN DIJK,0.0,0.0,1.0,1.0,Defender
424081,151642,43960,NED,Bart Verbruggen,0.0,0.0,0.0,0.0,Goalkeeper
478364,151642,43960,NED,Justin KLUIVERT,0.0,0.0,2.0,0.0,Midfielder
424051,151642,43960,NED,Brian BROBBEY,0.0,0.0,0.0,1.0,Forward
489517,151642,43960,NED,Jan Paul VAN HECKE,0.0,0.0,0.0,2.0,Defender
484859,151642,43960,NED,Quinten TIMBER,0.0,0.0,0.0,0.0,Midfielder
436612,151642,43960,NED,Denzel DUMFRIES,0.0,0.0,1.0,0.0,Defender
483512,151642,43960,NED,Jorrel HATO,0.0,0.0,0.0,0.0,Defender
430176,151642,43960,NED,Ryan GRAVENBERCH,0.0,0.0,1.0,2.0,Midfielder
336088,151642,43960,NED,Nathan AKE,0.0,0.0,2.0,2.0,Defender
448140,151642,43960,NED,Micky VAN DE VEN,0.0,0.0,0.0,0.0,Defender
506028,151642,43960,NED,Robin ROEFS,0.0,0.0,0.0,0.0,Goalkeeper
483553,151642,43960,NED,Lutsharel GEERTRUIDA,0.0,0.0,0.0,0.0,Defender
448153,151642,43960,NED,Noa LANG,0.0,0.0,0.0,0.0,Forward
448159,151642,43960,NED,Wout WEGHORST,0.0,0.0,0.0,0.0,Forward
448149,151642,43960,NED,Teun KOOPMEINERS,0.0,0.0,0.0,1.0,Midfielder
448151,151642,43960,NED,Mark FLEKKEN,0.0,0.0,0.0,0.0,Goalkeeper
433066,151642,43960,NED,Donyell Malen,0.0,0.0,2.0,0.0,Forward
489518,151642,43960,NED,Crysencio SUMMERVILLE,0.0,0.0,0.0,0.0,Forward
483481,151642,43960,NED,Mats WIEFFER,0.0,0.0,0.0,0.0,Defender
402044,151642,43960,NED,Marten DE ROON,0.0,0.0,0.0,0.0,Midfielder
483526,151642,43960,NED,Tijjani REIJNDERS,0.0,0.0,1.0,0.0,Midfielder
448157,151642,43960,NED,Guus TIL,0.0,0.0,0.0,0.0,Midfielder
448152,151642,43960,NED,Cody GAKPO,0.0,0.0,0.0,0.0,Forward
336098,151642,43960,NED,Memphis DEPAY,0.0,0.0,0.0,0.0,Forward
485503,151641,43819,JPN,Yuito SUZUKI,0.0,0.0,0.0,0.0,Midfielder
403274,151641,43819,JPN,Hiroki ITO,0.0,0.0,0.0,3.0,Defender
511710,151641,43819,JPN,Tomoki HAYAKAWA,0.0,0.0,0.0,0.0,Goalkeeper
291372,151641,43819,JPN,Yuto NAGATOMO,0.0,0.0,0.0,0.0,Defender
430413,151641,43819,JPN,Ayase UEDA,0.0,0.0,2.0,2.0,Forward
403305,151641,43819,JPN,Keisuke OSAKO,0.0,0.0,0.0,0.0,Goalkeeper
448569,151641,43819,JPN,Shuto MACHINO,0.0,0.0,0.0,0.0,Forward
405530,151641,43819,JPN,Zion Suzuki,0.0,0.0,0.0,0.0,Goalkeeper
448557,151641,43819,JPN,Daichi KAMADA,0.0,0.0,3.0,1.0,Midfielder
403293,151641,43819,JPN,Koki OGAWA,0.0,0.0,0.0,1.0,Forward
395321,151641,43819,JPN,Junya ITO,0.0,0.0,1.0,0.0,Midfielder
430407,151641,43819,JPN,Daizen MAEDA,0.0,0.0,0.0,2.0,Midfielder
520218,151641,43819,JPN,Kento SHIOGAI,0.0,0.0,0.0,0.0,Forward
498455,151641,43819,JPN,Junnosuke SUZUKI,0.0,0.0,0.0,0.0,Defender
400514,151641,43819,JPN,Ao TANAKA,0.0,0.0,2.0,4.0,Midfielder
390541,151641,43819,JPN,Shogo TANIGUCHI,1.0,0.0,0.0,1.0,Defender
405528,151641,43819,JPN,Yukinari Sugawara,0.0,0.0,1.0,3.0,Defender
479294,151641,43819,JPN,Kaishu SANO,0.0,0.0,0.0,0.0,Midfielder
403304,151641,43819,JPN,Takefusa KUBO,0.0,0.0,0.0,0.0,Midfielder
430401,151641,43819,JPN,Tsuyoshi Watanabe,0.0,0.0,0.0,0.0,Defender
400511,151641,43819,JPN,Kou ITAKURA,0.0,0.0,0.0,0.0,Defender
405527,151641,43819,JPN,Ayumu SEKO,0.0,0.0,0.0,0.0,Defender
405522,151641,43819,JPN,Keito Nakamura,0.0,0.0,0.0,0.0,Midfielder
464339,151641,43819,JPN,Keisuke GOTO,0.0,0.0,0.0,0.0,Forward
391646,151641,43819,JPN,Ritsu DOAN,0.0,0.0,3.0,3.0,Midfielder
403289,151641,43819,JPN,Takehiro TOMIYASU,0.0,0.0,0.0,0.0,Defender
483304,151641,43970,SWE,Gustaf LAGERBIELKE,0.0,0.0,1.0,0.0,Defender
483327,151641,43970,SWE,Viktor GYOKERES,1.0,0.0,2.0,2.0,Forward
483264,151641,43970,SWE,Viktor JOHANSSON,0.0,0.0,0.0,0.0,Goalkeeper
502945,151641,43970,SWE,Alexander BERNHARDSSON,0.0,0.0,2.0,2.0,Defender
491255,151641,43970,SWE,Daniel SVENSSON,0.0,0.0,0.0,0.0,Defender
489689,151641,43970,SWE,Lucas BERGVALL,0.0,0.0,2.0,2.0,Midfielder
514639,151641,43970,SWE,Herman JOHANSSON,0.0,0.0,0.0,0.0,Defender
489685,151641,43970,SWE,Jacob WIDELL ZETTERSTROM,0.0,0.0,0.0,0.0,Goalkeeper
395283,151641,43970,SWE,Victor LINDELOF,0.0,0.0,0.0,0.0,Defender
483319,151641,43970,SWE,Hjalmar EKDAL,0.0,0.0,0.0,0.0,Defender
489691,151641,43970,SWE,Gustaf NILSSON,0.0,0.0,0.0,0.0,Forward
430150,151641,43970,SWE,Alexander Isak,0.0,0.0,0.0,0.0,Forward
503047,151641,43970,SWE,Besfort ZENELI,0.0,0.0,0.0,0.0,Midfielder
395286,151641,43970,SWE,Ken SEMA,0.0,0.0,1.0,0.0,Midfielder
483276,151641,43970,SWE,Gabriel GUDMUNDSSON,0.0,0.0,3.0,1.0,Defender
441135,151641,43970,SWE,Jesper KARLSTROM,0.0,0.0,0.0,0.0,Midfielder
433795,151641,43970,SWE,Mattias SVANBERG,0.0,0.0,0.0,0.0,Midfielder
519958,151641,43970,SWE,Elliot STROUD,0.0,0.0,0.0,3.0,Defender
441137,151641,43970,SWE,Anthony ELANGA,0.0,0.0,5.0,0.0,Forward
483312,151641,43970,SWE,Isak HIEN,1.0,0.0,1.0,1.0,Defender
493061,151641,43970,SWE,Eric SMITH,0.0,0.0,0.0,0.0,Defender
441132,151641,43970,SWE,Carl STARFELT,0.0,0.0,0.0,0.0,Defender
360496,151641,43970,SWE,Kristoffer NORDFELDT,0.0,0.0,0.0,0.0,Goalkeeper
514202,151641,43970,SWE,Taha ALI,0.0,0.0,0.0,0.0,Forward
502946,151641,43970,SWE,Benjamin NYGREN,0.0,0.0,0.0,0.0,Midfielder
489688,151641,43970,SWE,Yasin AYARI,0.0,0.0,3.0,0.0,Midfielder
463128,151629,43928,PAR,Diego GOMEZ,1.0,0.0,1.0,2.0,Midfielder
424422,151629,43928,PAR,Matias GALARZA,0.0,0.0,0.0,1.0,Midfielder
494531,151629,43928,PAR,Orlando GILL,0.0,0.0,0.0,0.0,Goalkeeper
520066,151629,43928,PAR,Jose CANALE,0.0,0.0,0.0,0.0,Defender
386458,151629,43928,PAR,Alejandro ROMERO GAMARRA,0.0,0.0,0.0,0.0,Forward
495046,151629,43928,PAR,MAURICIO,0.0,0.0,0.0,2.0,Midfielder
394829,151629,43928,PAR,Fabian BALBUENA,0.0,0.0,0.0,0.0,Defender
489417,151629,43928,PAR,Isidro PITTA,0.0,0.0,0.0,0.0,Forward
485802,151629,43928,PAR,Alex ARCE,0.0,0.0,0.0,0.0,Forward
431202,151629,43928,PAR,Omar ALDERETE,0.0,0.0,1.0,0.0,Defender
369744,151629,43928,PAR,Gustavo GOMEZ,0.0,0.0,0.0,0.0,Defender
476348,151629,43928,PAR,Damian BOBADILLA,0.0,0.0,0.0,0.0,Midfielder
505495,151629,43928,PAR,Alexandro MAIDANA,0.0,0.0,0.0,0.0,Defender
318647,151629,43928,PAR,Gatito FERNANDEZ,0.0,0.0,0.0,0.0,Goalkeeper
369749,151629,43928,PAR,Junior ALONSO,0.0,0.0,0.0,0.0,Defender
463127,151629,43928,PAR,Gabriel AVALOS,0.0,0.0,1.0,0.0,Forward
369768,151629,43928,PAR,Antonio SANABRIA,0.0,0.0,0.0,0.0,Forward
406205,151629,43928,PAR,Braian OJEDA,0.0,0.0,0.0,0.0,Midfielder
486875,151629,43928,PAR,Gustavo VELAZQUEZ,0.0,0.0,0.0,0.0,Defender
385306,151629,43928,PAR,Andres CUBAS,0.0,0.0,1.0,1.0,Midfielder
479601,151629,43928,PAR,Juan Jose CACERES,0.0,0.0,0.0,2.0,Defender
441234,151629,43928,PAR,Julio ENCISO,0.0,0.0,2.0,1.0,Forward
485804,151629,43928,PAR,Gustavo CABALLERO,0.0,0.0,0.0,0.0,Midfielder
447991,151629,43928,PAR,Gaston OLVEIRA,0.0,0.0,0.0,0.0,Goalkeeper
463125,151629,43928,PAR,Ramon SOSA,0.0,0.0,0.0,0.0,Midfielder
518200,151629,43976,AUS,Tete YENGI,0.0,0.0,0.0,0.0,Forward
321697,151629,43976,AUS,Mathew LECKIE,0.0,0.0,0.0,0.0,Forward
406606,151629,43976,AUS,Awer MABIL,0.0,0.0,0.0,0.0,Forward
430450,151629,43976,AUS,Jacob ITALIANO,0.0,0.0,0.0,0.0,Defender
430442,151629,43976,AUS,Harry SOUTTAR,0.0,0.0,0.0,0.0,Defender
339112,151629,43976,AUS,Jason GERIA,0.0,0.0,0.0,0.0,Defender
494411,151629,43976,AUS,Kai TREWIN,0.0,0.0,0.0,0.0,Defender
331135,151629,43976,AUS,Paul Izzo,0.0,0.0,0.0,0.0,Goalkeeper
382312,151629,43976,AUS,Cameron BURGESS,0.0,0.0,0.0,0.0,Defender
498421,151629,43976,AUS,Paul OKON-ENGSTLER,0.0,0.0,0.0,0.0,Midfielder
498806,151629,43976,AUS,Mohamed TOURE,0.0,0.0,0.0,0.0,Forward
339117,151629,43976,AUS,Mathew RYAN,0.0,0.0,0.0,0.0,Goalkeeper
430452,151629,43976,AUS,Connor METCALFE,0.0,0.0,0.0,0.0,Midfielder
349342,151629,43976,AUS,Aziz BEHICH,0.0,0.0,2.0,0.0,Defender
430440,151629,43976,AUS,Aiden ONEILL,0.0,0.0,1.0,0.0,Midfielder
448014,151629,43976,AUS,Alessandro CIRCATI,0.0,0.0,1.0,1.0,Defender
404319,151629,43976,AUS,Ajdin HRUSTIC,0.0,0.0,0.0,0.0,Forward
494557,151629,43976,AUS,Patrick BEACH,0.0,0.0,0.0,0.0,Goalkeeper
331149,151629,43976,AUS,Milos DEGENEK,0.0,0.0,0.0,0.0,Defender
430437,151629,43976,AUS,Cameron DEVLIN,0.0,0.0,0.0,0.0,Midfielder
504931,151629,43976,AUS,Lucas HERRINGTON,0.0,0.0,0.0,1.0,Defender
491166,151629,43976,AUS,Nishan VELUPILLAY,0.0,0.0,0.0,0.0,Forward
486306,151629,43976,AUS,Nestory IRANKUNDA,0.0,0.0,1.0,1.0,Forward
423522,151629,43976,AUS,Jordan BOS,0.0,0.0,3.0,1.0,Defender
448015,151629,43976,AUS,Cristian VOLPATO,0.0,0.0,0.0,1.0,Forward
355775,151629,43976,AUS,Jackson IRVINE,1.0,0.0,1.0,1.0,Midfielder
406231,151630,43972,TUR,Yunus AKGUN,0.0,0.0,0.0,0.0,Forward
433072,151630,43972,TUR,Zeki CELIK,0.0,0.0,0.0,0.0,Defender
406249,151630,43972,TUR,Ozan KABAK,0.0,0.0,0.0,3.0,Defender
484072,151630,43972,TUR,Samet AKAYDIN,0.0,0.0,0.0,0.0,Defender
484113,151630,43972,TUR,Ferdi KADIOGLU,0.0,0.0,0.0,0.0,Defender
484065,151630,43972,TUR,Eren ELMALI,0.0,0.0,1.0,0.0,Defender
484139,151630,43972,TUR,Baris Alper YILMAZ,0.0,0.0,1.0,2.0,Forward
441188,151630,43972,TUR,Kerem AKTURKOGLU,0.0,0.0,0.0,0.0,Forward
441180,151630,43972,TUR,Altay BAYINDIR,0.0,0.0,0.0,0.0,Goalkeeper
484087,151630,43972,TUR,Arda GULER,0.0,0.0,2.0,3.0,Forward
389907,151630,43972,TUR,Salih OZCAN,0.0,0.0,1.0,2.0,Midfielder
486076,151630,43972,TUR,Oguz AYDIN,0.0,0.0,2.0,0.0,Forward
369304,151630,43972,TUR,Hakan CALHANOGLU,0.0,0.0,0.0,0.0,Midfielder
484082,151630,43972,TUR,Abdulkerim BARDAKCI,0.0,0.0,1.0,0.0,Defender
441181,151630,43972,TUR,Ugurcan CAKIR,0.0,0.0,0.0,0.0,Goalkeeper
486074,151630,43972,TUR,Can UZUN,0.0,0.0,0.0,0.0,Forward
336170,151630,43972,TUR,Kaan Ayhan,0.0,0.0,0.0,0.0,Midfielder
484112,151630,43972,TUR,Kenan YILDIZ,0.0,0.0,2.0,1.0,Forward
441179,151630,43972,TUR,Merih DEMIRAL,0.0,0.0,0.0,0.0,Defender
495347,151630,43972,TUR,Deniz GUL,0.0,0.0,0.0,0.0,Forward
401167,151630,43972,TUR,Caglar SOYUNCU,0.0,0.0,0.0,0.0,Defender
484092,151630,43972,TUR,Ismail YUKSEK,0.0,0.0,0.0,0.0,Midfielder
360498,151630,43972,TUR,Mert GUNOK,0.0,0.0,0.0,0.0,Goalkeeper
472877,151630,43972,TUR,Irfan Can KAHVECI,0.0,0.0,0.0,0.0,Forward
430120,151630,43972,TUR,Mert MULDUR,0.0,0.0,0.0,0.0,Defender
433118,151630,43972,TUR,Orkun KOKCU,0.0,0.0,1.0,2.0,Midfielder
406280,151630,43921,USA,Sergino DEST,0.0,0.0,0.0,0.0,Defender
441251,151630,43921,USA,Antonee ROBINSON,0.0,0.0,0.0,0.0,Defender
448217,151630,43921,USA,Matt TURNER,0.0,0.0,0.0,0.0,Goalkeeper
419077,151630,43921,USA,Mark McKENZIE,0.0,0.0,1.0,1.0,Defender
419055,151630,43921,USA,Brenden AARONSON,0.0,0.0,1.0,2.0,Forward
339510,151630,43921,USA,Tim REAM,0.0,0.0,0.0,0.0,Defender
390238,151630,43921,USA,Tyler ADAMS,0.0,0.0,0.0,0.0,Midfielder
390272,151630,43921,USA,Auston TRUSTY,0.0,0.0,0.0,2.0,Defender
466624,151630,43921,USA,Folarin BALOGUN,0.0,0.0,0.0,0.0,Forward
390278,151630,43921,USA,Alex ZENDEJAS,0.0,0.0,0.0,1.0,Forward
419068,151630,43921,USA,Giovanni REYNA,0.0,0.0,1.0,0.0,Midfielder
464542,151630,43921,USA,Alex FREEMAN,0.0,0.0,0.0,0.0,Defender
448214,151630,43921,USA,Malik TILLMAN,0.0,0.0,0.0,0.0,Midfielder
419082,151630,43921,USA,Ricardo PEPI,0.0,0.0,2.0,1.0,Forward
390276,151630,43921,USA,Haji WRIGHT,0.0,0.0,0.0,0.0,Forward
436599,151630,43921,USA,Miles ROBINSON,0.0,0.0,0.0,2.0,Defender
390267,151630,43921,USA,Christian PULISIC,0.0,0.0,1.0,0.0,Forward
499912,151630,43921,USA,Sebastian BERHALTER,1.0,0.0,4.0,3.0,Midfielder
406304,151630,43921,USA,Timothy WEAH,0.0,0.0,0.0,0.0,Forward
499913,151630,43921,USA,Matt FREESE,0.0,0.0,0.0,0.0,Goalkeeper
486390,151630,43921,USA,Max ARFSTEN,0.0,0.0,0.0,0.0,Defender
419062,151630,43921,USA,Chris RICHARDS,0.0,0.0,0.0,0.0,Defender
390259,151630,43921,USA,Weston McKENNIE,0.0,0.0,0.0,1.0,Midfielder
464546,151630,43921,USA,Chris BRADY,0.0,0.0,0.0,0.0,Goalkeeper
423700,151630,43921,USA,Joe SCALLY,0.0,0.0,1.0,0.0,Defender
385994,151630,43921,USA,Cristian ROLDAN,0.0,0.0,0.0,0.0,Midfielder
464865,151659,43879,SEN,El Hadji Malick DIOUF,0.0,0.0,0.0,0.0,Defender
353790,151659,43879,SEN,Sadio MANE,0.0,0.0,2.0,0.0,Forward
464842,151659,43879,SEN,Lamine CAMARA,0.0,0.0,1.0,1.0,Midfielder
484698,151659,43879,SEN,Assane DIAO,0.0,0.0,0.0,0.0,Forward
418781,151659,43879,SEN,Bamba DIENG,0.0,0.0,0.0,0.0,Forward
433806,151659,43879,SEN,Edouard MENDY,0.0,0.0,0.0,0.0,Goalkeeper
418798,151659,43879,SEN,Pape Matar SARR,0.0,0.0,0.0,0.0,Midfielder
431788,151659,43879,SEN,Pape GUEYE,1.0,0.0,1.0,1.0,Midfielder
401889,151659,43879,SEN,Ismaila SARR,0.0,0.0,2.0,0.0,Forward
339820,151659,43879,SEN,Kalidou KOULIBALY,0.0,0.0,0.0,0.0,Defender
430690,151659,43879,SEN,Moussa Niakhate,0.0,0.0,1.0,3.0,Defender
430671,151659,43879,SEN,Ismail JAKOBS,0.0,0.0,0.0,1.0,Defender
494277,151659,43879,SEN,Yehvann DIOUF,0.0,0.0,0.0,0.0,Goalkeeper
486130,151659,43879,SEN,Habib DIARRA,0.0,0.0,0.0,0.0,Midfielder
448821,151659,43879,SEN,Mory DIAW,0.0,0.0,0.0,0.0,Goalkeeper
448815,151659,43879,SEN,Iliman NDIAYE,0.0,0.0,0.0,1.0,Forward
448825,151659,43879,SEN,Pathe CISS,0.0,0.0,0.0,0.0,Midfielder
332314,151659,43879,SEN,Idrissa Gana GUEYE,0.0,0.0,1.0,1.0,Midfielder
496358,151659,43879,SEN,Ibrahim MBAYE,0.0,0.0,0.0,0.0,Forward
403642,151659,43879,SEN,Krepin DIATTA,0.0,0.0,1.0,1.0,Defender
499800,151659,43879,SEN,Mamadou SARR,0.0,0.0,0.0,0.0,Defender
418795,151659,43879,SEN,Nicolas JACKSON,0.0,0.0,0.0,0.0,Forward
523354,151659,43879,SEN,Bara Sapoko NDIAYE,0.0,0.0,0.0,0.0,Midfielder
370171,151659,43879,SEN,Abdoulaye Seck,1.0,0.0,1.0,1.0,Defender
486168,151659,43879,SEN,Cherif NDIAYE,0.0,0.0,0.0,0.0,Forward
494279,151659,43879,SEN,Antoine MENDY,0.0,0.0,0.0,0.0,Defender
484276,151659,43818,IRQ,AHMED MAKNAZI,0.0,0.0,0.0,0.0,Defender
396158,151659,43818,IRQ,REBIN SULAKA,0.0,1.0,0.0,1.0,Defender
395186,151659,43818,IRQ,AYMEN HUSSEIN,0.0,0.0,0.0,0.0,Forward
434024,151659,43818,IRQ,MUNAF YOUNUS,0.0,0.0,0.0,0.0,Defender
464457,151659,43818,IRQ,ALI JASIM,0.0,0.0,0.0,1.0,Forward
436863,151659,43818,IRQ,FRANS PUTROS,0.0,0.0,0.0,2.0,Defender
479553,151659,43818,IRQ,Hussein Ali,0.0,0.0,0.0,0.0,Defender
436628,151659,43818,IRQ,ALI ALHAMADI,0.0,0.0,2.0,0.0,Forward
434025,151659,43818,IRQ,ZAID TAHSEEN,0.0,0.0,0.0,0.0,Defender
479056,151659,43818,IRQ,MUSTAFA SAADOON,0.0,0.0,0.0,0.0,Defender
368744,151659,43818,IRQ,FAHAD TALIB,0.0,0.0,0.0,0.0,Goalkeeper
464458,151659,43818,IRQ,YOUSSEF AMYN,0.0,0.0,0.0,0.0,Midfielder
347085,151659,43818,IRQ,JALAL HASSAN,0.0,0.0,0.0,0.0,Goalkeeper
434026,151659,43818,IRQ,ZIDANE IQBAL,0.0,0.0,1.0,0.0,Midfielder
481183,151659,43818,IRQ,AKAM HASHIM,0.0,0.0,1.0,0.0,Defender
433074,151659,43818,IRQ,AMIR ALAMMARI,1.0,0.0,0.0,1.0,Midfielder
506069,151659,43818,IRQ,KEVIN YAKOB,0.0,0.0,0.0,1.0,Midfielder
433585,151659,43818,IRQ,IBRAHIM BAYESH,0.0,0.0,3.0,2.0,Midfielder
493983,151659,43818,IRQ,AIMAR SHER,0.0,0.0,0.0,0.0,Midfielder
433571,151659,43818,IRQ,AHMED BASIL,0.0,0.0,1.0,0.0,Goalkeeper
479072,151659,43818,IRQ,MERCHAS DOSKI,1.0,0.0,2.0,2.0,Defender
484270,151659,43818,IRQ,ZAID ISMAEL,0.0,0.0,0.0,0.0,Midfielder
523236,151659,43818,IRQ,AHMED QASEM,0.0,0.0,0.0,0.0,Forward
434029,151659,43818,IRQ,ALI YOUSIF,0.0,0.0,0.0,1.0,Forward
484262,151659,43818,IRQ,MARKO FARJI,0.0,0.0,0.0,0.0,Forward
422968,151659,43818,IRQ,MOHANAD ALI,0.0,0.0,0.0,0.0,Forward
483535,151660,43961,NOR,Egil SELVIK,0.0,0.0,0.0,0.0,Goalkeeper
489696,151660,43961,NOR,Sondre LANGAS,0.0,0.0,0.0,0.0,Defender
477470,151660,43961,NOR,Oscar BOBB,0.0,0.0,3.0,1.0,Midfielder
483505,151660,43961,NOR,David MOLLER WOLFE,0.0,0.0,0.0,0.0,Defender
483497,151660,43961,NOR,Fredrik AURSNES,0.0,0.0,0.0,1.0,Midfielder
419654,151660,43961,NOR,Jens Petter HAUGE,0.0,0.0,0.0,0.0,Midfielder
483516,151660,43961,NOR,Kristoffer AJER,0.0,0.0,0.0,0.0,Defender
404645,151660,43961,NOR,Sander BERGE,0.0,0.0,0.0,0.0,Midfielder
520112,151660,43961,NOR,Henrik FALCHENER,0.0,0.0,0.0,0.0,Defender
483496,151660,43961,NOR,Julian RYERSON,0.0,0.0,0.0,0.0,Forward
514479,151660,43961,NOR,Sander TANGVIK,0.0,0.0,0.0,0.0,Goalkeeper
419662,151660,43961,NOR,Jorgen STRAND LARSEN,0.0,0.0,2.0,0.0,Forward
483448,151660,43961,NOR,Antonio NUSA,0.0,0.0,0.0,0.0,Forward
494626,151660,43961,NOR,Andreas SCHJELDERUP,0.0,0.0,1.0,2.0,Midfielder
400716,151660,43961,NOR,Martin ODEGAARD,0.0,0.0,0.0,0.0,Midfielder
483530,151660,43961,NOR,Fredrik Andre BJORKAN,0.0,0.0,0.0,0.0,Defender
419652,151660,43961,NOR,Erling HAALAND,0.0,0.0,0.0,0.0,Forward
433067,151660,43961,NOR,Morten Thorsby,0.0,0.0,0.0,1.0,Midfielder
373235,151660,43961,NOR,Orjan NYLAND,0.0,0.0,0.0,0.0,Goalkeeper
494627,151660,43961,NOR,Thelo AASGAARD,0.0,0.0,3.0,0.0,Midfielder
494625,151660,43961,NOR,Marcus HOLMGREN PEDERSEN,0.0,0.0,0.0,0.0,Defender
419672,151660,43961,NOR,Leo OSTIGARD,0.0,0.0,0.0,1.0,Defender
483442,151660,43961,NOR,Patrick BERG,1.0,0.0,0.0,1.0,Midfielder
419681,151660,43961,NOR,Kristian Thorstvedt,0.0,0.0,1.0,2.0,Midfielder
398588,151660,43961,NOR,Alexander SORLOTH,0.0,0.0,0.0,0.0,Forward
491244,151660,43961,NOR,Torbjorn HEGGEM,0.0,0.0,0.0,0.0,Defender
448332,151660,43946,FRA,Mike MAIGNAN,0.0,0.0,0.0,0.0,Goalkeeper
389876,151660,43946,FRA,Dayot UPAMECANO,0.0,0.0,0.0,1.0,Defender
402047,151660,43946,FRA,Adrien RABIOT,0.0,0.0,0.0,0.0,Midfielder
464055,151660,43946,FRA,Malo GUSTO,0.0,0.0,0.0,0.0,Defender
389867,151660,43946,FRA,Kylian MBAPPE,0.0,0.0,0.0,0.0,Forward
368860,151660,43946,FRA,Lucas Digne,0.0,0.0,0.0,0.0,Defender
464114,151660,43946,FRA,Desire DOUE,0.0,0.0,1.0,0.0,Forward
398681,151660,43946,FRA,Ngolo KANTE,0.0,0.0,0.0,0.0,Midfielder
411470,151660,43946,FRA,Lucas HERNANDEZ,0.0,0.0,0.0,0.0,Defender
430707,151660,43946,FRA,Jules KOUNDE,0.0,0.0,1.0,1.0,Defender
483471,151660,43946,FRA,Brice SAMBA,0.0,0.0,0.0,0.0,Goalkeeper
431861,151660,43946,FRA,Rayan CHERKI,0.0,0.0,0.0,1.0,Midfielder
485655,151660,43946,FRA,Michael OLISE,0.0,0.0,2.0,0.0,Forward
398680,151660,43946,FRA,Ousmane DEMBELE,0.0,0.0,0.0,0.0,Forward
484860,151660,43946,FRA,Bradley BARCOLA,0.0,0.0,0.0,1.0,Forward
403109,151660,43946,FRA,Marcus THURAM,0.0,0.0,0.0,0.0,Forward
408042,151660,43946,FRA,Theo HERNANDEZ,0.0,0.0,3.0,2.0,Defender
419166,151660,43946,FRA,Ibrahima KONATE,0.0,0.0,0.0,0.0,Defender
485666,151660,43946,FRA,Maghnes AKLIOUCHE,0.0,0.0,0.0,0.0,Midfielder
464127,151660,43946,FRA,Robin RISSER,0.0,0.0,0.0,0.0,Goalkeeper
405893,151660,43946,FRA,Aurelien TCHOUAMENI,1.0,0.0,0.0,3.0,Midfielder
403094,151660,43946,FRA,Jean-Philippe MATETA,0.0,0.0,0.0,0.0,Forward
405881,151660,43946,FRA,Maxence Lacroix,0.0,0.0,0.0,2.0,Defender
483549,151660,43946,FRA,Warren ZAIRE-EMERY,0.0,0.0,0.0,0.0,Midfielder
485677,151660,43946,FRA,Manu KONE,0.0,0.0,1.0,0.0,Midfielder
419177,151660,43946,FRA,William SALIBA,0.0,0.0,0.0,0.0,Defender
386538,151653,43930,URU,Rodrigo BENTANCUR,0.0,0.0,2.0,3.0,Midfielder
477536,151653,43930,URU,Federico VINAS,0.0,0.0,2.0,3.0,Forward
402895,151653,43930,URU,Matias VINA,0.0,0.0,0.0,0.0,Defender
229498,151653,43930,URU,Fernando MUSLERA,0.0,0.0,0.0,0.0,Goalkeeper
439538,151653,43930,URU,Joaquin PIQUEREZ,0.0,0.0,0.0,0.0,Midfielder
419134,151653,43930,URU,Juan Manuel SANABRIA,1.0,0.0,0.0,1.0,Midfielder
368660,151653,43930,URU,Guillermo VARELA,1.0,0.0,1.0,0.0,Defender
402876,151653,43930,URU,Agustin CANOBBIO,0.0,1.0,4.0,3.0,Midfielder
419101,151653,43930,URU,Ronald ARAUJO,0.0,0.0,0.0,0.0,Defender
402884,151653,43930,URU,Federico VALVERDE,0.0,0.0,0.0,0.0,Midfielder
368652,151653,43930,URU,Giorgian DE ARRASCAETA,0.0,0.0,0.0,0.0,Midfielder
402904,151653,43930,URU,Santiago BUENO,0.0,0.0,0.0,0.0,Defender
419132,151653,43930,URU,Brian RODRIGUEZ,0.0,0.0,0.0,0.0,Forward
441623,151653,43930,URU,Manuel UGARTE,0.0,0.0,0.0,0.0,Midfielder
402898,151653,43930,URU,Nicolas DE LA CRUZ,1.0,0.0,1.0,2.0,Midfielder
419108,151653,43930,URU,Sebastian CACERES,0.0,0.0,0.0,0.0,Defender
368655,151653,43930,URU,Jose Maria GIMENEZ,0.0,0.0,0.0,0.0,Defender
368664,151653,43930,URU,Sergio ROCHET,0.0,0.0,0.0,0.0,Goalkeeper
473062,151653,43930,URU,Emiliano MARTINEZ,0.0,0.0,0.0,0.0,Midfielder
402893,151653,43930,URU,Mathias OLIVERA,0.0,0.0,0.0,2.0,Defender
419100,151653,43930,URU,Maxi ARAUJO,0.0,0.0,3.0,0.0,Midfielder
332897,151653,43930,URU,Rodrigo AGUIRRE,0.0,0.0,0.0,0.0,Forward
419126,151653,43930,URU,Darwin NUNEZ,0.0,0.0,1.0,0.0,Forward
439956,151653,43930,URU,Facundo PELLISTRI,0.0,0.0,0.0,0.0,Forward
402897,151653,43930,URU,Santiago MELE,0.0,0.0,0.0,0.0,Goalkeeper
419142,151653,43930,URU,Rodrigo ZALAZAR,0.0,0.0,0.0,0.0,Midfielder
430735,151653,43969,ESP,Marc CUCURELLA,0.0,0.0,1.0,0.0,Defender
430751,151653,43969,ESP,Mikel OYARZABAL,0.0,0.0,0.0,0.0,Forward
430754,151653,43969,ESP,Martin ZUBIMENDI,0.0,0.0,0.0,0.0,Midfielder
447853,151653,43969,ESP,David RAYA,0.0,0.0,0.0,0.0,Goalkeeper
430144,151653,43969,ESP,Pedro PORRO,0.0,0.0,0.0,0.0,Defender
423646,151653,43969,ESP,PEDRI,0.0,0.0,3.0,1.0,Midfielder
484728,151653,43969,ESP,Marc PUBILL,0.0,0.0,0.0,0.0,Defender
411375,151653,43969,ESP,RODRI,0.0,0.0,0.0,3.0,Midfielder
430750,151653,43969,ESP,Dani OLMO,0.0,0.0,2.0,1.0,Forward
382739,151653,43969,ESP,Marcos LLORENTE,0.0,0.0,0.0,1.0,Defender
405545,151653,43969,ESP,Ferran TORRES,0.0,0.0,1.0,0.0,Forward
391297,151653,43969,ESP,Alex GRIMALDO,0.0,0.0,0.0,0.0,Defender
430718,151653,43969,ESP,Fabian RUIZ,0.0,0.0,1.0,0.0,Midfielder
430753,151653,43969,ESP,Unai SIMON,0.0,0.0,0.0,0.0,Goalkeeper
335999,151653,43969,ESP,Aymeric LAPORTE,0.0,0.0,1.0,1.0,Defender
484691,151653,43969,ESP,Joan GARCIA,0.0,0.0,0.0,0.0,Goalkeeper
484320,151653,43969,ESP,Lamine YAMAL,0.0,0.0,1.0,0.0,Forward
423658,151653,43969,ESP,Yeremy PINO,0.0,0.0,0.0,0.0,Forward
447866,151653,43969,ESP,GAVI,0.0,0.0,0.0,0.0,Midfielder
447860,151653,43969,ESP,Alex BAENA,1.0,0.0,0.0,4.0,Midfielder
430733,151653,43969,ESP,Mikel MERINO,0.0,0.0,1.0,2.0,Midfielder
447855,151653,43969,ESP,Nico WILLIAMS,0.0,0.0,1.0,0.0,Forward
447864,151653,43969,ESP,Borja IGLESIAS,0.0,0.0,0.0,0.0,Forward
492859,151653,43969,ESP,Victor MUNOZ,0.0,0.0,0.0,0.0,Forward
474973,151653,43969,ESP,Pau CUBARSI,0.0,0.0,1.0,1.0,Defender
405562,151653,43969,ESP,Eric GARCIA,0.0,0.0,0.0,0.0,Defender
364752,151654,43850,CPV,VOZINHA,0.0,0.0,0.0,0.0,Goalkeeper
355642,151654,43850,CPV,RYAN MENDES,0.0,0.0,0.0,1.0,Forward
477847,151654,43850,CPV,STEVEN MOREIRA,0.0,0.0,0.0,0.0,Defender
477827,151654,43850,CPV,DEROY DUARTE,0.0,0.0,1.0,0.0,Midfielder
433724,151654,43850,CPV,WILLY SEMEDO,0.0,0.0,2.0,2.0,Midfielder
477855,151654,43850,CPV,JOAO PAULO,0.0,0.0,3.0,0.0,Midfielder
409241,151654,43850,CPV,DINEY BORGES,0.0,0.0,0.0,1.0,Defender
297266,151654,43850,CPV,STOPIRA,0.0,0.0,0.0,0.0,Defender
477862,151654,43850,CPV,GILSON BENCHIMOL,0.0,0.0,0.0,0.0,Forward
406281,151654,43850,CPV,CJ DOS SANTOS,0.0,0.0,0.0,0.0,Goalkeeper
494314,151654,43850,CPV,TELMO ARCANJO,0.0,0.0,0.0,0.0,Midfielder
477831,151654,43850,CPV,LOGAN COSTA,0.0,0.0,0.0,0.0,Defender
477770,151654,43850,CPV,PICO LOPES,0.0,0.0,2.0,0.0,Defender
373344,151654,43850,CPV,GARRY RODRIGUES,0.0,0.0,0.0,0.0,Midfielder
477852,151654,43850,CPV,KEVIN PINA,0.0,0.0,2.0,2.0,Midfielder
482783,151654,43850,CPV,WAGNER PINA,1.0,0.0,3.0,1.0,Defender
407114,151654,43850,CPV,MARCIO ROSA,0.0,0.0,0.0,0.0,Goalkeeper
401894,151654,43850,CPV,JAMIRO MONTEIRO,0.0,0.0,0.0,2.0,Midfielder
401893,151654,43850,CPV,NUNO DA COSTA,0.0,0.0,1.0,0.0,Midfielder
482780,151654,43850,CPV,KELVIN PIRES,0.0,0.0,0.0,0.0,Defender
477856,151654,43850,CPV,JOVANE CABRAL,0.0,0.0,0.0,0.0,Midfielder
482782,151654,43850,CPV,DAILON LIVRAMENTO,0.0,0.0,0.0,0.0,Forward
480966,151654,43850,CPV,LAROS DUARTE,0.0,0.0,0.0,0.0,Midfielder
477849,151654,43850,CPV,HELIO VARELA,0.0,0.0,1.0,1.0,Midfielder
494313,151654,43850,CPV,YANNICK SEMEDO,0.0,0.0,0.0,0.0,Midfielder
512183,151654,43835,KSA,MOHAMMED ABU ALSHAMAT,0.0,0.0,0.0,0.0,Defender
436537,151654,43835,KSA,MUSAB ALJUWAYR,0.0,0.0,0.0,0.0,Midfielder
436538,151654,43835,KSA,ZIYAD ALJOHANI,0.0,0.0,0.0,0.0,Midfielder
419326,151654,43835,KSA,ALI MAJRASHI,0.0,0.0,0.0,0.0,Defender
494800,151654,43835,KSA,SULTAN MANDASH,0.0,0.0,2.0,1.0,Forward
419287,151654,43835,KSA,NAWAF ALAQIDI,0.0,0.0,0.0,0.0,Goalkeeper
339746,151654,43835,KSA,AHMED ALKASSAR,0.0,0.0,0.0,0.0,Goalkeeper
403335,151654,43835,KSA,HASSAN ALTAMBAKTI,0.0,0.0,0.0,0.0,Defender
396885,151654,43835,KSA,MOHAMMED ALOWAIS,0.0,0.0,0.0,0.0,Goalkeeper
430518,151654,43835,KSA,NAWAF BU WASHL,0.0,0.0,1.0,0.0,Defender
407993,151654,43835,KSA,MOHAMED KANNO,0.0,0.0,0.0,4.0,Midfielder
403312,151654,43835,KSA,Abdulelah ALAMRI,0.0,0.0,0.0,0.0,Defender
403319,151654,43835,KSA,NASSER ALDAWSARI,1.0,0.0,1.0,4.0,Midfielder
419303,151654,43835,KSA,MOTEB ALHARBI,0.0,0.0,0.0,0.0,Defender
419281,151654,43835,KSA,SAUD ABDULHAMID,1.0,0.0,1.0,2.0,Defender
401924,151654,43835,KSA,HASSAN KADISH,0.0,0.0,0.0,0.0,Defender
430512,151654,43835,KSA,AIMAN YAHYA,0.0,0.0,0.0,0.0,Forward
419291,151654,43835,KSA,FERAS ALBRIKAN,1.0,0.0,1.0,1.0,Forward
425804,151654,43835,KSA,SALEH ALSHEHRI,0.0,0.0,0.0,0.0,Forward
494506,151654,43835,KSA,JEHAD THIKRI,0.0,0.0,0.0,0.0,Defender
523333,151654,43835,KSA,ALA ALHAJJI,0.0,0.0,0.0,0.0,Midfielder
419300,151654,43835,KSA,KHALID ALGHANNAM,0.0,0.0,0.0,0.0,Forward
411624,151654,43835,KSA,ABDULLAH ALKHAIBARI,0.0,0.0,2.0,0.0,Midfielder
339745,151654,43835,KSA,SALEM ALDAWSARI,0.0,0.0,1.0,2.0,Forward
419302,151654,43835,KSA,ABDULLAH ALHAMDDAN,0.0,0.0,0.0,2.0,Forward
433439,151654,43835,KSA,ALI LAJAMI,0.0,0.0,1.0,0.0,Defender
419577,151647,43978,NZL,Ben WAINE,0.0,0.0,0.0,0.0,Forward
269592,151647,43978,NZL,Kosta BARBAROUSES,0.0,0.0,0.0,0.0,Forward
463580,151647,43978,NZL,Finn SURMAN,0.0,0.0,0.0,1.0,Defender
423574,151647,43978,NZL,Alex PAULSEN,0.0,0.0,0.0,0.0,Goalkeeper
261367,151647,43978,NZL,Michael BOXALL,0.0,0.0,0.0,1.0,Defender
419572,151647,43978,NZL,Nando PIJNAKER,0.0,0.0,0.0,0.0,Defender
390196,151647,43978,NZL,Callum McCOWATT,0.0,0.0,0.0,2.0,Midfielder
440748,151647,43978,NZL,Francis DE VRIES,0.0,0.0,0.0,0.0,Defender
371142,151647,43978,NZL,Alex RUFER,0.0,0.0,0.0,0.0,Midfielder
274102,151647,43978,NZL,Tommy SMITH,0.0,0.0,0.0,0.0,Defender
336641,151647,43978,NZL,Ryan THOMAS,0.0,0.0,1.0,1.0,Midfielder
390209,151647,43978,NZL,Sarpreet SINGH,0.0,0.0,0.0,0.0,Midfielder
416652,151647,43978,NZL,Jesse RANDALL,0.0,0.0,1.0,0.0,Forward
390181,151647,43978,NZL,Joe BELL,0.0,0.0,0.0,0.0,Midfielder
368535,151647,43978,NZL,Max CROCOMBE,0.0,0.0,0.0,0.0,Goalkeeper
484817,151647,43978,NZL,Lachlan BAYLISS,0.0,0.0,0.0,0.0,Midfielder
419567,151647,43978,NZL,Callan ELLIOT,0.0,0.0,0.0,0.0,Defender
499803,151647,43935,BEL,Mike PENDERS,0.0,0.0,0.0,0.0,Goalkeeper
274078,151647,43978,NZL,Chris WOOD,0.0,0.0,1.0,1.0,Forward
405469,151647,43978,NZL,Liberato CACACE,0.0,0.0,1.0,0.0,Defender
423595,151647,43978,NZL,Marko STAMENIC,1.0,0.0,0.0,2.0,Midfielder
405454,151647,43978,NZL,Elijah JUST,1.0,0.0,0.0,1.0,Midfielder
331463,151647,43978,NZL,Tim PAYNE,0.0,0.0,1.0,0.0,Defender
390218,151647,43978,NZL,Michael WOUD,0.0,0.0,0.0,0.0,Goalkeeper
423575,151647,43978,NZL,Ben OLD,0.0,0.0,0.0,0.0,Midfielder
482775,151647,43978,NZL,Tyler BINDON,0.0,0.0,0.0,1.0,Defender
448364,151647,43935,BEL,Amadou ONANA,0.0,0.0,0.0,0.0,Midfielder
448362,151647,43935,BEL,Charles DE KETELAERE,0.0,0.0,1.0,2.0,Forward
448343,151647,43935,BEL,Hans VANAKEN,0.0,0.0,2.0,0.0,Midfielder
495348,151647,43935,BEL,Senne LAMMENS,0.0,0.0,0.0,0.0,Goalkeeper
358120,151647,43935,BEL,Kevin DE BRUYNE,0.0,0.0,0.0,0.0,Midfielder
448366,151647,43935,BEL,Koni DE WINTER,0.0,0.0,0.0,0.0,Defender
411443,151647,43935,BEL,Timothy CASTAGNE,0.0,0.0,0.0,0.0,Defender
401444,151647,43935,BEL,Youri TIELEMANS,0.0,0.0,3.0,1.0,Midfielder
448355,151647,43935,BEL,Leandro TROSSARD,0.0,0.0,1.0,1.0,Forward
497902,151647,43935,BEL,Diego MOREIRA,0.0,0.0,0.0,0.0,Midfielder
448373,151647,43935,BEL,Maxim DE CUYPER,0.0,0.0,0.0,1.0,Defender
448369,151647,43935,BEL,Zeno DEBAST,0.0,0.0,0.0,0.0,Defender
448360,151647,43935,BEL,Brandon MECHELE,0.0,0.0,0.0,2.0,Defender
448341,151647,43935,BEL,Jeremy DOKU,0.0,0.0,1.0,0.0,Forward
358112,151647,43935,BEL,Romelu LUKAKU,0.0,0.0,0.0,0.0,Forward
495349,151647,43935,BEL,Nicolas RASKIN,0.0,0.0,0.0,0.0,Midfielder
494025,151647,43935,BEL,Matias FERNANDEZ-PARDO,0.0,0.0,0.0,0.0,Forward
358106,151647,43935,BEL,Thibaut COURTOIS,0.0,0.0,0.0,0.0,Goalkeeper
290821,151647,43935,BEL,Axel WITSEL,0.0,0.0,0.0,0.0,Midfielder
358122,151647,43935,BEL,Thomas MEUNIER,0.0,0.0,0.0,0.0,Defender
448346,151647,43935,BEL,Arthur THEATE,0.0,0.0,0.0,0.0,Defender
506088,151647,43935,BEL,Joaquin SEYS,0.0,0.0,0.0,0.0,Defender
448377,151647,43935,BEL,Dodi LUKEBAKIO,0.0,0.0,0.0,0.0,Forward
433092,151647,43935,BEL,Alexis SAELEMAEKERS,0.0,0.0,2.0,0.0,Midfielder
416902,151648,43855,EGY,MOHAMED ABDELMONEIM,0.0,0.0,0.0,1.0,Defender
416906,151648,43855,EGY,MOSTAFA SHOUBIR,,,,,Goalkeeper
408948,151648,43855,EGY,MOHAMED ELSHENAWY,0.0,0.0,0.0,0.0,Goalkeeper
408950,151648,43855,EGY,MOHAMED HANY,0.0,0.0,1.0,0.0,Defender
433461,151648,43855,EGY,ZIZO,0.0,0.0,0.0,1.0,Forward
483182,151648,43855,EGY,HOSSAM ABDELMAGUID,0.0,0.0,0.0,0.0,Defender
344654,151648,43855,EGY,MOHAMED SALAH,0.0,0.0,2.0,1.0,Forward
369267,151648,43855,EGY,YASSER IBRAHIM,1.0,0.0,1.0,1.0,Defender
424106,151648,43855,EGY,Haissem HASSAN,0.0,0.0,0.0,0.0,Forward
395860,151648,43855,EGY,MAHDY SOLIMAN,0.0,0.0,0.0,0.0,Goalkeeper
433466,151648,43855,EGY,NABIL DONGA,0.0,0.0,0.0,0.0,Midfielder
430476,151648,43855,EGY,OMAR MARMOUSH,0.0,0.0,2.0,1.0,Forward
483183,151648,43855,EGY,MAHMOUD SABER,1.0,0.0,1.0,2.0,Midfielder
506124,151648,43855,EGY,TAREK ALAA,0.0,0.0,0.0,0.0,Defender
363863,151648,43855,EGY,TREZEGUET,0.0,0.0,2.0,1.0,Forward
344661,151648,43855,EGY,RAMY RABIA,0.0,0.0,0.0,0.0,Defender
512079,151648,43855,EGY,MOHAMED ALAA,0.0,0.0,0.0,0.0,Goalkeeper
430465,151648,43855,EGY,IBRAHIM ADEL,0.0,0.0,0.0,0.0,Forward
433469,151648,43855,EGY,MOHANAD LASHIN,1.0,0.0,2.0,1.0,Midfielder
430477,151648,43855,EGY,AHMED FATOUH,0.0,0.0,1.0,0.0,Defender
430482,151648,43855,EGY,EMAM ASHOUR,0.0,0.0,0.0,0.0,Midfielder
495488,151648,43855,EGY,HAMZA ABDELKARIM,0.0,0.0,0.0,0.0,Forward
461788,151648,43855,EGY,MARAWAN ATTIA,0.0,0.0,1.0,0.0,Midfielder
483161,151648,43855,EGY,MOSTAFA ZICO,0.0,0.0,1.0,2.0,Midfielder
407022,151648,43855,EGY,KARIM HAFEZ,0.0,0.0,0.0,0.0,Defender
429095,151648,43855,EGY,HAMDY FATHY,0.0,0.0,0.0,0.0,Midfielder
380007,151648,43817,IRN,Alireza BEIRANVAND,0.0,0.0,0.0,0.0,Goalkeeper
519837,151648,43817,IRN,Dennis DARGAHI,0.0,0.0,0.0,0.0,Forward
384797,151648,43817,IRN,Ramin REZAEIAN,0.0,0.0,1.0,2.0,Defender
390534,151648,43817,IRN,Hossein KANANI,1.0,0.0,0.0,1.0,Defender
481181,151648,43817,IRN,Arya YOUSEFI,0.0,0.0,0.0,0.0,Defender
346743,151648,43817,IRN,Shoja KHALILZADEH,1.0,0.0,0.0,1.0,Defender
406595,151648,43817,IRN,Roozbeh CHESHMI,0.0,0.0,0.0,0.0,Midfielder
314255,151648,43817,IRN,Hossein HOSSEINI,0.0,0.0,0.0,0.0,Goalkeeper
489603,151648,43817,IRN,Ali NEMATI,1.0,0.0,0.0,2.0,Defender
288961,151648,43817,IRN,Ehsan HAJISAFI,0.0,0.0,0.0,0.0,Defender
388475,151648,43817,IRN,Mehdi TAREMI,0.0,0.0,2.0,1.0,Forward
411644,151648,43817,IRN,Saman GHODDOS,0.0,0.0,0.0,2.0,Midfielder
481180,151648,43817,IRN,Shahriyar MOGHANLOO,0.0,0.0,0.0,0.0,Forward
448505,151648,43817,IRN,Saleh HARDANI,0.0,0.0,1.0,0.0,Defender
475921,151648,43817,IRN,Amirmohammad RAZAGHINIA,0.0,0.0,0.0,0.0,Midfielder
379886,151648,43817,IRN,Alireza JAHANBAKHSH,0.0,0.0,0.0,0.0,Midfielder
482670,151648,43817,IRN,Mohammad GHORBANI,0.0,0.0,1.0,2.0,Midfielder
390537,151648,43817,IRN,Milad MOHAMMADI,0.0,0.0,1.0,1.0,Defender
403236,151648,43817,IRN,Mehdi GHAYEDI,0.0,0.0,0.0,0.0,Forward
371736,151648,43817,IRN,Saeid EZATOLAHI,1.0,0.0,4.0,3.0,Midfielder
448497,151648,43817,IRN,Mohammad MOHEBBI,0.0,0.0,0.0,1.0,Midfielder
390535,151648,43817,IRN,Mehdi TORABI,0.0,0.0,0.0,0.0,Midfielder
405639,151648,43817,IRN,Amirhossein Hosseinzadeh,0.0,0.0,0.0,0.0,Forward
448507,151648,43817,IRN,Payam NIAZMAND,0.0,0.0,0.0,0.0,Goalkeeper
494429,151648,43817,IRN,Danial IRI,0.0,0.0,0.0,0.0,Defender
416989,151648,43817,IRN,Ali Alipour,0.0,0.0,0.0,0.0,Forward
411174,151678,43914,PAN,Jose FAJARDO,1.0,0.0,1.0,2.0,Forward
480310,151678,43914,PAN,Jiovany RAMOS,0.0,0.0,0.0,0.0,Defender
418729,151678,43914,PAN,Carlos HARVEY,0.0,0.0,1.0,2.0,Defender
385833,151678,43914,PAN,Adalberto CARRASQUILLA,0.0,0.0,0.0,0.0,Midfielder
441402,151678,43914,PAN,Cesar SAMUDIO,0.0,0.0,0.0,0.0,Goalkeeper
269514,151678,43914,PAN,Anibal GODOY,0.0,0.0,0.0,0.0,Midfielder
271116,151678,43914,PAN,Alberto QUINTERO,0.0,0.0,0.0,1.0,Midfielder
395581,151678,43914,PAN,Cristian MARTINEZ,0.0,0.0,2.0,1.0,Midfielder
344582,151678,43914,PAN,Roderick MILLER,0.0,0.0,0.0,0.0,Defender
441243,151678,43914,PAN,Cesar YANIS,0.0,0.0,0.0,0.0,Midfielder
411176,151678,43914,PAN,Jose Luis RODRIGUEZ,0.0,0.0,1.0,2.0,Midfielder
418715,151678,43914,PAN,Jose CORDOBA,0.0,0.0,0.0,0.0,Defender
385031,151678,43914,PAN,Amir MURILLO,0.0,0.0,3.0,0.0,Defender
441239,151678,43914,PAN,Jorge GUTIERREZ,0.0,0.0,2.0,1.0,Defender
385030,151678,43914,PAN,Fidel ESCOBAR,0.0,0.0,0.0,1.0,Defender
400416,151678,43914,PAN,Edgar Yoel BARCENAS,0.0,0.0,1.0,1.0,Midfielder
337232,151678,43914,PAN,Eric DAVIS,0.0,0.0,1.0,0.0,Defender
418747,151678,43914,PAN,Tomas RODRIGUEZ,0.0,0.0,0.0,3.0,Forward
480313,151678,43914,PAN,Edgardo FARINA,0.0,0.0,0.0,0.0,Defender
441241,151678,43914,PAN,Orlando MOSQUERA,0.0,0.0,0.0,0.0,Goalkeeper
372342,151678,43914,PAN,Ismael DIAZ,0.0,0.0,0.0,0.0,Midfielder
441242,151678,43914,PAN,Cesar BLACKMAN,0.0,0.0,0.0,0.0,Defender
441240,151678,43914,PAN,Andres ANDRADE,1.0,0.0,0.0,1.0,Defender
466669,151678,43914,PAN,Azarias LONDONO,0.0,0.0,0.0,1.0,Forward
337251,151678,43914,PAN,Cecilio Waterman,0.0,0.0,0.0,0.0,Forward
267702,151678,43914,PAN,Luis MEJIA,0.0,0.0,0.0,0.0,Goalkeeper
448189,151678,43942,ENG,Anthony GORDON,0.0,0.0,0.0,0.0,Forward
492716,151678,43942,ENG,Morgan ROGERS,0.0,0.0,1.0,2.0,Midfielder
463809,151678,43942,ENG,Jarell QUANSAH,1.0,0.0,0.0,0.0,Defender
401470,151678,43942,ENG,Marcus RASHFORD,0.0,0.0,0.0,1.0,Forward
448198,151678,43942,ENG,Ivan TONEY,0.0,0.0,0.0,0.0,Forward
473113,151678,43942,ENG,Eberechi EZE,0.0,0.0,0.0,0.0,Midfielder
405841,151678,43942,ENG,Marc GUEHI,0.0,0.0,2.0,0.0,Defender
369434,151678,43942,ENG,John STONES,0.0,0.0,0.0,0.0,Defender
485080,151678,43942,ENG,James TRAFFORD,0.0,0.0,0.0,0.0,Goalkeeper
403049,151678,43942,ENG,Ezri KONSA,0.0,0.0,3.0,3.0,Defender
369419,151678,43942,ENG,Harry KANE,0.0,0.0,1.0,2.0,Forward
463780,151678,43942,ENG,Nico OREILLY,0.0,0.0,0.0,2.0,Defender
336022,151678,43942,ENG,Jordan PICKFORD,0.0,0.0,0.0,0.0,Goalkeeper
439641,151678,43942,ENG,Reece JAMES,0.0,0.0,0.0,0.0,Defender
433097,151678,43942,ENG,Declan RICE,0.0,0.0,0.0,0.0,Midfielder
481610,151678,43942,ENG,Elliot ANDERSON,0.0,0.0,3.0,1.0,Midfielder
494345,151678,43942,ENG,Dan BURN,0.0,0.0,0.0,0.0,Defender
448202,151678,43942,ENG,Jude BELLINGHAM,0.0,0.0,4.0,0.0,Midfielder
356189,151678,43942,ENG,Jordan HENDERSON,0.0,0.0,1.0,0.0,Midfielder
448196,151678,43942,ENG,Bukayo SAKA,0.0,0.0,1.0,1.0,Forward
448203,151678,43942,ENG,Ollie WATKINS,0.0,0.0,0.0,0.0,Forward
403046,151678,43942,ENG,Dean Henderson,0.0,0.0,0.0,0.0,Goalkeeper
506329,151678,43942,ENG,Djed SPENCE,0.0,0.0,0.0,1.0,Defender
482621,151678,43942,ENG,Kobbie MAINOO,0.0,0.0,0.0,0.0,Midfielder
489732,151678,43942,ENG,Noni MADUEKE,0.0,0.0,0.0,0.0,Forward
448180,151677,43938,CRO,Josko GVARDIOL,0.0,0.0,1.0,0.0,Defender
448164,151677,43938,CRO,Kristijan JAKIC,0.0,0.0,0.0,0.0,Defender
389754,151677,43938,CRO,Petar Musa,0.0,0.0,0.0,0.0,Forward
389740,151677,43938,CRO,Martin ERLIC,0.0,0.0,0.0,0.0,Defender
359381,151677,43938,CRO,Ivan PERISIC,1.0,0.0,0.0,1.0,Forward
448179,151677,43938,CRO,Dominik KOTARSKI,0.0,0.0,0.0,0.0,Goalkeeper
241559,151677,43938,CRO,Luka MODRIC,0.0,0.0,0.0,0.0,Midfielder
448160,151677,43938,CRO,Luka SUCIC,0.0,0.0,0.0,0.0,Midfielder
409191,151677,43938,CRO,Nikola VLASIC,0.0,0.0,0.0,2.0,Midfielder
485068,151677,43938,CRO,Igor MATANOVIC,0.0,0.0,2.0,0.0,Forward
448171,151677,43938,CRO,Josip SUTALO,0.0,0.0,0.0,0.0,Defender
485065,151677,43938,CRO,Toni FRUK,0.0,0.0,0.0,0.0,Midfielder
482931,151677,43938,CRO,Marco PASALIC,0.0,0.0,0.0,0.0,Forward
339987,151677,43938,CRO,Mateo KOVACIC,0.0,0.0,0.0,0.0,Midfielder
372424,151677,43938,CRO,Duje CALETA-CAR,0.0,0.0,0.0,0.0,Defender
430070,151677,43938,CRO,Ante BUDIMIR,0.0,0.0,0.0,3.0,Forward
448174,151677,43938,CRO,Marin PONGRACIC,0.0,0.0,0.0,2.0,Defender
336472,151677,43938,CRO,Andrej KRAMARIC,0.0,0.0,0.0,0.0,Forward
499290,151677,43938,CRO,Luka VUSKOVIC,0.0,0.0,0.0,0.0,Defender
482774,151677,43938,CRO,Martin BATURINA,0.0,0.0,5.0,1.0,Midfielder
433667,151677,43938,CRO,Josip STANISIC,0.0,0.0,0.0,0.0,Defender
485066,151677,43938,CRO,Petar SUCIC,0.0,0.0,4.0,0.0,Midfielder
389753,151677,43938,CRO,Nikola Moro,0.0,0.0,0.0,0.0,Midfielder
380005,151677,43938,CRO,Mario PASALIC,0.0,0.0,0.0,0.0,Midfielder
514526,151677,43938,CRO,Ivor PANDUR,0.0,0.0,0.0,0.0,Goalkeeper
369029,151677,43938,CRO,Dominik LIVAKOVIC,0.0,0.0,1.0,0.0,Goalkeeper
494349,151677,43860,GHA,Benjamin ASARE,0.0,0.0,0.0,0.0,Goalkeeper
367536,151677,43860,GHA,Baba RAHMAN,0.0,0.0,0.0,0.0,Defender
369089,151677,43860,GHA,Thomas PARTEY,0.0,0.0,2.0,1.0,Midfielder
441342,151677,43860,GHA,Abdul FATAWU,0.0,0.0,2.0,0.0,Forward
506279,151677,43860,GHA,Caleb YIRENKYI,0.0,0.0,0.0,1.0,Midfielder
511022,151677,43860,GHA,Kojo Peprah OPPONG,1.0,0.0,0.0,1.0,Defender
507253,151677,43860,GHA,Kwasi SIBO,0.0,0.0,0.0,3.0,Midfielder
386473,151677,43860,GHA,Lawrence Ati ZIGI,0.0,0.0,0.0,0.0,Goalkeeper
486213,151677,43860,GHA,Brandon THOMAS-ASANTE,0.0,0.0,1.0,0.0,Forward
494351,151677,43860,GHA,Jonas ADJETEY,0.0,0.0,0.0,0.0,Defender
448523,151677,43860,GHA,Kamaldeen SULEMANA,0.0,0.0,0.0,1.0,Forward
448531,151677,43860,GHA,Antoine SEMENYO,0.0,0.0,0.0,0.0,Midfielder
353235,151677,43860,GHA,Jordan AYEW,0.0,0.0,0.0,1.0,Forward
514401,151677,43860,GHA,Prince ADU,0.0,0.0,0.0,0.0,Forward
441333,151677,43860,GHA,Gideon MENSAH,0.0,0.0,1.0,0.0,Defender
441341,151677,43860,GHA,Elisha OWUSU,0.0,0.0,0.0,2.0,Midfielder
486150,151677,43860,GHA,Jerome OPOKU,0.0,0.0,0.0,0.0,Defender
411376,151677,43860,GHA,Inaki WILLIAMS,0.0,0.0,0.0,0.0,Forward
448522,151677,43860,GHA,Alidu SEIDU,0.0,0.0,0.0,0.0,Defender
520039,151677,43860,GHA,Marvin SENAYA,0.0,0.0,2.0,3.0,Defender
448525,151677,43860,GHA,Ernest NUAMAH,0.0,0.0,0.0,0.0,Forward
520037,151677,43860,GHA,Derrick LUCKASSEN,0.0,0.0,1.0,0.0,Defender
506277,151677,43860,GHA,Joseph ANANG,0.0,0.0,0.0,0.0,Goalkeeper
494350,151677,43860,GHA,Christopher Bonsu BAAH,0.0,0.0,0.0,0.0,Forward
441336,151677,43860,GHA,Abdul MUMIN,0.0,0.0,0.0,0.0,Defender
523173,151677,43860,GHA,Augustine BOAKYE,0.0,0.0,0.0,0.0,Midfielder
426506,151671,20014,COD,Meschack ELIA,0.0,0.0,0.0,0.0,Forward
403063,151671,20014,COD,Axel Tuanzebe,0.0,0.0,2.0,0.0,Defender
477864,151671,20014,COD,Aaron TSHIBOLA,0.0,0.0,0.0,0.0,Midfielder
494458,151671,20014,COD,Ngalayel MUKAU,0.0,0.0,0.0,0.0,Midfielder
504329,151671,20014,COD,Steve KAPUADI,0.0,0.0,0.0,0.0,Defender
433076,151671,20014,COD,Samuel Moutoussamy,1.0,0.0,0.0,1.0,Midfielder
436572,151671,20014,COD,Arthur MASUAKU,0.0,0.0,2.0,0.0,Defender
433161,151671,20014,COD,Edo Kayembe,0.0,0.0,0.0,0.0,Midfielder
336439,151671,20014,COD,Gael KAKUTA,0.0,0.0,0.0,0.0,Forward
514171,151671,20014,COD,Matthieu EPOLO,0.0,0.0,0.0,0.0,Goalkeeper
441313,151671,20014,COD,Lionel MPASI,0.0,0.0,0.0,0.0,Goalkeeper
356532,151671,20014,COD,Chancel MBEMBA,0.0,0.0,0.0,0.0,Defender
477859,151671,20014,COD,Fiston MAYELE,0.0,0.0,1.0,0.0,Forward
336425,151671,20014,COD,Cedric BAKAMBU,0.0,0.0,0.0,0.0,Forward
510989,151671,20014,COD,Brian CIPENGA,0.0,0.0,0.0,0.0,Forward
441316,151671,20014,COD,Yoane WISSA,0.0,0.0,3.0,1.0,Forward
477833,151671,20014,COD,Joris KAYEMBE,0.0,0.0,0.0,0.0,Defender
486147,151671,20014,COD,Noah SADIKI,1.0,0.0,3.0,1.0,Midfielder
477835,151671,20014,COD,Simon BANZA,0.0,0.0,0.0,0.0,Forward
477829,151671,20014,COD,Dylan BATUBINSIKA,0.0,0.0,0.0,0.0,Defender
441317,151671,20014,COD,Theo BONGONDA,0.0,0.0,0.0,0.0,Midfielder
426357,151671,20014,COD,Aaron WAN-BISSAKA,0.0,0.0,0.0,0.0,Defender
477853,151671,20014,COD,Gedeon KALULU,0.0,0.0,0.0,0.0,Defender
486196,151671,20014,COD,Timothy FAYULU,0.0,0.0,0.0,0.0,Goalkeeper
424119,151671,20014,COD,Nathanael MBUKU,1.0,0.0,3.0,3.0,Midfielder
448128,151671,20014,COD,Charles PICKEL,0.0,0.0,0.0,0.0,Midfielder
479110,151671,44005,UZB,Abduvohid NEMATOV,0.0,0.0,0.0,0.0,Goalkeeper
371415,151671,44005,UZB,Rustam ASHURMATOV,0.0,0.0,0.0,0.0,Defender
385139,151671,44005,UZB,Farrukh SAYFIEV,0.0,0.0,0.0,0.0,Defender
464924,151671,44005,UZB,Abdukodir KHUSANOV,1.0,0.0,0.0,3.0,Defender
518264,151671,44005,UZB,Avazbek ULMASALIYEV,0.0,0.0,0.0,0.0,Defender
385472,151671,44005,UZB,Botirali ERGASHEV,0.0,0.0,0.0,0.0,Goalkeeper
479042,151671,44005,UZB,Abdulla ABDULLAEV,0.0,0.0,0.0,0.0,Defender
464933,151671,44005,UZB,Abbosbek FAYZULLAEV,0.0,0.0,1.0,4.0,Midfielder
368545,151671,44005,UZB,Jamshid ISKANDEROV,0.0,0.0,0.0,0.0,Midfielder
464906,151671,44005,UZB,Jakhongir UROZOV,0.0,0.0,0.0,0.0,Defender
479077,151671,44005,UZB,Utkir YUSUPOV,0.0,0.0,0.0,0.0,Goalkeeper
479080,151671,44005,UZB,Oston URUNOV,0.0,0.0,0.0,0.0,Midfielder
479084,151671,44005,UZB,Umar ESHMURODOV,0.0,0.0,0.0,0.0,Defender
479086,151671,44005,UZB,Azizjon GANIEV,0.0,0.0,0.0,1.0,Midfielder
479079,151671,44005,UZB,Khojiakbar ALIJONOV,0.0,0.0,0.0,1.0,Defender
479106,151671,44005,UZB,Akmal MOZGOVOY,0.0,0.0,2.0,0.0,Midfielder
475260,151671,44005,UZB,Behruzjon KARIMOV,0.0,0.0,0.0,0.0,Defender
371345,151671,44005,UZB,Odiljon XAMROBEKOV,0.0,0.0,0.0,0.0,Midfielder
371393,151671,44005,UZB,Dostonbek Khamdamov,0.0,0.0,0.0,1.0,Midfielder
481220,151671,44005,UZB,Azizbek AMONOV,0.0,0.0,0.0,0.0,Forward
385475,151671,44005,UZB,Eldor SHOMURODOV,0.0,0.0,0.0,3.0,Forward
368546,151671,44005,UZB,Igor Sergeev,0.0,0.0,0.0,0.0,Forward
479075,151671,44005,UZB,Sherzod NASRULLAEV,1.0,0.0,2.0,2.0,Defender
464897,151671,44005,UZB,Sherzod ESANOV,0.0,0.0,0.0,0.0,Midfielder
371348,151671,44005,UZB,Otabek Shukurov,0.0,0.0,1.0,1.0,Midfielder
425580,151672,43926,COL,Jorge CARRASCAL,0.0,0.0,0.0,0.0,Midfielder
405755,151672,43926,COL,Jaminton CAMPAZ,0.0,0.0,0.0,0.0,Forward
269058,151672,43926,COL,James RODRIGUEZ,0.0,0.0,1.0,0.0,Midfielder
386013,151672,43926,COL,Davinson SANCHEZ,0.0,0.0,0.0,0.0,Defender
385998,151672,43926,COL,Alvaro MONTERO,0.0,0.0,0.0,0.0,Goalkeeper
463902,151672,43926,COL,Gustavo PUERTA,1.0,0.0,0.0,2.0,Defender
428886,151672,43926,COL,Luis DIAZ,0.0,0.0,0.0,0.0,Forward
394500,151672,43926,COL,Johan MOJICA,0.0,0.0,0.0,0.0,Defender
431200,151672,43926,COL,Daniel MUNOZ,0.0,0.0,0.0,1.0,Defender
228686,151672,43926,COL,David OSPINA,0.0,0.0,0.0,0.0,Goalkeeper
476345,151672,43926,COL,Willer DITTA,0.0,0.0,0.0,0.0,Defender
369530,151672,43926,COL,Jhon CORDOBA,0.0,0.0,1.0,0.0,Forward
489849,151672,43926,COL,Juan PORTILLA,0.0,0.0,0.0,0.0,Midfielder
428905,151672,43926,COL,Luis SUAREZ,0.0,0.0,0.0,0.0,Forward
470759,151672,43926,COL,Kevin CASTANO,0.0,0.0,0.0,0.0,Midfielder
492189,151672,43926,COL,Andres GOMEZ,0.0,0.0,0.0,0.0,Forward
395552,151672,43926,COL,Yerry MINA,0.0,0.0,0.0,0.0,Defender
441622,151672,43926,COL,Jhon LUCUMI,0.0,0.0,0.0,1.0,Defender
470760,151672,43926,COL,Jhon ARIAS,0.0,0.0,1.0,3.0,Midfielder
360642,151672,43926,COL,Camilo VARGAS,0.0,0.0,0.0,0.0,Goalkeeper
315614,151672,43926,COL,Santiago ARIAS,0.0,0.0,0.0,1.0,Defender
473050,151672,43926,COL,Richard RIOS,0.0,0.0,1.0,3.0,Midfielder
394376,151672,43926,COL,Deiver MACHADO,0.0,0.0,2.0,1.0,Defender
418881,151672,43926,COL,Cucho HERNANDEZ,0.0,0.0,0.0,0.0,Forward
395550,151672,43926,COL,Jefferson LERMA,0.0,0.0,0.0,0.0,Midfielder
356704,151672,43926,COL,Juan QUINTERO,0.0,0.0,0.0,0.0,Midfielder
403001,151672,43963,POR,DIOGO COSTA,0.0,0.0,1.0,0.0,Goalkeeper
201200,151672,43963,POR,CRISTIANO RONALDO,0.0,0.0,2.0,1.0,Forward
395212,151672,43963,POR,NELSON SEMEDO,0.0,0.0,0.0,0.0,Defender
492358,151672,43963,POR,TOMAS ARAUJO,0.0,0.0,0.0,0.0,Defender
368649,151672,43963,POR,JOAO CANCELO,0.0,0.0,0.0,0.0,Defender
395206,151672,43963,POR,BRUNO FERNANDES,0.0,0.0,2.0,0.0,Midfielder
441148,151672,43963,POR,MATHEUS NUNES,0.0,0.0,0.0,0.0,Midfielder
418535,151672,43963,POR,JOAO FELIX,0.0,0.0,0.0,0.0,Forward
418561,151672,43963,POR,FRANCISCO TRINCAO,0.0,0.0,0.0,0.0,Forward
491216,151672,43963,POR,SAMU COSTA,0.0,0.0,0.0,0.0,Defender
403002,151672,43963,POR,DIOGO DALOT,0.0,0.0,1.0,0.0,Defender
384751,151672,43963,POR,GONCALO GUEDES,0.0,0.0,0.0,0.0,Forward
489704,151672,43963,POR,RENATO VEIGA,0.0,0.0,0.0,1.0,Defender
448081,151672,43963,POR,GONCALO RAMOS,0.0,0.0,0.0,0.0,Forward
448092,151672,43963,POR,RUI SILVA,0.0,0.0,0.0,0.0,Goalkeeper
441149,151672,43963,POR,VITINHA,0.0,0.0,2.0,0.0,Midfielder
395205,151672,43963,POR,BERNARDO SILVA,0.0,0.0,0.0,0.0,Midfielder
384752,151672,43963,POR,RUBEN DIAS,0.0,0.0,0.0,2.0,Defender
484141,151672,43963,POR,JOAO NEVES,0.0,0.0,0.0,0.0,Midfielder
395216,151672,43963,POR,RUBEN NEVES,0.0,0.0,0.0,0.0,Midfielder
418550,151672,43963,POR,RAFAEL LEAO,0.0,0.0,1.0,0.0,Forward
485081,151672,43963,POR,FRANCISCO CONCEICAO,0.0,0.0,0.0,0.0,Forward
418548,151672,43963,POR,PEDRO NETO,0.0,0.0,1.0,2.0,Forward
433195,151672,43963,POR,NUNO MENDES,0.0,0.0,2.0,0.0,Defender
368689,151672,43963,POR,JOSE SA,0.0,0.0,0.0,0.0,Goalkeeper
441146,151672,43963,POR,GONCALO INACIO,0.0,0.0,0.0,0.0,Defender
482874,151666,43843,ALG,Anis HADJ MOUSSA,0.0,0.0,0.0,0.0,Forward
520072,151666,43843,ALG,Fares GHEDJEMIS,0.0,0.0,0.0,0.0,Forward
520070,151666,43843,ALG,Melvin MASTIL,0.0,0.0,0.0,0.0,Goalkeeper
441350,151666,43843,ALG,Hicham BOUDAOUI,0.0,0.0,0.0,0.0,Midfielder
433679,151666,43843,ALG,Ramiz ZERROUKI,0.0,0.0,0.0,0.0,Midfielder
433631,151666,43843,ALG,Yassine TITRAOUI,0.0,0.0,0.0,0.0,Midfielder
379939,151666,43843,ALG,Nabil Bentaleb,0.0,0.0,0.0,0.0,Midfielder
395113,151666,43843,ALG,Ramy BENSEBAINI,0.0,0.0,0.0,0.0,Defender
477817,151666,43843,ALG,Oussama BENBOT,0.0,0.0,1.0,0.0,Goalkeeper
431858,151666,43843,ALG,Rayan AIT-NOURI,0.0,0.0,0.0,1.0,Defender
405877,151666,43843,ALG,Amine GOUIRI,0.0,0.0,0.0,0.0,Forward
480983,151666,43843,ALG,Zineddine BELAID,0.0,0.0,0.0,0.0,Defender
433600,151666,43843,ALG,Mohamed Amine TOUGAI,0.0,0.0,0.0,0.0,Defender
512127,151666,43843,ALG,Achref ABADA,0.0,0.0,0.0,0.0,Defender
379942,151666,43843,ALG,Riyad Mahrez,0.0,0.0,2.0,1.0,Forward
520071,151666,43843,ALG,Nadhir BENBOUALI,0.0,0.0,0.0,0.0,Forward
511009,151666,43843,ALG,Rafik BELGHALI,0.0,0.0,0.0,0.0,Defender
376285,151666,43843,ALG,Aissa MANDI,0.0,0.0,1.0,0.0,Defender
494291,151666,43843,ALG,Ibrahim MAZA,0.0,0.0,1.0,0.0,Midfielder
477795,151666,43843,ALG,Fares CHAIBI,0.0,0.0,1.0,0.0,Midfielder
477790,151666,43843,ALG,Mohamed AMOURA,0.0,0.0,0.0,0.0,Forward
511010,151666,43843,ALG,Samir CHERGUI,0.0,0.0,0.0,0.0,Defender
512132,151666,43843,ALG,Adil BOULBINA,0.0,0.0,0.0,0.0,Forward
389879,151666,43843,ALG,Luca ZIDANE,0.0,0.0,0.0,0.0,Goalkeeper
430698,151666,43843,ALG,Houssem Aouar,0.0,0.0,0.0,1.0,Midfielder
482869,151666,43843,ALG,Jaouen HADJAM,0.0,0.0,0.0,0.0,Defender
463288,151666,43934,AUT,Phillip MWENE,0.0,0.0,1.0,0.0,Defender
372243,151666,43934,AUT,Philipp Lienhart,0.0,0.0,0.0,0.0,Defender
385531,151666,43934,AUT,Xaver Schlager,0.0,0.0,0.0,1.0,Midfielder
401131,151666,43934,AUT,Michael Gregoritsch,0.0,0.0,0.0,1.0,Forward
299200,151666,43934,AUT,Marko ARNAUTOVIC,1.0,0.0,0.0,1.0,Forward
520034,151666,43934,AUT,Florian WIEGELE,0.0,0.0,0.0,0.0,Goalkeeper
463800,151666,43934,AUT,Carney CHUKWUEMEKA,0.0,0.0,0.0,0.0,Midfielder
385248,151666,43934,AUT,Florian GRILLITSCH,0.0,0.0,0.0,2.0,Midfielder
520035,151666,43934,AUT,David AFFENGRUBER,0.0,0.0,0.0,0.0,Defender
375600,151666,43934,AUT,Alessandro SCHOEPF,0.0,0.0,0.0,0.0,Midfielder
358241,151666,43934,AUT,Marcel SABITZER,0.0,0.0,0.0,1.0,Midfielder
405263,151666,43934,AUT,Kevin Danso,0.0,0.0,0.0,0.0,Defender
463282,151666,43934,AUT,Alexander PRASS,0.0,0.0,0.0,0.0,Midfielder
441088,151666,43934,AUT,Nicolas SEIWALD,0.0,0.0,0.0,0.0,Midfielder
385259,151666,43934,AUT,Konrad LAIMER,0.0,0.0,0.0,0.0,Midfielder
491269,151666,43934,AUT,Michael SVOBODA,0.0,0.0,0.0,0.0,Defender
441065,151666,43934,AUT,Patrick PENTZ,0.0,0.0,0.0,0.0,Goalkeeper
441067,151666,43934,AUT,Stefan POSCH,0.0,0.0,1.0,0.0,Defender
371739,151666,43934,AUT,Alexander SCHLAGER,0.0,0.0,0.0,0.0,Goalkeeper
316002,151666,43934,AUT,David ALABA,0.0,0.0,0.0,0.0,Defender
520036,151666,43934,AUT,Paul WANNER,0.0,0.0,1.0,0.0,Midfielder
430100,151666,43934,AUT,Sasa KALAJDZIC,0.0,0.0,0.0,0.0,Forward
463286,151666,43934,AUT,Patrick WIMMER,0.0,0.0,0.0,0.0,Forward
463287,151666,43934,AUT,Marco FRIEDL,0.0,0.0,0.0,0.0,Defender
441068,151666,43934,AUT,Dejan LJUBICIC,0.0,0.0,0.0,0.0,Midfielder
463283,151666,43934,AUT,Romano SCHMID,0.0,0.0,0.0,1.0,Midfielder
431209,151665,43820,JOR,IBRAHIM SADEH,0.0,0.0,0.0,0.0,Midfielder
433534,151665,43820,JOR,NIZAR ALRASHDAN,0.0,0.0,1.0,1.0,Midfielder
45191,151665,43820,JOR,MOHAMMAD ALDAOUD,0.0,0.0,0.0,0.0,Midfielder
499102,151665,43820,JOR,SALEEM OBAID,0.0,0.0,0.0,0.0,Defender
430624,151665,43922,ARG,Juan MUSSO,0.0,0.0,0.0,0.0,Goalkeeper
396950,151665,43820,JOR,MAHMOUD ALMARDI,0.0,0.0,1.0,2.0,Forward
489550,151665,43820,JOR,HUSAM ABUDAHAB,0.0,0.0,0.0,1.0,Defender
431225,151665,43820,JOR,YAZAN ALARAB,1.0,0.0,0.0,3.0,Defender
511875,151665,43820,JOR,ODEH FAKHOURY,0.0,0.0,1.0,1.0,Forward
491167,151665,43820,JOR,AMER JAMOUS,0.0,0.0,0.0,1.0,Midfielder
389437,151665,43820,JOR,EHSAN HADDAD,0.0,0.0,0.0,1.0,Defender
483127,151665,43820,JOR,NOUR BANIATEYAH,0.0,0.0,0.0,0.0,Goalkeeper
431230,151665,43820,JOR,NOOR ALRAWABDEH,0.0,0.0,0.0,0.0,Midfielder
433527,151665,43820,JOR,ABDALLAH NASIB,0.0,0.0,0.0,0.0,Defender
511889,151665,43820,JOR,ANAS BADAWI,0.0,0.0,0.0,0.0,Defender
489551,151665,43820,JOR,MOHAMMAD ABUALNADI,0.0,0.0,0.0,0.0,Defender
498514,151665,43820,JOR,ALI AZAIZEH,0.0,0.0,1.0,0.0,Forward
479389,151665,43820,JOR,MOHANNAD ABUTAHA,1.0,0.0,0.0,1.0,Midfielder
433526,151665,43820,JOR,MOHAMMAD ABUHASHEESH,0.0,0.0,0.0,0.0,Defender
520068,151665,43820,JOR,MOHAMMAD ABUGHOUSH,0.0,0.0,0.0,0.0,Midfielder
384850,151665,43820,JOR,RAJAEI AYED,0.0,0.0,0.0,0.0,Midfielder
397894,151665,43820,JOR,YAZEED ABULAILA,,,,,Goalkeeper
431219,151665,43820,JOR,SAED ALROSAN,0.0,0.0,0.0,0.0,Defender
431211,151665,43820,JOR,MOUSA ALTAMARI,0.0,0.0,1.0,0.0,Forward
431212,151665,43820,JOR,ALI OLWAN,0.0,0.0,2.0,1.0,Forward
431223,151665,43820,JOR,ABDALLAH ALFAKHORI,0.0,0.0,0.0,0.0,Goalkeeper
431208,151665,43820,JOR,MOHAMMAD ABUZRAIQ,1.0,0.0,0.0,1.0,Forward
402920,151665,43922,ARG,Lautaro MARTINEZ,0.0,0.0,0.0,1.0,Forward
428882,151665,43922,ARG,Rodrigo DE PAUL,0.0,0.0,0.0,0.0,Midfielder
430628,151665,43922,ARG,Alexis MAC ALLISTER,0.0,0.0,3.0,0.0,Midfielder
418975,151665,43922,ARG,Thiago ALMADA,0.0,0.0,0.0,0.0,Forward
402926,151665,43922,ARG,Gonzalo MONTIEL,0.0,0.0,0.0,0.0,Defender
394824,151665,43922,ARG,Geronimo RULLI,0.0,0.0,0.0,0.0,Goalkeeper
485595,151665,43922,ARG,Giuliano SIMEONE,0.0,0.0,0.0,1.0,Forward
308300,151665,43922,ARG,Emiliano MARTINEZ,0.0,0.0,0.0,0.0,Goalkeeper
416081,151665,43922,ARG,Julian ALVAREZ,0.0,0.0,0.0,0.0,Forward
448252,151665,43922,ARG,Enzo FERNANDEZ,0.0,0.0,0.0,0.0,Midfielder
463661,151665,43922,ARG,Valentin BARCO,0.0,0.0,1.0,0.0,Midfielder
229397,151665,43922,ARG,Lionel MESSI,0.0,0.0,1.0,0.0,Forward
402925,151665,43922,ARG,Nahuel MOLINA,0.0,0.0,0.0,0.0,Defender
389485,151665,43922,ARG,Exequiel PALACIOS,0.0,0.0,1.0,1.0,Midfielder
308322,151665,43922,ARG,Nicolas TAGLIAFICO,0.0,0.0,2.0,1.0,Defender
395414,151665,43922,ARG,Giovani Lo Celso,0.0,0.0,1.0,1.0,Midfielder
332847,151665,43922,ARG,Leandro PAREDES,0.0,0.0,0.0,0.0,Midfielder
495054,151665,43922,ARG,Jose Manuel LOPEZ,0.0,0.0,0.0,0.0,Forward
441422,151665,43922,ARG,Nico PAZ,0.0,0.0,1.0,1.0,Forward
418963,151665,43922,ARG,Facundo MEDINA,0.0,0.0,0.0,0.0,Defender
310116,151665,43922,ARG,Nicolas OTAMENDI,0.0,0.0,0.0,1.0,Defender
402934,151665,43922,ARG,Marcos SENESI,0.0,0.0,2.0,0.0,Midfielder
402921,151665,43922,ARG,Lisandro MARTINEZ,0.0,0.0,0.0,0.0,Defender
430631,151665,43922,ARG,Nico GONZALEZ,0.0,0.0,0.0,0.0,Midfielder
431196,151665,43922,ARG,Cristian ROMERO,0.0,0.0,0.0,0.0,Defender
481242,151679,43883,RSA,Iqraam RAYNERS,0.0,0.0,0.0,1.0,Forward
494246,151679,43883,RSA,Sipho CHAINE,0.0,0.0,0.0,0.0,Goalkeeper
390475,151679,43883,RSA,Sphephelo SITHOLE,0.0,0.0,0.0,1.0,Midfielder
463236,151679,43883,RSA,Jayden ADAMS,0.0,0.0,0.0,0.0,Midfielder
463218,151679,43883,RSA,Khuliso MUDAU,0.0,0.0,4.0,0.0,Defender
504200,151679,43883,RSA,Samukele KABINI,0.0,0.0,0.0,0.0,Defender
506039,151679,43883,RSA,Ime OKON,0.0,0.0,0.0,1.0,Defender
494248,151679,43883,RSA,Thalente MBATHA,0.0,0.0,0.0,2.0,Midfielder
504192,151679,43883,RSA,Khulumani NDAMANE,0.0,0.0,0.0,0.0,Defender
395986,151679,43883,RSA,Ronwen WILLIAMS,0.0,0.0,0.0,0.0,Goalkeeper
502245,151679,43883,RSA,Olwethu MAKHANYA,0.0,0.0,0.0,0.0,Defender
430917,151679,43883,RSA,Evidence MAKGOPA,0.0,0.0,0.0,0.0,Forward
419225,151679,43883,RSA,Bradley Cross,0.0,0.0,0.0,0.0,Defender
403616,151679,43883,RSA,Teboho MOKOENA,0.0,0.0,1.0,0.0,Midfielder
395050,151679,43883,RSA,Aubrey MODIBA,0.0,0.0,3.0,0.0,Defender
506038,151679,43883,RSA,Kamogelo SEBELEBELE,0.0,0.0,0.0,0.0,Forward
463221,151679,43883,RSA,Nkosinathi SIBISI,0.0,0.0,0.0,0.0,Defender
504193,151679,43883,RSA,Tshepang MOREMI,0.0,0.0,0.0,0.0,Forward
486161,151679,43883,RSA,Relebohile MOFOKENG,0.0,0.0,2.0,1.0,Forward
463234,151679,43883,RSA,Thapelo MASEKO,0.0,0.0,3.0,2.0,Forward
419211,151679,43883,RSA,Lyle FOSTER,0.0,0.0,0.0,0.0,Forward
504199,151679,43883,RSA,Mbekezeli MBOKAZI,0.0,0.0,2.0,2.0,Defender
510850,151679,43883,RSA,Thabang MATULUDI,0.0,0.0,0.0,0.0,Defender
419223,151679,43883,RSA,Oswin APPOLLIS,0.0,0.0,1.0,0.0,Forward
395059,151679,43883,RSA,Ricardo GOSS,0.0,0.0,0.0,0.0,Goalkeeper
485064,151679,43899,CAN,Niko SIGUR,1.0,0.0,0.0,3.0,Defender
441252,151679,43899,CAN,Alistair JOHNSTON,0.0,0.0,0.0,0.0,Defender
441255,151679,43899,CAN,Dayne ST. CLAIR,0.0,0.0,0.0,0.0,Goalkeeper
448411,151679,43899,CAN,Jacob SHAFFELBURG,0.0,0.0,0.0,1.0,Midfielder
463817,151679,43899,CAN,Owen GOODMAN,0.0,0.0,0.0,0.0,Goalkeeper
480322,151679,43899,CAN,Luc DE FOUGEROLLES,0.0,0.0,0.0,0.0,Defender
441259,151679,43899,CAN,Liam MILLAR,0.0,0.0,0.0,1.0,Midfielder
371958,151679,43899,CAN,Derek CORNELIUS,0.0,0.0,1.0,0.0,Defender
466585,151679,43899,CAN,Moise BOMBITO,0.0,0.0,0.0,0.0,Defender
390670,151679,43899,CAN,Cyle LARIN,0.0,0.0,0.0,0.0,Forward
448402,151679,43899,CAN,Joel WATERMAN,0.0,0.0,0.0,0.0,Defender
441258,151679,43899,CAN,Ismael KONE,0.0,0.0,0.0,0.0,Midfielder
370986,151679,43899,CAN,Jonathan OSORIO,0.0,0.0,0.0,0.0,Midfielder
448390,151679,43899,CAN,Mathieu CHOINIERE,0.0,0.0,0.0,0.0,Midfielder
331732,151679,43899,CAN,Maxime CREPEAU,0.0,0.0,1.0,0.0,Goalkeeper
486929,151679,43899,CAN,Tani OLUWASEYI,0.0,0.0,2.0,1.0,Forward
412144,151679,43899,CAN,Alphonso DAVIES,0.0,0.0,0.0,0.0,Defender
466687,151679,43899,CAN,Ali AHMED,0.0,0.0,0.0,0.0,Forward
430138,151679,43899,CAN,Tajon BUCHANAN,0.0,0.0,0.0,1.0,Forward
431696,151679,43899,CAN,Richie LARYEA,0.0,0.0,2.0,4.0,Defender
493970,151679,43899,CAN,Promise DAVID,0.0,0.0,0.0,0.0,Forward
423933,151679,43899,CAN,Jayden Nelson,0.0,0.0,0.0,0.0,Forward
441257,151679,43899,CAN,Jonathan DAVID,0.0,0.0,0.0,2.0,Forward
433635,151679,43899,CAN,Stephen EUSTAQUIO,0.0,0.0,1.0,0.0,Midfielder
423941,151679,43899,CAN,Nathan SALIBA,1.0,0.0,2.0,3.0,Midfielder
514070,151679,43899,CAN,Alfie JONES,0.0,0.0,0.0,0.0,Defender
475036,151681,43924,BRA,RAYAN,0.0,0.0,1.0,0.0,Forward
430597,151681,43924,BRA,GABRIEL MARTINELLI,0.0,0.0,0.0,1.0,Forward
430609,151681,43924,BRA,MATHEUS CUNHA,0.0,0.0,0.0,1.0,Forward
519836,151681,43924,BRA,IGOR THIAGO,0.0,0.0,0.0,0.0,Forward
367981,151681,43924,BRA,DOUGLAS SANTOS,0.0,0.0,1.0,0.0,Defender
395427,151681,43924,BRA,EDERSON,0.0,0.0,0.0,0.0,Goalkeeper
430594,151681,43924,BRA,ROGER IBANEZ,0.0,0.0,0.0,0.0,Defender
332946,151681,43924,BRA,MARQUINHOS,0.0,0.0,1.0,0.0,Defender
433872,151681,43924,BRA,RAPHINHA,0.0,0.0,0.0,0.0,Forward
405742,151681,43924,BRA,VINICIUS JUNIOR,0.0,0.0,3.0,0.0,Forward
411726,151681,43924,BRA,LUCAS PAQUETA,0.0,0.0,1.0,0.0,Midfielder
371956,151681,43924,BRA,LEO PEREIRA,0.0,0.0,0.0,0.0,Defender
448420,151681,43924,BRA,LUIZ HENRIQUE,0.0,0.0,0.0,0.0,Forward
430605,151681,43924,BRA,BRUNO GUIMARAES,0.0,0.0,1.0,0.0,Midfielder
335658,151681,43924,BRA,ALEX SANDRO,0.0,0.0,0.0,0.0,Defender
308370,151681,43924,BRA,ALISSON,0.0,0.0,0.0,0.0,Goalkeeper
431889,151681,43924,BRA,BREMER,0.0,0.0,0.0,0.0,Defender
396315,151681,43924,BRA,WEVERTON,0.0,0.0,0.0,0.0,Goalkeeper
429392,151681,43924,BRA,DANILO SANTOS,0.0,0.0,0.0,0.0,Midfielder
308386,151681,43924,BRA,CASEMIRO,1.0,0.0,0.0,1.0,Midfielder
463746,151681,43924,BRA,ENDRICK,0.0,0.0,1.0,0.0,Forward
485069,151681,43924,BRA,EDERSON SILVA,0.0,0.0,0.0,0.0,Midfielder
314197,151681,43924,BRA,NEYMAR JR,0.0,0.0,0.0,0.0,Forward
430601,151681,43924,BRA,GABRIEL MAGALHAES,0.0,0.0,0.0,0.0,Defender
335656,151681,43924,BRA,DANILO,1.0,0.0,1.0,1.0,Defender
394456,151681,43924,BRA,FABINHO,0.0,0.0,0.0,0.0,Midfielder
430413,151681,43819,JPN,Ayase UEDA,0.0,0.0,0.0,2.0,Forward
479294,151681,43819,JPN,Kaishu SANO,1.0,0.0,0.0,2.0,Midfielder
400514,151681,43819,JPN,Ao TANAKA,0.0,0.0,0.0,1.0,Midfielder
430401,151681,43819,JPN,Tsuyoshi Watanabe,0.0,0.0,0.0,0.0,Defender
400511,151681,43819,JPN,Kou ITAKURA,0.0,0.0,0.0,0.0,Defender
448557,151681,43819,JPN,Daichi KAMADA,1.0,0.0,0.0,1.0,Midfielder
291372,151681,43819,JPN,Yuto NAGATOMO,0.0,0.0,0.0,0.0,Defender
448569,151681,43819,JPN,Shuto MACHINO,0.0,0.0,0.0,1.0,Forward
498455,151681,43819,JPN,Junnosuke SUZUKI,1.0,0.0,0.0,2.0,Defender
405527,151681,43819,JPN,Ayumu SEKO,0.0,0.0,0.0,0.0,Defender
405522,151681,43819,JPN,Keito Nakamura,0.0,0.0,0.0,0.0,Midfielder
485503,151681,43819,JPN,Yuito SUZUKI,0.0,0.0,0.0,0.0,Midfielder
430407,151681,43819,JPN,Daizen MAEDA,0.0,0.0,1.0,0.0,Midfielder
403305,151681,43819,JPN,Keisuke OSAKO,0.0,0.0,0.0,0.0,Goalkeeper
391646,151681,43819,JPN,Ritsu DOAN,0.0,0.0,0.0,2.0,Midfielder
511710,151681,43819,JPN,Tomoki HAYAKAWA,0.0,0.0,0.0,0.0,Goalkeeper
390541,151681,43819,JPN,Shogo TANIGUCHI,0.0,0.0,0.0,1.0,Defender
395321,151681,43819,JPN,Junya ITO,0.0,0.0,2.0,0.0,Midfielder
405528,151681,43819,JPN,Yukinari Sugawara,0.0,0.0,0.0,0.0,Defender
403304,151681,43819,JPN,Takefusa KUBO,0.0,0.0,0.0,0.0,Midfielder
464339,151681,43819,JPN,Keisuke GOTO,0.0,0.0,0.0,0.0,Forward
403293,151681,43819,JPN,Koki OGAWA,0.0,0.0,0.0,0.0,Forward
403289,151681,43819,JPN,Takehiro TOMIYASU,0.0,0.0,1.0,1.0,Defender
405530,151681,43819,JPN,Zion Suzuki,0.0,0.0,0.0,0.0,Goalkeeper
403274,151681,43819,JPN,Hiroki ITO,0.0,0.0,0.0,0.0,Defender
520218,151681,43819,JPN,Kento SHIOGAI,0.0,0.0,0.0,0.0,Forward
404353,151682,43948,GER,Leroy SANE,0.0,0.0,0.0,0.0,Midfielder
306538,151682,43948,GER,Oliver Baumann,0.0,0.0,0.0,0.0,Goalkeeper
484851,151682,43948,GER,Deniz UNDAV,0.0,0.0,0.0,1.0,Forward
491218,151682,43948,GER,Jamie LEWELING,0.0,0.0,0.0,0.0,Midfielder
498416,151682,43948,GER,Nick WOLTEMADE,0.0,0.0,0.0,0.0,Forward
514188,151682,43948,GER,Malick THIAW,0.0,0.0,0.0,0.0,Defender
511015,151682,43948,GER,Nathaniel BROWN,0.0,0.0,1.0,2.0,Defender
484850,151682,43948,GER,Maximilian BEIER,0.0,0.0,0.0,0.0,Forward
430657,151682,43948,GER,David RAUM,0.0,0.0,0.0,0.0,Defender
379955,151682,43948,GER,Antonio RUEDIGER,0.0,0.0,0.0,1.0,Defender
492363,151682,43948,GER,Felix NMECHA,0.0,0.0,0.0,1.0,Midfielder
430669,151682,43948,GER,Florian WIRTZ,0.0,0.0,2.0,0.0,Midfielder
429640,151682,43948,GER,Angelo Stiller,0.0,0.0,0.0,0.0,Midfielder
386413,151682,43948,GER,Joshua KIMMICH,0.0,0.0,2.0,0.0,Defender
411367,151682,43948,GER,Kai HAVERTZ,1.0,0.0,3.0,2.0,Forward
484848,151682,43948,GER,Pascal GROSS,0.0,0.0,0.0,0.0,Midfielder
429639,151682,43948,GER,Alexander NUEBEL,0.0,0.0,0.0,0.0,Goalkeeper
430667,151682,43948,GER,Nico SCHLOTTERBECK,0.0,0.0,0.0,0.0,Defender
401378,151682,43948,GER,Jonathan TAH,0.0,0.0,0.0,2.0,Defender
429642,151682,43948,GER,Jamal MUSIALA,1.0,0.0,2.0,1.0,Midfielder
379953,151682,43948,GER,Leon GORETZKA,0.0,0.0,0.0,0.0,Midfielder
228912,151682,43948,GER,Manuel NEUER,,,,,Goalkeeper
395471,151682,43948,GER,Nadiem Amiri,0.0,0.0,0.0,0.0,Midfielder
430658,151682,43948,GER,Waldemar ANTON,0.0,0.0,1.0,3.0,Defender
484849,151682,43948,GER,Aleksandar PAVLOVIC,0.0,0.0,0.0,5.0,Midfielder
475195,151682,43948,GER,Assan OUEDRAOGO,0.0,0.0,0.0,0.0,Midfielder
494531,151682,43928,PAR,Orlando GILL,0.0,0.0,3.0,0.0,Goalkeeper
385306,151682,43928,PAR,Andres CUBAS,1.0,0.0,1.0,1.0,Midfielder
479601,151682,43928,PAR,Juan Jose CACERES,0.0,0.0,0.0,1.0,Defender
463125,151682,43928,PAR,Ramon SOSA,0.0,0.0,0.0,0.0,Midfielder
431202,151682,43928,PAR,Omar ALDERETE,0.0,0.0,0.0,0.0,Defender
369744,151682,43928,PAR,Gustavo GOMEZ,0.0,0.0,0.0,1.0,Defender
485802,151682,43928,PAR,Alex ARCE,0.0,0.0,0.0,0.0,Forward
476348,151682,43928,PAR,Damian BOBADILLA,0.0,0.0,0.0,1.0,Midfielder
520066,151682,43928,PAR,Jose CANALE,0.0,0.0,2.0,0.0,Defender
369768,151682,43928,PAR,Antonio SANABRIA,0.0,0.0,1.0,0.0,Forward
489417,151682,43928,PAR,Isidro PITTA,0.0,0.0,0.0,0.0,Forward
447991,151682,43928,PAR,Gaston OLVEIRA,0.0,0.0,0.0,0.0,Goalkeeper
485804,151682,43928,PAR,Gustavo CABALLERO,0.0,0.0,2.0,0.0,Midfielder
406205,151682,43928,PAR,Braian OJEDA,0.0,0.0,0.0,0.0,Midfielder
463127,151682,43928,PAR,Gabriel AVALOS,0.0,0.0,1.0,0.0,Forward
394829,151682,43928,PAR,Fabian BALBUENA,0.0,0.0,0.0,0.0,Defender
369761,151682,43928,PAR,Miguel ALMIRON,0.0,0.0,3.0,0.0,Midfielder
505495,151682,43928,PAR,Alexandro MAIDANA,0.0,0.0,0.0,0.0,Defender
386458,151682,43928,PAR,Alejandro ROMERO GAMARRA,0.0,0.0,0.0,0.0,Forward
318647,151682,43928,PAR,Gatito FERNANDEZ,0.0,0.0,0.0,0.0,Goalkeeper
495046,151682,43928,PAR,MAURICIO,0.0,0.0,1.0,1.0,Midfielder
441234,151682,43928,PAR,Julio ENCISO,0.0,0.0,0.0,1.0,Forward
424422,151682,43928,PAR,Matias GALARZA,1.0,0.0,3.0,4.0,Midfielder
486875,151682,43928,PAR,Gustavo VELAZQUEZ,0.0,0.0,0.0,0.0,Defender
369749,151682,43928,PAR,Junior ALONSO,0.0,0.0,0.0,2.0,Defender
448149,151680,43960,NED,Teun KOOPMEINERS,0.0,0.0,0.0,1.0,Midfielder
430176,151680,43960,NED,Ryan GRAVENBERCH,0.0,0.0,1.0,1.0,Midfielder
483512,151680,43960,NED,Jorrel HATO,0.0,0.0,0.0,0.0,Defender
483526,151680,43960,NED,Tijjani REIJNDERS,0.0,0.0,0.0,0.0,Midfielder
448153,151680,43960,NED,Noa LANG,0.0,0.0,0.0,0.0,Forward
489517,151680,43960,NED,Jan Paul VAN HECKE,0.0,0.0,1.0,1.0,Defender
448152,151680,43960,NED,Cody GAKPO,0.0,0.0,1.0,2.0,Forward
433066,151680,43960,NED,Donyell Malen,0.0,0.0,0.0,0.0,Forward
424051,151680,43960,NED,Brian BROBBEY,0.0,0.0,2.0,2.0,Forward
336098,151680,43960,NED,Memphis DEPAY,0.0,0.0,0.0,0.0,Forward
436612,151680,43960,NED,Denzel DUMFRIES,0.0,0.0,1.0,4.0,Defender
506028,151680,43960,NED,Robin ROEFS,0.0,0.0,0.0,0.0,Goalkeeper
336088,151680,43960,NED,Nathan AKE,0.0,0.0,0.0,0.0,Defender
483481,151680,43960,NED,Mats WIEFFER,0.0,0.0,0.0,0.0,Defender
422657,151680,43960,NED,Frenkie DE JONG,0.0,0.0,3.0,3.0,Midfielder
448151,151680,43960,NED,Mark FLEKKEN,0.0,0.0,0.0,0.0,Goalkeeper
448157,151680,43960,NED,Guus TIL,0.0,0.0,0.0,0.0,Midfielder
484859,151680,43960,NED,Quinten TIMBER,0.0,0.0,2.0,0.0,Midfielder
489518,151680,43960,NED,Crysencio SUMMERVILLE,0.0,0.0,1.0,1.0,Forward
424081,151680,43960,NED,Bart Verbruggen,,,,,Goalkeeper
395755,151680,43872,MAR,Munir EL KAJOUI,0.0,0.0,0.0,0.0,Goalkeeper
483553,151680,43960,NED,Lutsharel GEERTRUIDA,0.0,0.0,0.0,0.0,Defender
478364,151680,43960,NED,Justin KLUIVERT,0.0,0.0,0.0,0.0,Midfielder
402044,151680,43960,NED,Marten DE ROON,0.0,0.0,0.0,0.0,Midfielder
397786,151680,43960,NED,Virgil VAN DIJK,0.0,0.0,1.0,0.0,Defender
448140,151680,43960,NED,Micky VAN DE VEN,0.0,0.0,0.0,2.0,Defender
448159,151680,43960,NED,Wout WEGHORST,0.0,0.0,2.0,1.0,Forward
356956,151680,43872,MAR,Yassine BOUNOU,0.0,0.0,1.0,0.0,Goalkeeper
448612,151680,43872,MAR,Bilal EL KHANNOUSS,0.0,0.0,0.0,0.0,Midfielder
524320,151680,43872,MAR,Amine SBAI,0.0,0.0,0.0,0.0,Forward
395760,151680,43872,MAR,Marwane SAADANE,0.0,0.0,0.0,0.0,Defender
485740,151680,43872,MAR,Neil EL AYNAOUI,0.0,0.0,1.0,5.0,Midfielder
485767,151680,43872,MAR,Redouane HALHAL,0.0,0.0,0.0,0.0,Defender
448607,151680,43872,MAR,Chadi RIAD,0.0,0.0,1.0,0.0,Defender
494742,151680,43872,MAR,Youssef BELAMMARI,0.0,0.0,0.0,0.0,Defender
505097,151680,43872,MAR,Samir EL MOURABET,0.0,0.0,0.0,0.0,Midfielder
448598,151680,43872,MAR,Ismael SAIBARI,0.0,0.0,1.0,5.0,Midfielder
411678,151680,43872,MAR,Ayoub El Kaabi,0.0,0.0,0.0,0.0,Forward
485760,151680,43872,MAR,Ayyoub BOUADDI,0.0,0.0,2.0,0.0,Midfielder
424071,151680,43872,MAR,Anass SALAH EDDINE,0.0,0.0,1.0,2.0,Defender
403083,151680,43872,MAR,Issa Diop,1.0,0.0,0.0,2.0,Defender
441307,151680,43872,MAR,Azzedine OUNAHI,0.0,0.0,1.0,1.0,Midfielder
371553,151680,43872,MAR,Ahmed Reda TAGNAOUTI,0.0,0.0,0.0,0.0,Goalkeeper
505112,151680,43872,MAR,Gessime YASSINE,0.0,0.0,1.0,0.0,Midfielder
430740,151680,43872,MAR,Brahim DIAZ,0.0,0.0,0.0,0.0,Forward
523288,151680,43872,MAR,Ayoube AMAIMOUNI,0.0,0.0,0.0,0.0,Forward
494293,151680,43872,MAR,Chemsdine TALBI,0.0,0.0,0.0,0.0,Midfielder
372266,151680,43872,MAR,Sofyan AMRABAT,0.0,0.0,0.0,0.0,Midfielder
433426,151680,43872,MAR,Soufiane RAHIMI,0.0,0.0,2.0,0.0,Forward
485756,151680,43872,MAR,Zakaria EL OUAHDI,0.0,0.0,0.0,0.0,Defender
411680,151680,43872,MAR,Noussair MAZRAOUI,0.0,0.0,0.0,0.0,Defender
400721,151680,43872,MAR,Achraf HAKIMI,0.0,0.0,2.0,0.0,Defender
464133,151684,43854,CIV,Elye WAHI,0.0,0.0,0.0,0.0,Forward
486317,151684,43854,CIV,Guela DOUE,0.0,0.0,1.0,2.0,Defender
405873,151684,43854,CIV,Yahia Fofana,0.0,0.0,0.0,0.0,Goalkeeper
430834,151684,43854,CIV,Parfait GUIAGON,0.0,0.0,0.0,0.0,Midfielder
485675,151684,43854,CIV,Evann GUESSAND,0.0,0.0,0.0,0.0,Forward
407343,151684,43854,CIV,Ghislain KONAN,0.0,0.0,1.0,0.0,Defender
335807,151684,43854,CIV,Jean Michael SERI,0.0,0.0,0.0,0.0,Midfielder
477825,151684,43854,CIV,Odilon KOSSOUNOU,0.0,0.0,0.0,0.0,Defender
486268,151684,43854,CIV,Emmanuel AGBADOU,0.0,0.0,0.0,0.0,Defender
486259,151684,43854,CIV,Mohamed KONE,0.0,0.0,0.0,0.0,Goalkeeper
514208,151684,43854,CIV,Christ Inao OULAI,0.0,0.0,0.0,0.0,Midfielder
477778,151684,43854,CIV,Simon ADINGRA,0.0,0.0,0.0,0.0,Forward
510922,151684,43854,CIV,Yan DIOMANDE,0.0,0.0,3.0,1.0,Forward
403090,151684,43854,CIV,Alban Lafont,0.0,0.0,0.0,0.0,Goalkeeper
506202,151684,43854,CIV,Bazoumana TOURE,0.0,0.0,0.0,0.0,Forward
430822,151684,43854,CIV,Amad DIALLO,0.0,0.0,0.0,0.0,Forward
483535,151684,43961,NOR,Egil SELVIK,0.0,0.0,0.0,0.0,Goalkeeper
430831,151684,43854,CIV,Ibrahim SANGARE,0.0,0.0,1.0,1.0,Midfielder
402261,151684,43854,CIV,Nicolas PEPE,0.0,0.0,1.0,0.0,Forward
430854,151684,43854,CIV,Wilfried SINGO,0.0,0.0,0.0,0.0,Defender
477802,151684,43854,CIV,Ousmane DIOMANDE,0.0,0.0,0.0,0.0,Defender
405175,151684,43854,CIV,Seko Fofana,0.0,0.0,0.0,0.0,Midfielder
477777,151684,43854,CIV,Oumar DIAKITE,0.0,0.0,0.0,0.0,Forward
464103,151684,43854,CIV,Ange-Yoan BONNY,0.0,0.0,0.0,0.0,Forward
419172,151684,43854,CIV,Evan NDICKA,0.0,0.0,0.0,0.0,Defender
486260,151684,43854,CIV,Christopher OPERI,0.0,0.0,0.0,0.0,Defender
371609,151684,43854,CIV,Franck KESSIE,0.0,0.0,0.0,2.0,Midfielder
489696,151684,43961,NOR,Sondre LANGAS,0.0,0.0,0.0,0.0,Defender
483516,151684,43961,NOR,Kristoffer AJER,0.0,0.0,0.0,0.0,Defender
483497,151684,43961,NOR,Fredrik AURSNES,0.0,0.0,1.0,0.0,Midfielder
520112,151684,43961,NOR,Henrik FALCHENER,0.0,0.0,0.0,0.0,Defender
477470,151684,43961,NOR,Oscar BOBB,0.0,0.0,0.0,0.0,Midfielder
404645,151684,43961,NOR,Sander BERGE,0.0,0.0,0.0,0.0,Midfielder
483448,151684,43961,NOR,Antonio NUSA,1.0,0.0,1.0,1.0,Forward
494625,151684,43961,NOR,Marcus HOLMGREN PEDERSEN,0.0,0.0,0.0,1.0,Defender
398588,151684,43961,NOR,Alexander SORLOTH,0.0,0.0,0.0,1.0,Forward
483530,151684,43961,NOR,Fredrik Andre BJORKAN,0.0,0.0,0.0,0.0,Defender
483505,151684,43961,NOR,David MOLLER WOLFE,0.0,0.0,0.0,2.0,Defender
491244,151684,43961,NOR,Torbjorn HEGGEM,0.0,0.0,0.0,0.0,Defender
419672,151684,43961,NOR,Leo OSTIGARD,0.0,0.0,0.0,0.0,Defender
400716,151684,43961,NOR,Martin ODEGAARD,0.0,0.0,1.0,2.0,Midfielder
419662,151684,43961,NOR,Jorgen STRAND LARSEN,0.0,0.0,0.0,0.0,Forward
494627,151684,43961,NOR,Thelo AASGAARD,0.0,0.0,0.0,0.0,Midfielder
373235,151684,43961,NOR,Orjan NYLAND,0.0,0.0,0.0,0.0,Goalkeeper
433067,151684,43961,NOR,Morten Thorsby,0.0,0.0,0.0,0.0,Midfielder
494626,151684,43961,NOR,Andreas SCHJELDERUP,0.0,0.0,1.0,0.0,Midfielder
514479,151684,43961,NOR,Sander TANGVIK,0.0,0.0,0.0,0.0,Goalkeeper
483496,151684,43961,NOR,Julian RYERSON,0.0,0.0,0.0,0.0,Forward
419681,151684,43961,NOR,Kristian Thorstvedt,0.0,0.0,0.0,0.0,Midfielder
419654,151684,43961,NOR,Jens Petter HAUGE,0.0,0.0,0.0,0.0,Midfielder
419652,151684,43961,NOR,Erling HAALAND,0.0,0.0,0.0,0.0,Forward
483442,151684,43961,NOR,Patrick BERG,0.0,0.0,0.0,0.0,Midfielder
368860,151685,43946,FRA,Lucas Digne,0.0,0.0,1.0,1.0,Defender
464127,151685,43946,FRA,Robin RISSER,0.0,0.0,0.0,0.0,Goalkeeper
430707,151685,43946,FRA,Jules KOUNDE,0.0,0.0,1.0,0.0,Defender
402047,151685,43946,FRA,Adrien RABIOT,0.0,0.0,1.0,4.0,Midfielder
431861,151685,43946,FRA,Rayan CHERKI,0.0,0.0,0.0,1.0,Midfielder
405881,151685,43946,FRA,Maxence Lacroix,0.0,0.0,0.0,0.0,Defender
405893,151685,43946,FRA,Aurelien TCHOUAMENI,0.0,0.0,2.0,1.0,Midfielder
389867,151685,43946,FRA,Kylian MBAPPE,0.0,0.0,1.0,1.0,Forward
398681,151685,43946,FRA,Ngolo KANTE,0.0,0.0,0.0,0.0,Midfielder
484860,151685,43946,FRA,Bradley BARCOLA,0.0,0.0,0.0,0.0,Forward
464055,151685,43946,FRA,Malo GUSTO,0.0,0.0,0.0,1.0,Defender
483549,151685,43946,FRA,Warren ZAIRE-EMERY,0.0,0.0,0.0,0.0,Midfielder
403109,151685,43946,FRA,Marcus THURAM,0.0,0.0,0.0,0.0,Forward
398680,151685,43946,FRA,Ousmane DEMBELE,0.0,0.0,1.0,0.0,Forward
448332,151685,43946,FRA,Mike MAIGNAN,0.0,0.0,0.0,0.0,Goalkeeper
485677,151685,43946,FRA,Manu KONE,0.0,0.0,0.0,0.0,Midfielder
483471,151685,43946,FRA,Brice SAMBA,0.0,0.0,0.0,0.0,Goalkeeper
408042,151685,43946,FRA,Theo HERNANDEZ,0.0,0.0,0.0,0.0,Defender
464114,151685,43946,FRA,Desire DOUE,0.0,0.0,1.0,0.0,Forward
419166,151685,43946,FRA,Ibrahima KONATE,0.0,0.0,0.0,0.0,Defender
403094,151685,43946,FRA,Jean-Philippe MATETA,0.0,0.0,0.0,1.0,Forward
485666,151685,43946,FRA,Maghnes AKLIOUCHE,0.0,0.0,0.0,0.0,Midfielder
389876,151685,43946,FRA,Dayot UPAMECANO,0.0,0.0,0.0,1.0,Defender
485655,151685,43946,FRA,Michael OLISE,0.0,0.0,1.0,1.0,Forward
411470,151685,43946,FRA,Lucas HERNANDEZ,0.0,0.0,0.0,0.0,Defender
419177,151685,43946,FRA,William SALIBA,0.0,0.0,0.0,2.0,Defender
430150,151685,43970,SWE,Alexander Isak,0.0,0.0,0.0,3.0,Forward
489685,151685,43970,SWE,Jacob WIDELL ZETTERSTROM,0.0,0.0,0.0,0.0,Goalkeeper
483327,151685,43970,SWE,Viktor GYOKERES,0.0,0.0,4.0,0.0,Forward
360496,151685,43970,SWE,Kristoffer NORDFELDT,0.0,0.0,0.0,0.0,Goalkeeper
502945,151685,43970,SWE,Alexander BERNHARDSSON,0.0,0.0,0.0,0.0,Defender
491255,151685,43970,SWE,Daniel SVENSSON,0.0,0.0,0.0,0.0,Defender
483304,151685,43970,SWE,Gustaf LAGERBIELKE,0.0,0.0,1.0,0.0,Defender
489688,151685,43970,SWE,Yasin AYARI,0.0,0.0,2.0,2.0,Midfielder
489691,151685,43970,SWE,Gustaf NILSSON,0.0,0.0,0.0,0.0,Forward
502946,151685,43970,SWE,Benjamin NYGREN,0.0,0.0,0.0,0.0,Midfielder
514639,151685,43970,SWE,Herman JOHANSSON,0.0,0.0,0.0,0.0,Defender
441137,151685,43970,SWE,Anthony ELANGA,0.0,0.0,1.0,0.0,Forward
503047,151685,43970,SWE,Besfort ZENELI,0.0,0.0,0.0,1.0,Midfielder
441132,151685,43970,SWE,Carl STARFELT,0.0,0.0,0.0,0.0,Defender
514202,151685,43970,SWE,Taha ALI,0.0,0.0,2.0,0.0,Forward
483319,151685,43970,SWE,Hjalmar EKDAL,0.0,0.0,0.0,0.0,Defender
489689,151685,43970,SWE,Lucas BERGVALL,0.0,0.0,1.0,3.0,Midfielder
519958,151685,43970,SWE,Elliot STROUD,0.0,0.0,1.0,0.0,Defender
483276,151685,43970,SWE,Gabriel GUDMUNDSSON,0.0,0.0,0.0,1.0,Defender
441135,151685,43970,SWE,Jesper KARLSTROM,0.0,0.0,0.0,0.0,Midfielder
395286,151685,43970,SWE,Ken SEMA,0.0,0.0,0.0,0.0,Midfielder
395283,151685,43970,SWE,Victor LINDELOF,0.0,0.0,0.0,0.0,Defender
483264,151685,43970,SWE,Viktor JOHANSSON,0.0,0.0,0.0,0.0,Goalkeeper
433795,151685,43970,SWE,Mattias SVANBERG,0.0,0.0,1.0,0.0,Midfielder
483312,151685,43970,SWE,Isak HIEN,0.0,0.0,0.0,0.0,Defender
493061,151685,43970,SWE,Eric SMITH,0.0,0.0,0.0,0.0,Defender
485070,151683,43911,MEX,Raul RANGEL,0.0,0.0,0.0,0.0,Goalkeeper
429157,151683,43911,MEX,Julian QUINONES,0.0,0.0,1.0,2.0,Forward
464533,151683,43911,MEX,Brian GUTIERREZ,0.0,0.0,0.0,1.0,Midfielder
425701,151683,43911,MEX,Johan VASQUEZ,0.0,0.0,2.0,0.0,Defender
461177,151683,43911,MEX,Obed VARGAS,0.0,0.0,0.0,0.0,Midfielder
448051,151683,43911,MEX,Luis CHAVEZ,0.0,0.0,0.0,0.0,Midfielder
500038,151683,43911,MEX,Mateo CHAVEZ,0.0,0.0,0.0,0.0,Defender
402772,151683,43911,MEX,Jesus GALLARDO,0.0,0.0,0.0,3.0,Defender
406135,151683,43911,MEX,Cesar HUERTA,0.0,0.0,0.0,0.0,Forward
372090,151683,43911,MEX,Orbelin PINEDA,0.0,0.0,2.0,0.0,Midfielder
215285,151683,43911,MEX,Guillermo OCHOA,0.0,0.0,0.0,0.0,Goalkeeper
500037,151683,43911,MEX,Gilberto MORA,0.0,0.0,2.0,0.0,Midfielder
441261,151683,43911,MEX,Israel REYES,0.0,0.0,0.0,0.0,Defender
403596,151683,43911,MEX,Jorge SANCHEZ,0.0,0.0,0.0,1.0,Defender
419518,151683,43911,MEX,Erik LIRA,0.0,0.0,1.0,0.0,Midfielder
430766,151683,43911,MEX,Alexis VEGA,0.0,0.0,0.0,0.0,Forward
356731,151683,43911,MEX,Raul JIMENEZ,0.0,0.0,1.0,1.0,Forward
430759,151683,43911,MEX,Santiago GIMENEZ,0.0,0.0,2.0,1.0,Forward
400634,151683,43911,MEX,Edson ALVAREZ,0.0,0.0,0.0,0.0,Defender
395516,151683,43911,MEX,Cesar MONTES,0.0,0.0,1.0,0.0,Defender
403585,151683,43911,MEX,Roberto ALVARADO,0.0,0.0,2.0,1.0,Forward
416576,151683,43911,MEX,Alvaro FIDALGO,0.0,0.0,0.0,0.0,Midfielder
386339,151683,43911,MEX,Guillermo MARTINEZ,0.0,0.0,0.0,0.0,Forward
514336,151683,43911,MEX,Armando GONZALEZ,0.0,0.0,0.0,0.0,Forward
441260,151683,43911,MEX,Carlos ACEVEDO,0.0,0.0,0.0,0.0,Goalkeeper
430763,151683,43911,MEX,Luis ROMO,0.0,0.0,0.0,0.0,Midfielder
424031,151683,43927,ECU,Piero HINCAPIE,0.0,1.0,1.0,2.0,Defender
463495,151683,43927,ECU,Kendry PAEZ,1.0,0.0,0.0,1.0,Midfielder
419005,151683,43927,ECU,Jordy ALCIVAR,0.0,0.0,0.0,0.0,Midfielder
373400,151683,43927,ECU,Enner VALENCIA,0.0,0.0,0.0,2.0,Forward
448310,151683,43927,ECU,Kevin RODRIGUEZ,0.0,0.0,0.0,1.0,Forward
402974,151683,43927,ECU,Angelo PRECIADO,0.0,0.0,0.0,0.0,Defender
448299,151683,43927,ECU,Anthony VALENCIA,0.0,0.0,0.0,0.0,Midfielder
448312,151683,43927,ECU,Nilson ANGULO,0.0,0.0,0.0,1.0,Forward
448295,151683,43927,ECU,Gonzalo VALLE,0.0,0.0,0.0,0.0,Goalkeeper
405920,151683,43927,ECU,John YEBOAH,0.0,0.0,3.0,0.0,Forward
424036,151683,43927,ECU,Pedro VITE,0.0,0.0,1.0,1.0,Midfielder
448290,151683,43927,ECU,Willian PACHO,0.0,0.0,1.0,1.0,Defender
402979,151683,43927,ECU,Felix TORRES,0.0,0.0,0.0,0.0,Defender
419003,151683,43927,ECU,Jackson POROZO,0.0,0.0,0.0,0.0,Defender
402985,151683,43927,ECU,Jordy CAICEDO,0.0,0.0,0.0,2.0,Forward
441236,151683,43927,ECU,Hernan GALINDEZ,0.0,0.0,0.0,0.0,Goalkeeper
463476,151683,43927,ECU,Denil CASTILLO,0.0,0.0,0.0,0.0,Midfielder
428885,151683,43927,ECU,Moises CAICEDO,1.0,0.0,2.0,1.0,Midfielder
419020,151683,43927,ECU,Gonzalo PLATA,0.0,0.0,2.0,0.0,Forward
419002,151683,43927,ECU,Moises RAMIREZ,0.0,0.0,0.0,0.0,Goalkeeper
389782,151683,43927,ECU,Pervis ESTUPINAN,0.0,0.0,0.0,0.0,Defender
463468,151683,43927,ECU,Alan MINDA,0.0,0.0,0.0,0.0,Midfielder
463489,151683,43927,ECU,Yaimar MEDINA,0.0,0.0,0.0,1.0,Defender
514326,151683,43927,ECU,Jeremy AREVALO,0.0,0.0,0.0,0.0,Forward
463465,151683,43927,ECU,Joel ORDONEZ,0.0,0.0,0.0,0.0,Defender
389784,151683,43927,ECU,Alan FRANCO,1.0,0.0,0.0,1.0,Midfielder
506329,151688,43942,ENG,Djed SPENCE,0.0,0.0,2.0,0.0,Defender
448189,151688,43942,ENG,Anthony GORDON,0.0,0.0,0.0,1.0,Forward
356189,151688,43942,ENG,Jordan HENDERSON,0.0,0.0,0.0,0.0,Midfielder
463809,151688,43942,ENG,Jarell QUANSAH,0.0,0.0,0.0,0.0,Defender
473113,151688,43942,ENG,Eberechi EZE,0.0,0.0,1.0,0.0,Midfielder
369434,151688,43942,ENG,John STONES,0.0,0.0,0.0,0.0,Defender
492716,151688,43942,ENG,Morgan ROGERS,0.0,0.0,0.0,0.0,Midfielder
481610,151688,43942,ENG,Elliot ANDERSON,0.0,0.0,1.0,0.0,Midfielder
485080,151688,43942,ENG,James TRAFFORD,0.0,0.0,0.0,0.0,Goalkeeper
463780,151688,43942,ENG,Nico OREILLY,0.0,0.0,1.0,3.0,Defender
448198,151688,43942,ENG,Ivan TONEY,0.0,0.0,0.0,0.0,Forward
448196,151688,43942,ENG,Bukayo SAKA,0.0,0.0,0.0,0.0,Forward
405841,151688,43942,ENG,Marc GUEHI,0.0,0.0,1.0,0.0,Defender
336022,151688,43942,ENG,Jordan PICKFORD,0.0,0.0,0.0,0.0,Goalkeeper
433097,151688,43942,ENG,Declan RICE,0.0,0.0,0.0,0.0,Midfielder
369419,151688,43942,ENG,Harry KANE,0.0,0.0,2.0,0.0,Forward
489732,151688,43942,ENG,Noni MADUEKE,0.0,0.0,1.0,1.0,Forward
494345,151688,43942,ENG,Dan BURN,0.0,0.0,0.0,0.0,Defender
401470,151688,43942,ENG,Marcus RASHFORD,0.0,0.0,1.0,2.0,Forward
448202,151688,43942,ENG,Jude BELLINGHAM,1.0,0.0,1.0,2.0,Midfielder
448203,151688,43942,ENG,Ollie WATKINS,0.0,0.0,0.0,0.0,Forward
482621,151688,43942,ENG,Kobbie MAINOO,0.0,0.0,0.0,0.0,Midfielder
403046,151688,43942,ENG,Dean Henderson,0.0,0.0,0.0,0.0,Goalkeeper
439641,151688,43942,ENG,Reece JAMES,0.0,0.0,0.0,0.0,Defender
403049,151688,43942,ENG,Ezri KONSA,0.0,0.0,1.0,1.0,Defender
336439,151688,20014,COD,Gael KAKUTA,0.0,0.0,0.0,0.0,Forward
514171,151688,20014,COD,Matthieu EPOLO,0.0,0.0,0.0,0.0,Goalkeeper
426357,151688,20014,COD,Aaron WAN-BISSAKA,0.0,0.0,1.0,0.0,Defender
477864,151688,20014,COD,Aaron TSHIBOLA,0.0,0.0,0.0,0.0,Midfielder
356532,151688,20014,COD,Chancel MBEMBA,0.0,0.0,0.0,0.0,Defender
477833,151688,20014,COD,Joris KAYEMBE,0.0,0.0,0.0,0.0,Defender
448128,151688,20014,COD,Charles PICKEL,0.0,0.0,0.0,0.0,Midfielder
510989,151688,20014,COD,Brian CIPENGA,0.0,0.0,1.0,2.0,Forward
426506,151688,20014,COD,Meschack ELIA,0.0,0.0,0.0,2.0,Forward
486196,151688,20014,COD,Timothy FAYULU,0.0,0.0,0.0,0.0,Goalkeeper
441316,151688,20014,COD,Yoane WISSA,0.0,0.0,2.0,0.0,Forward
504329,151688,20014,COD,Steve KAPUADI,0.0,0.0,0.0,0.0,Defender
436572,151688,20014,COD,Arthur MASUAKU,0.0,0.0,0.0,0.0,Defender
486147,151688,20014,COD,Noah SADIKI,1.0,0.0,0.0,1.0,Midfielder
441313,151688,20014,COD,Lionel MPASI,0.0,0.0,0.0,0.0,Goalkeeper
477829,151688,20014,COD,Dylan BATUBINSIKA,0.0,0.0,0.0,0.0,Defender
477835,151688,20014,COD,Simon BANZA,0.0,0.0,0.0,0.0,Forward
441317,151688,20014,COD,Theo BONGONDA,0.0,0.0,1.0,0.0,Midfielder
477859,151688,20014,COD,Fiston MAYELE,0.0,0.0,0.0,1.0,Forward
494458,151688,20014,COD,Ngalayel MUKAU,0.0,0.0,2.0,3.0,Midfielder
477853,151688,20014,COD,Gedeon KALULU,0.0,0.0,0.0,0.0,Defender
424119,151688,20014,COD,Nathanael MBUKU,0.0,0.0,3.0,0.0,Midfielder
433161,151688,20014,COD,Edo Kayembe,0.0,0.0,0.0,0.0,Midfielder
433076,151688,20014,COD,Samuel Moutoussamy,0.0,0.0,0.0,2.0,Midfielder
403063,151688,20014,COD,Axel Tuanzebe,0.0,0.0,0.0,1.0,Defender
336425,151688,20014,COD,Cedric BAKAMBU,0.0,0.0,0.0,0.0,Forward
448346,151686,43935,BEL,Arthur THEATE,0.0,0.0,0.0,1.0,Defender
448360,151686,43935,BEL,Brandon MECHELE,1.0,0.0,0.0,2.0,Defender
448355,151686,43935,BEL,Leandro TROSSARD,0.0,0.0,3.0,1.0,Forward
497902,151686,43935,BEL,Diego MOREIRA,0.0,0.0,1.0,2.0,Midfielder
448369,151686,43935,BEL,Zeno DEBAST,0.0,0.0,0.0,0.0,Defender
401444,151686,43935,BEL,Youri TIELEMANS,0.0,0.0,2.0,4.0,Midfielder
448373,151686,43935,BEL,Maxim DE CUYPER,0.0,0.0,0.0,2.0,Defender
514166,151686,43935,BEL,Nathan NGOY,0.0,0.0,0.0,0.0,Defender
494025,151686,43935,BEL,Matias FERNANDEZ-PARDO,0.0,0.0,0.0,0.0,Forward
358120,151686,43935,BEL,Kevin DE BRUYNE,0.0,0.0,0.0,0.0,Midfielder
448821,151686,43879,SEN,Mory DIAW,0.0,0.0,1.0,0.0,Goalkeeper
448362,151686,43935,BEL,Charles DE KETELAERE,0.0,0.0,0.0,0.0,Forward
448343,151686,43935,BEL,Hans VANAKEN,0.0,0.0,2.0,0.0,Midfielder
506088,151686,43935,BEL,Joaquin SEYS,0.0,0.0,0.0,0.0,Defender
495349,151686,43935,BEL,Nicolas RASKIN,0.0,0.0,0.0,3.0,Midfielder
499803,151686,43935,BEL,Mike PENDERS,0.0,0.0,0.0,0.0,Goalkeeper
448341,151686,43935,BEL,Jeremy DOKU,0.0,0.0,4.0,0.0,Forward
358122,151686,43935,BEL,Thomas MEUNIER,0.0,0.0,0.0,3.0,Defender
358106,151686,43935,BEL,Thibaut COURTOIS,0.0,0.0,0.0,0.0,Goalkeeper
290821,151686,43935,BEL,Axel WITSEL,0.0,0.0,0.0,0.0,Midfielder
448366,151686,43935,BEL,Koni DE WINTER,0.0,0.0,0.0,0.0,Defender
448377,151686,43935,BEL,Dodi LUKEBAKIO,0.0,0.0,0.0,0.0,Forward
495348,151686,43935,BEL,Senne LAMMENS,0.0,0.0,0.0,0.0,Goalkeeper
411443,151686,43935,BEL,Timothy CASTAGNE,0.0,0.0,0.0,4.0,Defender
448364,151686,43935,BEL,Amadou ONANA,0.0,0.0,0.0,0.0,Midfielder
358112,151686,43935,BEL,Romelu LUKAKU,0.0,0.0,0.0,0.0,Forward
433092,151686,43935,BEL,Alexis SAELEMAEKERS,0.0,0.0,0.0,0.0,Midfielder
494277,151686,43879,SEN,Yehvann DIOUF,0.0,0.0,0.0,0.0,Goalkeeper
418795,151686,43879,SEN,Nicolas JACKSON,0.0,0.0,0.0,0.0,Forward
353790,151686,43879,SEN,Sadio MANE,0.0,0.0,4.0,2.0,Forward
464842,151686,43879,SEN,Lamine CAMARA,1.0,0.0,0.0,2.0,Midfielder
339820,151686,43879,SEN,Kalidou KOULIBALY,0.0,0.0,0.0,0.0,Defender
484698,151686,43879,SEN,Assane DIAO,0.0,0.0,0.0,0.0,Forward
370171,151686,43879,SEN,Abdoulaye Seck,0.0,0.0,0.0,0.0,Defender
523354,151686,43879,SEN,Bara Sapoko NDIAYE,0.0,0.0,2.0,0.0,Midfielder
430671,151686,43879,SEN,Ismail JAKOBS,0.0,0.0,0.0,1.0,Defender
332314,151686,43879,SEN,Idrissa Gana GUEYE,0.0,0.0,0.0,0.0,Midfielder
430690,151686,43879,SEN,Moussa Niakhate,0.0,0.0,0.0,0.0,Defender
486130,151686,43879,SEN,Habib DIARRA,0.0,0.0,1.0,0.0,Midfielder
499800,151686,43879,SEN,Mamadou SARR,0.0,0.0,0.0,0.0,Defender
418781,151686,43879,SEN,Bamba DIENG,0.0,0.0,0.0,0.0,Forward
486168,151686,43879,SEN,Cherif NDIAYE,0.0,0.0,0.0,0.0,Forward
431788,151686,43879,SEN,Pape GUEYE,0.0,0.0,1.0,2.0,Midfielder
464865,151686,43879,SEN,El Hadji Malick DIOUF,0.0,0.0,0.0,0.0,Defender
448825,151686,43879,SEN,Pathe CISS,0.0,0.0,0.0,0.0,Midfielder
418798,151686,43879,SEN,Pape Matar SARR,0.0,0.0,0.0,0.0,Midfielder
401889,151686,43879,SEN,Ismaila SARR,0.0,0.0,5.0,1.0,Forward
494279,151686,43879,SEN,Antoine MENDY,0.0,0.0,0.0,0.0,Defender
433806,151686,43879,SEN,Edouard MENDY,0.0,0.0,0.0,0.0,Goalkeeper
403642,151686,43879,SEN,Krepin DIATTA,0.0,0.0,4.0,3.0,Defender
496358,151686,43879,SEN,Ibrahim MBAYE,0.0,0.0,1.0,0.0,Forward
448815,151686,43879,SEN,Iliman NDIAYE,0.0,0.0,1.0,1.0,Forward
448214,151687,43921,USA,Malik TILLMAN,0.0,0.0,2.0,0.0,Midfielder
419062,151687,43921,USA,Chris RICHARDS,0.0,0.0,1.0,1.0,Defender
423700,151687,43921,USA,Joe SCALLY,0.0,0.0,0.0,0.0,Defender
499913,151687,43921,USA,Matt FREESE,0.0,0.0,1.0,0.0,Goalkeeper
390278,151687,43921,USA,Alex ZENDEJAS,0.0,0.0,0.0,0.0,Forward
390267,151687,43921,USA,Christian PULISIC,0.0,0.0,4.0,0.0,Forward
390238,151687,43921,USA,Tyler ADAMS,0.0,0.0,0.0,1.0,Midfielder
436599,151687,43921,USA,Miles ROBINSON,0.0,0.0,0.0,0.0,Defender
464546,151687,43921,USA,Chris BRADY,0.0,0.0,0.0,0.0,Goalkeeper
339510,151687,43921,USA,Tim REAM,0.0,0.0,1.0,0.0,Defender
441251,151687,43921,USA,Antonee ROBINSON,0.0,0.0,1.0,1.0,Defender
486390,151687,43921,USA,Max ARFSTEN,0.0,0.0,0.0,0.0,Defender
406304,151687,43921,USA,Timothy WEAH,0.0,0.0,0.0,0.0,Forward
466624,151687,43921,USA,Folarin BALOGUN,0.0,1.0,1.0,1.0,Forward
419082,151687,43921,USA,Ricardo PEPI,0.0,0.0,0.0,1.0,Forward
406280,151687,43921,USA,Sergino DEST,0.0,0.0,2.0,1.0,Defender
419077,151687,43921,USA,Mark McKENZIE,0.0,0.0,0.0,0.0,Defender
464542,151687,43921,USA,Alex FREEMAN,0.0,0.0,0.0,0.0,Defender
385994,151687,43921,USA,Cristian ROLDAN,0.0,0.0,0.0,0.0,Midfielder
390272,151687,43921,USA,Auston TRUSTY,0.0,0.0,0.0,0.0,Defender
390276,151687,43921,USA,Haji WRIGHT,0.0,0.0,0.0,0.0,Forward
419068,151687,43921,USA,Giovanni REYNA,0.0,0.0,0.0,0.0,Midfielder
448217,151687,43921,USA,Matt TURNER,0.0,0.0,0.0,0.0,Goalkeeper
499912,151687,43921,USA,Sebastian BERHALTER,0.0,0.0,0.0,0.0,Midfielder
419055,151687,43921,USA,Brenden AARONSON,0.0,0.0,0.0,0.0,Forward
390259,151687,43921,USA,Weston McKENNIE,0.0,0.0,0.0,1.0,Midfielder
430194,151687,44037,BIH,Dennis HADZIKADUNIC,0.0,0.0,0.0,0.0,Defender
491228,151687,44037,BIH,Martin ZLOMISLIC,0.0,0.0,0.0,0.0,Goalkeeper
482969,151687,44037,BIH,Nihad MUJAKIC,0.0,0.0,0.0,0.0,Defender
485063,151687,44037,BIH,Samed BAZDAR,0.0,0.0,0.0,0.0,Forward
482984,151687,44037,BIH,Haris TABAKOVIC,0.0,0.0,0.0,0.0,Forward
519954,151687,44037,BIH,Jovo LUKIC,0.0,0.0,0.0,0.0,Forward
389886,151687,44037,BIH,Dzenis BURNIC,0.0,0.0,0.0,0.0,Midfielder
482974,151687,44037,BIH,Ivan BASIC,0.0,0.0,0.0,0.0,Midfielder
376230,151687,44037,BIH,Sead KOLASINAC,0.0,0.0,0.0,1.0,Defender
522842,151687,44037,BIH,Mladen JURKAS,0.0,0.0,0.0,0.0,Goalkeeper
504990,151687,44037,BIH,Kerim ALAJBEGOVIC,0.0,0.0,1.0,0.0,Forward
482978,151687,44037,BIH,Nikola VASILJ,0.0,0.0,0.0,0.0,Goalkeeper
489520,151687,44037,BIH,Nikola KATIC,0.0,0.0,0.0,1.0,Defender
430196,151687,44037,BIH,Amir HADZIAHMETOVIC,0.0,0.0,0.0,0.0,Midfielder
494640,151687,44037,BIH,Amar MEMIC,0.0,0.0,0.0,1.0,Midfielder
436743,151687,44037,BIH,Ermedin DEMIROVIC,0.0,0.0,1.0,3.0,Forward
494639,151687,44037,BIH,Arjan MALIC,0.0,0.0,0.0,0.0,Defender
372436,151687,44037,BIH,Ivan SUNJIC,0.0,0.0,0.0,2.0,Midfielder
522846,151687,44037,BIH,Ermin MAHMIC,0.0,0.0,0.0,1.0,Midfielder
464566,151687,44037,BIH,Esmir BAJRAKTAREVIC,0.0,0.0,0.0,0.0,Forward
300409,151687,44037,BIH,Edin DZEKO,0.0,0.0,0.0,0.0,Forward
489523,151687,44037,BIH,Armin GIGOVIC,0.0,0.0,0.0,0.0,Midfielder
482976,151687,44037,BIH,Amar DEDIC,0.0,0.0,0.0,2.0,Defender
489521,151687,44037,BIH,Stjepan RADELJIC,1.0,0.0,3.0,1.0,Defender
484022,151687,44037,BIH,Tarik MUHAREMOVIC,0.0,0.0,1.0,1.0,Defender
483966,151687,44037,BIH,Benjamin TAHIROVIC,0.0,0.0,0.0,0.0,Midfielder
474973,151690,43969,ESP,Pau CUBARSI,0.0,0.0,0.0,1.0,Defender
447860,151690,43969,ESP,Alex BAENA,0.0,0.0,3.0,0.0,Midfielder
447866,151690,43969,ESP,GAVI,0.0,0.0,1.0,0.0,Midfielder
382739,151690,43969,ESP,Marcos LLORENTE,0.0,0.0,0.0,0.0,Defender
430733,151690,43969,ESP,Mikel MERINO,0.0,0.0,1.0,1.0,Midfielder
423646,151690,43969,ESP,PEDRI,0.0,0.0,1.0,0.0,Midfielder
484728,151690,43969,ESP,Marc PUBILL,0.0,0.0,0.0,0.0,Defender
391297,151690,43969,ESP,Alex GRIMALDO,0.0,0.0,0.0,0.0,Defender
430718,151690,43969,ESP,Fabian RUIZ,0.0,0.0,0.0,0.0,Midfielder
335999,151690,43969,ESP,Aymeric LAPORTE,0.0,0.0,1.0,0.0,Defender
484691,151690,43969,ESP,Joan GARCIA,0.0,0.0,0.0,0.0,Goalkeeper
447855,151690,43969,ESP,Nico WILLIAMS,0.0,0.0,0.0,0.0,Forward
405562,151690,43969,ESP,Eric GARCIA,0.0,0.0,0.0,0.0,Defender
447864,151690,43969,ESP,Borja IGLESIAS,0.0,0.0,0.0,0.0,Forward
405545,151690,43969,ESP,Ferran TORRES,0.0,0.0,0.0,0.0,Forward
492859,151690,43969,ESP,Victor MUNOZ,0.0,0.0,0.0,0.0,Forward
430735,151690,43969,ESP,Marc CUCURELLA,0.0,0.0,1.0,2.0,Defender
430751,151690,43969,ESP,Mikel OYARZABAL,0.0,0.0,2.0,1.0,Forward
423658,151690,43969,ESP,Yeremy PINO,0.0,0.0,0.0,0.0,Forward
430753,151690,43969,ESP,Unai SIMON,0.0,0.0,1.0,0.0,Goalkeeper
430754,151690,43969,ESP,Martin ZUBIMENDI,0.0,0.0,0.0,0.0,Midfielder
430144,151690,43969,ESP,Pedro PORRO,0.0,0.0,2.0,1.0,Defender
447853,151690,43969,ESP,David RAYA,0.0,0.0,0.0,0.0,Goalkeeper
430750,151690,43969,ESP,Dani OLMO,0.0,0.0,1.0,1.0,Forward
411375,151690,43969,ESP,RODRI,0.0,0.0,1.0,0.0,Midfielder
484320,151690,43969,ESP,Lamine YAMAL,0.0,0.0,0.0,1.0,Forward
463282,151690,43934,AUT,Alexander PRASS,0.0,0.0,0.0,0.0,Midfielder
463800,151690,43934,AUT,Carney CHUKWUEMEKA,0.0,0.0,1.0,1.0,Midfielder
441088,151690,43934,AUT,Nicolas SEIWALD,0.0,0.0,0.0,0.0,Midfielder
405263,151690,43934,AUT,Kevin Danso,0.0,0.0,1.0,0.0,Defender
385248,151690,43934,AUT,Florian GRILLITSCH,0.0,0.0,1.0,1.0,Midfielder
520035,151690,43934,AUT,David AFFENGRUBER,0.0,0.0,0.0,0.0,Defender
385259,151690,43934,AUT,Konrad LAIMER,0.0,0.0,0.0,2.0,Midfielder
463283,151690,43934,AUT,Romano SCHMID,0.0,0.0,0.0,0.0,Midfielder
441065,151690,43934,AUT,Patrick PENTZ,0.0,0.0,0.0,0.0,Goalkeeper
441067,151690,43934,AUT,Stefan POSCH,1.0,0.0,1.0,3.0,Defender
358241,151690,43934,AUT,Marcel SABITZER,0.0,0.0,2.0,1.0,Midfielder
520036,151690,43934,AUT,Paul WANNER,0.0,0.0,0.0,2.0,Midfielder
520034,151690,43934,AUT,Florian WIEGELE,0.0,0.0,0.0,0.0,Goalkeeper
299200,151690,43934,AUT,Marko ARNAUTOVIC,0.0,0.0,0.0,2.0,Forward
316002,151690,43934,AUT,David ALABA,0.0,0.0,0.0,2.0,Defender
463288,151690,43934,AUT,Phillip MWENE,0.0,0.0,0.0,0.0,Defender
401131,151690,43934,AUT,Michael Gregoritsch,0.0,0.0,0.0,0.0,Forward
491269,151690,43934,AUT,Michael SVOBODA,0.0,0.0,0.0,0.0,Defender
463286,151690,43934,AUT,Patrick WIMMER,0.0,0.0,0.0,0.0,Forward
371739,151690,43934,AUT,Alexander SCHLAGER,0.0,0.0,1.0,0.0,Goalkeeper
375600,151690,43934,AUT,Alessandro SCHOEPF,0.0,0.0,0.0,0.0,Midfielder
441068,151690,43934,AUT,Dejan LJUBICIC,0.0,0.0,0.0,0.0,Midfielder
430100,151690,43934,AUT,Sasa KALAJDZIC,0.0,0.0,0.0,1.0,Forward
372243,151690,43934,AUT,Philipp Lienhart,0.0,0.0,0.0,0.0,Defender
385531,151690,43934,AUT,Xaver Schlager,0.0,0.0,0.0,0.0,Midfielder
463287,151690,43934,AUT,Marco FRIEDL,0.0,0.0,0.0,0.0,Defender
395216,151691,43963,POR,RUBEN NEVES,0.0,0.0,0.0,0.0,Midfielder
395205,151691,43963,POR,BERNARDO SILVA,0.0,0.0,0.0,0.0,Midfielder
491216,151691,43963,POR,SAMU COSTA,0.0,0.0,0.0,0.0,Defender
418535,151691,43963,POR,JOAO FELIX,0.0,0.0,0.0,0.0,Forward
403001,151691,43963,POR,DIOGO COSTA,0.0,0.0,0.0,0.0,Goalkeeper
395212,151691,43963,POR,NELSON SEMEDO,0.0,0.0,1.0,0.0,Defender
418550,151691,43963,POR,RAFAEL LEAO,0.0,0.0,0.0,0.0,Forward
448081,151691,43963,POR,GONCALO RAMOS,0.0,0.0,0.0,0.0,Forward
441149,151691,43963,POR,VITINHA,0.0,0.0,3.0,1.0,Midfielder
485081,151691,43963,POR,FRANCISCO CONCEICAO,0.0,0.0,0.0,0.0,Forward
433195,151691,43963,POR,NUNO MENDES,0.0,0.0,2.0,0.0,Defender
448092,151691,43963,POR,RUI SILVA,0.0,0.0,0.0,0.0,Goalkeeper
441146,151691,43963,POR,GONCALO INACIO,0.0,0.0,0.0,0.0,Defender
418561,151691,43963,POR,FRANCISCO TRINCAO,0.0,0.0,0.0,0.0,Forward
403002,151691,43963,POR,DIOGO DALOT,0.0,0.0,0.0,0.0,Defender
418548,151691,43963,POR,PEDRO NETO,0.0,0.0,0.0,0.0,Forward
441148,151691,43963,POR,MATHEUS NUNES,0.0,0.0,0.0,0.0,Midfielder
201200,151691,43963,POR,CRISTIANO RONALDO,0.0,0.0,0.0,0.0,Forward
492358,151691,43963,POR,TOMAS ARAUJO,0.0,0.0,0.0,0.0,Defender
395206,151691,43963,POR,BRUNO FERNANDES,0.0,0.0,2.0,0.0,Midfielder
484141,151691,43963,POR,JOAO NEVES,0.0,0.0,1.0,1.0,Midfielder
384751,151691,43963,POR,GONCALO GUEDES,0.0,0.0,0.0,0.0,Forward
368689,151691,43963,POR,JOSE SA,0.0,0.0,0.0,0.0,Goalkeeper
384752,151691,43963,POR,RUBEN DIAS,1.0,0.0,2.0,2.0,Defender
368649,151691,43963,POR,JOAO CANCELO,0.0,0.0,0.0,1.0,Defender
489704,151691,43963,POR,RENATO VEIGA,0.0,0.0,1.0,1.0,Defender
369029,151691,43938,CRO,Dominik LIVAKOVIC,0.0,0.0,0.0,0.0,Goalkeeper
485066,151691,43938,CRO,Petar SUCIC,0.0,0.0,1.0,3.0,Midfielder
482774,151691,43938,CRO,Martin BATURINA,0.0,0.0,0.0,0.0,Midfielder
448160,151691,43938,CRO,Luka SUCIC,0.0,0.0,0.0,0.0,Midfielder
339987,151691,43938,CRO,Mateo KOVACIC,0.0,0.0,1.0,1.0,Midfielder
514526,151691,43938,CRO,Ivor PANDUR,0.0,0.0,0.0,0.0,Goalkeeper
482931,151691,43938,CRO,Marco PASALIC,0.0,0.0,0.0,0.0,Forward
380005,151691,43938,CRO,Mario PASALIC,0.0,0.0,0.0,0.0,Midfielder
433667,151691,43938,CRO,Josip STANISIC,0.0,0.0,0.0,0.0,Defender
448180,151691,43938,CRO,Josko GVARDIOL,0.0,0.0,0.0,0.0,Defender
499290,151691,43938,CRO,Luka VUSKOVIC,0.0,0.0,0.0,0.0,Defender
448174,151691,43938,CRO,Marin PONGRACIC,0.0,0.0,0.0,0.0,Defender
359381,151691,43938,CRO,Ivan PERISIC,1.0,0.0,1.0,1.0,Forward
372424,151691,43938,CRO,Duje CALETA-CAR,0.0,0.0,0.0,0.0,Defender
336472,151691,43938,CRO,Andrej KRAMARIC,0.0,0.0,0.0,0.0,Forward
389753,151691,43938,CRO,Nikola Moro,0.0,0.0,0.0,0.0,Midfielder
485065,151691,43938,CRO,Toni FRUK,0.0,0.0,0.0,0.0,Midfielder
485068,151691,43938,CRO,Igor MATANOVIC,0.0,0.0,0.0,2.0,Forward
241559,151691,43938,CRO,Luka MODRIC,1.0,0.0,0.0,2.0,Midfielder
389754,151691,43938,CRO,Petar Musa,0.0,0.0,0.0,0.0,Forward
389740,151691,43938,CRO,Martin ERLIC,0.0,0.0,0.0,0.0,Defender
430070,151691,43938,CRO,Ante BUDIMIR,0.0,0.0,2.0,1.0,Forward
448179,151691,43938,CRO,Dominik KOTARSKI,0.0,0.0,0.0,0.0,Goalkeeper
448171,151691,43938,CRO,Josip SUTALO,0.0,0.0,1.0,0.0,Defender
409191,151691,43938,CRO,Nikola VLASIC,0.0,0.0,0.0,2.0,Midfielder
448164,151691,43938,CRO,Kristijan JAKIC,0.0,0.0,0.0,0.0,Defender
402021,151689,43971,SUI,Remo FREULER,0.0,0.0,0.0,2.0,Midfielder
433147,151689,43971,SUI,Michel AEBISCHER,0.0,0.0,0.0,0.0,Midfielder
405178,151689,43971,SUI,Manuel AKANJI,0.0,0.0,0.0,0.0,Defender
448124,151689,43971,SUI,Christian FASSNACHT,0.0,0.0,0.0,0.0,Forward
502727,151689,43971,SUI,Johan MANZAMBI,0.0,0.0,2.0,1.0,Midfielder
401448,151689,43971,SUI,Denis ZAKARIA,0.0,0.0,0.0,0.0,Midfielder
398509,151689,43971,SUI,Nico ELVEDI,0.0,0.0,0.0,0.0,Defender
448131,151689,43971,SUI,Ruben VARGAS,0.0,0.0,0.0,1.0,Forward
448103,151689,43971,SUI,Fabian RIEDER,0.0,0.0,0.0,1.0,Midfielder
484864,151689,43971,SUI,Aurele AMENDA,0.0,0.0,0.0,0.0,Defender
448136,151689,43971,SUI,Eray COEMERT,0.0,0.0,0.0,0.0,Defender
448120,151689,43971,SUI,Ardon JASHARI,0.0,0.0,0.0,0.0,Midfielder
393480,151689,43971,SUI,Breel EMBOLO,0.0,0.0,0.0,0.0,Forward
510908,151689,43971,SUI,Luca JAQUEZ,0.0,0.0,0.0,0.0,Defender
411226,151689,43971,SUI,Djibril SOW,0.0,0.0,0.0,0.0,Midfielder
402022,151689,43971,SUI,Yvon MVOGO,0.0,0.0,0.0,0.0,Goalkeeper
311558,151689,43971,SUI,Granit XHAKA,0.0,0.0,5.0,0.0,Midfielder
448114,151689,43971,SUI,Dan NDOYE,0.0,0.0,3.0,1.0,Forward
448107,151689,43971,SUI,Gregor KOBEL,0.0,0.0,0.0,0.0,Goalkeeper
493221,151689,43971,SUI,Miro MUHEIM,0.0,0.0,0.0,0.0,Defender
448127,151689,43971,SUI,Noah OKAFOR,0.0,0.0,0.0,0.0,Forward
448104,151689,43971,SUI,Cedric ITTEN,0.0,0.0,0.0,0.0,Forward
356412,151689,43971,SUI,Silvan WIDMER,0.0,0.0,0.0,0.0,Defender
448112,151689,43971,SUI,Zeki AMDOUNI,0.0,0.0,2.0,1.0,Forward
484862,151689,43971,SUI,Marvin KELLER,0.0,0.0,0.0,0.0,Goalkeeper
313559,151689,43971,SUI,Ricardo RODRIGUEZ,0.0,0.0,0.0,3.0,Defender
477790,151689,43843,ALG,Mohamed AMOURA,0.0,0.0,0.0,0.0,Forward
480983,151689,43843,ALG,Zineddine BELAID,0.0,0.0,0.0,0.0,Defender
520072,151689,43843,ALG,Fares GHEDJEMIS,0.0,0.0,0.0,0.0,Forward
482869,151689,43843,ALG,Jaouen HADJAM,0.0,0.0,0.0,0.0,Defender
511009,151689,43843,ALG,Rafik BELGHALI,0.0,0.0,2.0,1.0,Defender
520071,151689,43843,ALG,Nadhir BENBOUALI,0.0,0.0,0.0,0.0,Forward
433679,151689,43843,ALG,Ramiz ZERROUKI,0.0,0.0,0.0,2.0,Midfielder
482874,151689,43843,ALG,Anis HADJ MOUSSA,0.0,0.0,1.0,0.0,Forward
433600,151689,43843,ALG,Mohamed Amine TOUGAI,0.0,0.0,0.0,0.0,Defender
379939,151689,43843,ALG,Nabil Bentaleb,0.0,0.0,0.0,2.0,Midfielder
376285,151689,43843,ALG,Aissa MANDI,0.0,0.0,0.0,0.0,Defender
512127,151689,43843,ALG,Achref ABADA,0.0,0.0,0.0,0.0,Defender
431858,151689,43843,ALG,Rayan AIT-NOURI,0.0,0.0,1.0,2.0,Defender
379942,151689,43843,ALG,Riyad Mahrez,0.0,0.0,2.0,0.0,Forward
511010,151689,43843,ALG,Samir CHERGUI,0.0,0.0,0.0,0.0,Defender
477795,151689,43843,ALG,Fares CHAIBI,1.0,0.0,0.0,2.0,Midfielder
494291,151689,43843,ALG,Ibrahim MAZA,0.0,0.0,1.0,1.0,Midfielder
441350,151689,43843,ALG,Hicham BOUDAOUI,1.0,0.0,1.0,2.0,Midfielder
430698,151689,43843,ALG,Houssem Aouar,0.0,0.0,1.0,0.0,Midfielder
520070,151689,43843,ALG,Melvin MASTIL,0.0,0.0,0.0,0.0,Goalkeeper
389879,151689,43843,ALG,Luca ZIDANE,0.0,0.0,0.0,0.0,Goalkeeper
433631,151689,43843,ALG,Yassine TITRAOUI,0.0,0.0,0.0,0.0,Midfielder
395113,151689,43843,ALG,Ramy BENSEBAINI,0.0,0.0,1.0,0.0,Defender
477817,151689,43843,ALG,Oussama BENBOT,0.0,0.0,0.0,0.0,Goalkeeper
512132,151689,43843,ALG,Adil BOULBINA,0.0,0.0,0.0,0.0,Forward
405877,151689,43843,ALG,Amine GOUIRI,0.0,0.0,0.0,0.0,Forward
321697,151692,43976,AUS,Mathew LECKIE,0.0,0.0,0.0,0.0,Forward
339117,151692,43976,AUS,Mathew RYAN,,,,,Goalkeeper
430452,151692,43976,AUS,Connor METCALFE,0.0,0.0,0.0,1.0,Midfielder
430437,151692,43976,AUS,Cameron DEVLIN,0.0,0.0,0.0,0.0,Midfielder
349342,151692,43976,AUS,Aziz BEHICH,0.0,0.0,2.0,0.0,Defender
406606,151692,43976,AUS,Awer MABIL,0.0,0.0,1.0,0.0,Forward
504931,151692,43976,AUS,Lucas HERRINGTON,0.0,0.0,0.0,1.0,Defender
339112,151692,43976,AUS,Jason GERIA,0.0,0.0,0.0,0.0,Defender
430450,151692,43976,AUS,Jacob ITALIANO,0.0,0.0,0.0,0.0,Defender
331135,151692,43976,AUS,Paul Izzo,0.0,0.0,0.0,0.0,Goalkeeper
491166,151692,43976,AUS,Nishan VELUPILLAY,0.0,0.0,0.0,0.0,Forward
498806,151692,43976,AUS,Mohamed TOURE,0.0,0.0,1.0,1.0,Forward
448014,151692,43976,AUS,Alessandro CIRCATI,0.0,0.0,2.0,1.0,Defender
494557,151692,43976,AUS,Patrick BEACH,0.0,0.0,0.0,0.0,Goalkeeper
498421,151692,43976,AUS,Paul OKON-ENGSTLER,0.0,0.0,0.0,0.0,Midfielder
494411,151692,43976,AUS,Kai TREWIN,0.0,0.0,1.0,0.0,Defender
355775,151692,43976,AUS,Jackson IRVINE,0.0,0.0,2.0,1.0,Midfielder
486306,151692,43976,AUS,Nestory IRANKUNDA,0.0,0.0,2.0,0.0,Forward
404319,151692,43976,AUS,Ajdin HRUSTIC,0.0,0.0,0.0,1.0,Forward
430442,151692,43976,AUS,Harry SOUTTAR,0.0,0.0,0.0,4.0,Defender
518200,151692,43976,AUS,Tete YENGI,0.0,0.0,0.0,0.0,Forward
331149,151692,43976,AUS,Milos DEGENEK,0.0,0.0,0.0,0.0,Defender
382312,151692,43976,AUS,Cameron BURGESS,0.0,0.0,0.0,0.0,Defender
430440,151692,43976,AUS,Aiden ONEILL,0.0,0.0,2.0,1.0,Midfielder
423522,151692,43976,AUS,Jordan BOS,0.0,0.0,0.0,1.0,Defender
448015,151692,43976,AUS,Cristian VOLPATO,0.0,0.0,1.0,0.0,Forward
416906,151692,43855,EGY,MOSTAFA SHOUBIR,0.0,0.0,0.0,0.0,Goalkeeper
430476,151692,43855,EGY,OMAR MARMOUSH,0.0,0.0,0.0,0.0,Forward
395860,151692,43855,EGY,MAHDY SOLIMAN,0.0,0.0,0.0,0.0,Goalkeeper
424106,151692,43855,EGY,Haissem HASSAN,1.0,0.0,0.0,1.0,Forward
430477,151692,43855,EGY,AHMED FATOUH,0.0,0.0,0.0,0.0,Defender
430482,151692,43855,EGY,EMAM ASHOUR,0.0,0.0,5.0,1.0,Midfielder
433461,151692,43855,EGY,ZIZO,0.0,0.0,0.0,0.0,Forward
483161,151692,43855,EGY,MOSTAFA ZICO,0.0,0.0,1.0,2.0,Midfielder
344661,151692,43855,EGY,RAMY RABIA,0.0,0.0,1.0,1.0,Defender
433466,151692,43855,EGY,NABIL DONGA,0.0,0.0,0.0,0.0,Midfielder
363863,151692,43855,EGY,TREZEGUET,0.0,0.0,0.0,1.0,Forward
416902,151692,43855,EGY,MOHAMED ABDELMONEIM,0.0,0.0,0.0,0.0,Defender
483183,151692,43855,EGY,MAHMOUD SABER,0.0,0.0,0.0,0.0,Midfielder
461788,151692,43855,EGY,MARAWAN ATTIA,0.0,0.0,0.0,1.0,Midfielder
369267,151692,43855,EGY,YASSER IBRAHIM,1.0,0.0,1.0,4.0,Defender
407022,151692,43855,EGY,KARIM HAFEZ,0.0,0.0,1.0,0.0,Defender
512079,151692,43855,EGY,MOHAMED ALAA,0.0,0.0,0.0,0.0,Goalkeeper
344654,151692,43855,EGY,MOHAMED SALAH,0.0,0.0,3.0,0.0,Forward
483182,151692,43855,EGY,HOSSAM ABDELMAGUID,0.0,0.0,0.0,1.0,Defender
495488,151692,43855,EGY,HAMZA ABDELKARIM,0.0,0.0,0.0,1.0,Forward
430465,151692,43855,EGY,IBRAHIM ADEL,0.0,0.0,0.0,0.0,Forward
408948,151692,43855,EGY,MOHAMED ELSHENAWY,0.0,0.0,0.0,0.0,Goalkeeper
408950,151692,43855,EGY,MOHAMED HANY,0.0,0.0,0.0,1.0,Defender
429095,151692,43855,EGY,HAMDY FATHY,0.0,0.0,0.0,0.0,Midfielder
506124,151692,43855,EGY,TAREK ALAA,0.0,0.0,0.0,0.0,Defender
485595,151694,43922,ARG,Giuliano SIMEONE,0.0,0.0,0.0,0.0,Forward
430628,151694,43922,ARG,Alexis MAC ALLISTER,0.0,0.0,1.0,1.0,Midfielder
402934,151694,43922,ARG,Marcos SENESI,0.0,0.0,0.0,0.0,Midfielder
418963,151694,43922,ARG,Facundo MEDINA,0.0,0.0,0.0,0.0,Defender
332847,151694,43922,ARG,Leandro PAREDES,0.0,0.0,0.0,0.0,Midfielder
431196,151694,43922,ARG,Cristian ROMERO,0.0,0.0,1.0,2.0,Defender
395414,151694,43922,ARG,Giovani Lo Celso,0.0,0.0,0.0,0.0,Midfielder
389485,151694,43922,ARG,Exequiel PALACIOS,0.0,0.0,0.0,0.0,Midfielder
310116,151694,43922,ARG,Nicolas OTAMENDI,0.0,0.0,0.0,0.0,Defender
308300,151694,43922,ARG,Emiliano MARTINEZ,0.0,0.0,0.0,0.0,Goalkeeper
416081,151694,43922,ARG,Julian ALVAREZ,0.0,0.0,0.0,1.0,Forward
448252,151694,43922,ARG,Enzo FERNANDEZ,0.0,0.0,2.0,1.0,Midfielder
428882,151694,43922,ARG,Rodrigo DE PAUL,0.0,0.0,0.0,1.0,Midfielder
463661,151694,43922,ARG,Valentin BARCO,0.0,0.0,0.0,0.0,Midfielder
430631,151694,43922,ARG,Nico GONZALEZ,0.0,0.0,0.0,1.0,Midfielder
229397,151694,43922,ARG,Lionel MESSI,0.0,0.0,5.0,1.0,Forward
402926,151694,43922,ARG,Gonzalo MONTIEL,1.0,0.0,0.0,1.0,Defender
430624,151694,43922,ARG,Juan MUSSO,0.0,0.0,0.0,0.0,Goalkeeper
495054,151694,43922,ARG,Jose Manuel LOPEZ,0.0,0.0,0.0,0.0,Forward
418975,151694,43922,ARG,Thiago ALMADA,0.0,0.0,1.0,1.0,Forward
402921,151694,43922,ARG,Lisandro MARTINEZ,0.0,0.0,0.0,0.0,Defender
308322,151694,43922,ARG,Nicolas TAGLIAFICO,0.0,0.0,2.0,0.0,Defender
406281,151694,43850,CPV,CJ DOS SANTOS,0.0,0.0,0.0,0.0,Goalkeeper
402925,151694,43922,ARG,Nahuel MOLINA,0.0,0.0,0.0,1.0,Defender
402920,151694,43922,ARG,Lautaro MARTINEZ,0.0,0.0,0.0,2.0,Forward
441422,151694,43922,ARG,Nico PAZ,0.0,0.0,0.0,0.0,Forward
394824,151694,43922,ARG,Geronimo RULLI,0.0,0.0,0.0,0.0,Goalkeeper
494314,151694,43850,CPV,TELMO ARCANJO,0.0,0.0,0.0,0.0,Midfielder
482780,151694,43850,CPV,KELVIN PIRES,0.0,0.0,0.0,0.0,Defender
477827,151694,43850,CPV,DEROY DUARTE,0.0,0.0,0.0,3.0,Midfielder
482783,151694,43850,CPV,WAGNER PINA,0.0,0.0,0.0,0.0,Defender
355642,151694,43850,CPV,RYAN MENDES,0.0,0.0,0.0,0.0,Forward
407114,151694,43850,CPV,MARCIO ROSA,0.0,0.0,0.0,0.0,Goalkeeper
480966,151694,43850,CPV,LAROS DUARTE,0.0,0.0,1.0,0.0,Midfielder
297266,151694,43850,CPV,STOPIRA,0.0,0.0,0.0,0.0,Defender
477770,151694,43850,CPV,PICO LOPES,0.0,0.0,1.0,0.0,Defender
477847,151694,43850,CPV,STEVEN MOREIRA,0.0,0.0,2.0,0.0,Defender
477831,151694,43850,CPV,LOGAN COSTA,0.0,0.0,0.0,0.0,Defender
373344,151694,43850,CPV,GARRY RODRIGUES,0.0,0.0,0.0,0.0,Midfielder
494313,151694,43850,CPV,YANNICK SEMEDO,0.0,0.0,0.0,0.0,Midfielder
401894,151694,43850,CPV,JAMIRO MONTEIRO,0.0,0.0,1.0,2.0,Midfielder
409241,151694,43850,CPV,DINEY BORGES,0.0,0.0,0.0,1.0,Defender
433724,151694,43850,CPV,WILLY SEMEDO,0.0,0.0,0.0,2.0,Midfielder
477849,151694,43850,CPV,HELIO VARELA,0.0,0.0,1.0,0.0,Midfielder
477862,151694,43850,CPV,GILSON BENCHIMOL,0.0,0.0,0.0,0.0,Forward
477832,151694,43850,CPV,SIDNY LOPES CABRAL,0.0,0.0,2.0,0.0,Defender
477852,151694,43850,CPV,KEVIN PINA,1.0,0.0,0.0,2.0,Midfielder
477856,151694,43850,CPV,JOVANE CABRAL,0.0,0.0,2.0,1.0,Midfielder
401893,151694,43850,CPV,NUNO DA COSTA,0.0,0.0,0.0,0.0,Midfielder
482782,151694,43850,CPV,DAILON LIVRAMENTO,0.0,0.0,0.0,1.0,Forward
477855,151694,43850,CPV,JOAO PAULO,0.0,0.0,0.0,0.0,Midfielder
364752,151694,43850,CPV,VOZINHA,0.0,0.0,2.0,0.0,Goalkeeper
492189,151693,43926,COL,Andres GOMEZ,0.0,0.0,0.0,0.0,Forward
431200,151693,43926,COL,Daniel MUNOZ,0.0,0.0,0.0,1.0,Defender
228686,151693,43926,COL,David OSPINA,0.0,0.0,0.0,0.0,Goalkeeper
385998,151693,43926,COL,Alvaro MONTERO,0.0,0.0,0.0,0.0,Goalkeeper
425580,151693,43926,COL,Jorge CARRASCAL,0.0,0.0,0.0,0.0,Midfielder
394500,151693,43926,COL,Johan MOJICA,0.0,0.0,1.0,0.0,Defender
269058,151693,43926,COL,James RODRIGUEZ,0.0,0.0,0.0,0.0,Midfielder
476345,151693,43926,COL,Willer DITTA,0.0,0.0,0.0,0.0,Defender
394376,151693,43926,COL,Deiver MACHADO,0.0,0.0,0.0,0.0,Defender
386013,151693,43926,COL,Davinson SANCHEZ,0.0,0.0,2.0,1.0,Defender
441622,151693,43926,COL,Jhon LUCUMI,0.0,0.0,0.0,0.0,Defender
360642,151693,43926,COL,Camilo VARGAS,0.0,0.0,0.0,0.0,Goalkeeper
405755,151693,43926,COL,Jaminton CAMPAZ,0.0,0.0,0.0,0.0,Forward
395550,151693,43926,COL,Jefferson LERMA,0.0,0.0,1.0,0.0,Midfielder
470759,151693,43926,COL,Kevin CASTANO,0.0,0.0,0.0,0.0,Midfielder
356704,151693,43926,COL,Juan QUINTERO,0.0,0.0,0.0,0.0,Midfielder
463902,151693,43926,COL,Gustavo PUERTA,0.0,0.0,3.0,3.0,Defender
395552,151693,43926,COL,Yerry MINA,0.0,0.0,0.0,0.0,Defender
473050,151693,43926,COL,Richard RIOS,1.0,0.0,1.0,3.0,Midfielder
470760,151693,43926,COL,Jhon ARIAS,1.0,0.0,0.0,1.0,Midfielder
489849,151693,43926,COL,Juan PORTILLA,0.0,0.0,0.0,0.0,Midfielder
428905,151693,43926,COL,Luis SUAREZ,0.0,0.0,2.0,4.0,Forward
369530,151693,43926,COL,Jhon CORDOBA,0.0,0.0,0.0,0.0,Forward
315614,151693,43926,COL,Santiago ARIAS,0.0,0.0,0.0,0.0,Defender
418881,151693,43926,COL,Cucho HERNANDEZ,0.0,0.0,0.0,0.0,Forward
428886,151693,43926,COL,Luis DIAZ,0.0,0.0,0.0,1.0,Forward
353235,151693,43860,GHA,Jordan AYEW,0.0,0.0,2.0,0.0,Forward
441336,151693,43860,GHA,Abdul MUMIN,0.0,0.0,0.0,0.0,Defender
520039,151693,43860,GHA,Marvin SENAYA,0.0,0.0,0.0,0.0,Defender
511022,151693,43860,GHA,Kojo Peprah OPPONG,0.0,0.0,0.0,0.0,Defender
506279,151693,43860,GHA,Caleb YIRENKYI,1.0,0.0,0.0,2.0,Midfielder
448522,151693,43860,GHA,Alidu SEIDU,1.0,0.0,0.0,1.0,Defender
448523,151693,43860,GHA,Kamaldeen SULEMANA,0.0,0.0,0.0,0.0,Forward
506277,151693,43860,GHA,Joseph ANANG,0.0,0.0,0.0,0.0,Goalkeeper
486150,151693,43860,GHA,Jerome OPOKU,0.0,0.0,1.0,1.0,Defender
386473,151693,43860,GHA,Lawrence Ati ZIGI,0.0,0.0,0.0,0.0,Goalkeeper
523173,151693,43860,GHA,Augustine BOAKYE,0.0,0.0,0.0,0.0,Midfielder
494349,151693,43860,GHA,Benjamin ASARE,0.0,0.0,0.0,0.0,Goalkeeper
494350,151693,43860,GHA,Christopher Bonsu BAAH,0.0,0.0,0.0,0.0,Forward
369089,151693,43860,GHA,Thomas PARTEY,0.0,0.0,2.0,0.0,Midfielder
448531,151693,43860,GHA,Antoine SEMENYO,0.0,0.0,3.0,1.0,Midfielder
411376,151693,43860,GHA,Inaki WILLIAMS,0.0,0.0,1.0,0.0,Forward
520037,151693,43860,GHA,Derrick LUCKASSEN,0.0,0.0,1.0,1.0,Defender
486213,151693,43860,GHA,Brandon THOMAS-ASANTE,0.0,0.0,0.0,0.0,Forward
367536,151693,43860,GHA,Baba RAHMAN,0.0,0.0,0.0,0.0,Defender
514401,151693,43860,GHA,Prince ADU,0.0,0.0,0.0,1.0,Forward
507253,151693,43860,GHA,Kwasi SIBO,0.0,0.0,1.0,0.0,Midfielder
494351,151693,43860,GHA,Jonas ADJETEY,0.0,0.0,0.0,0.0,Defender
441341,151693,43860,GHA,Elisha OWUSU,0.0,0.0,0.0,0.0,Midfielder
441333,151693,43860,GHA,Gideon MENSAH,0.0,0.0,0.0,0.0,Defender
441342,151693,43860,GHA,Abdul FATAWU,1.0,0.0,2.0,1.0,Forward
448525,151693,43860,GHA,Ernest NUAMAH,0.0,0.0,1.0,2.0,Forward
448390,151695,43899,CAN,Mathieu CHOINIERE,0.0,0.0,0.0,0.0,Midfielder
441252,151695,43899,CAN,Alistair JOHNSTON,0.0,0.0,0.0,1.0,Defender
390670,151695,43899,CAN,Cyle LARIN,1.0,0.0,0.0,2.0,Forward
441258,151695,43899,CAN,Ismael KONE,0.0,0.0,0.0,0.0,Midfielder
423941,151695,43899,CAN,Nathan SALIBA,0.0,0.0,0.0,0.0,Midfielder
463817,151695,43899,CAN,Owen GOODMAN,0.0,0.0,0.0,0.0,Goalkeeper
466585,151695,43899,CAN,Moise BOMBITO,0.0,0.0,0.0,1.0,Defender
431696,151695,43899,CAN,Richie LARYEA,1.0,0.0,2.0,2.0,Defender
480322,151695,43899,CAN,Luc DE FOUGEROLLES,1.0,0.0,2.0,3.0,Defender
448411,151695,43899,CAN,Jacob SHAFFELBURG,0.0,0.0,1.0,1.0,Midfielder
441257,151695,43899,CAN,Jonathan DAVID,1.0,0.0,1.0,3.0,Forward
493970,151695,43899,CAN,Promise DAVID,0.0,0.0,1.0,2.0,Forward
433635,151695,43899,CAN,Stephen EUSTAQUIO,0.0,0.0,1.0,0.0,Midfielder
331732,151695,43899,CAN,Maxime CREPEAU,0.0,0.0,0.0,1.0,Goalkeeper
371958,151695,43899,CAN,Derek CORNELIUS,0.0,0.0,0.0,0.0,Defender
466687,151695,43899,CAN,Ali AHMED,0.0,0.0,2.0,1.0,Forward
448402,151695,43899,CAN,Joel WATERMAN,0.0,0.0,0.0,0.0,Defender
486929,151695,43899,CAN,Tani OLUWASEYI,0.0,0.0,1.0,2.0,Forward
441259,151695,43899,CAN,Liam MILLAR,0.0,0.0,0.0,0.0,Midfielder
412144,151695,43899,CAN,Alphonso DAVIES,0.0,0.0,0.0,0.0,Defender
441255,151695,43899,CAN,Dayne ST. CLAIR,0.0,0.0,0.0,0.0,Goalkeeper
485064,151695,43899,CAN,Niko SIGUR,0.0,0.0,1.0,2.0,Defender
430138,151695,43899,CAN,Tajon BUCHANAN,0.0,0.0,0.0,3.0,Forward
370986,151695,43899,CAN,Jonathan OSORIO,0.0,0.0,1.0,0.0,Midfielder
423933,151695,43899,CAN,Jayden Nelson,0.0,0.0,0.0,0.0,Forward
514070,151695,43899,CAN,Alfie JONES,0.0,0.0,0.0,0.0,Defender
505097,151695,43872,MAR,Samir EL MOURABET,0.0,0.0,0.0,0.0,Midfielder
485767,151695,43872,MAR,Redouane HALHAL,1.0,0.0,2.0,2.0,Defender
433426,151695,43872,MAR,Soufiane RAHIMI,0.0,0.0,2.0,2.0,Forward
395760,151695,43872,MAR,Marwane SAADANE,0.0,0.0,1.0,0.0,Defender
485756,151695,43872,MAR,Zakaria EL OUAHDI,0.0,0.0,0.0,0.0,Defender
403083,151695,43872,MAR,Issa Diop,0.0,0.0,1.0,0.0,Defender
448612,151695,43872,MAR,Bilal EL KHANNOUSS,1.0,0.0,1.0,2.0,Midfielder
424071,151695,43872,MAR,Anass SALAH EDDINE,0.0,0.0,0.0,0.0,Defender
430740,151695,43872,MAR,Brahim DIAZ,0.0,0.0,1.0,2.0,Forward
441307,151695,43872,MAR,Azzedine OUNAHI,1.0,0.0,4.0,1.0,Midfielder
523288,151695,43872,MAR,Ayoube AMAIMOUNI,0.0,0.0,0.0,0.0,Forward
494293,151695,43872,MAR,Chemsdine TALBI,0.0,0.0,0.0,0.0,Midfielder
494742,151695,43872,MAR,Youssef BELAMMARI,0.0,0.0,0.0,0.0,Defender
485760,151695,43872,MAR,Ayyoub BOUADDI,0.0,0.0,2.0,0.0,Midfielder
448598,151695,43872,MAR,Ismael SAIBARI,0.0,0.0,0.0,0.0,Midfielder
411680,151695,43872,MAR,Noussair MAZRAOUI,0.0,0.0,4.0,0.0,Defender
448607,151695,43872,MAR,Chadi RIAD,0.0,0.0,0.0,0.0,Defender
356956,151695,43872,MAR,Yassine BOUNOU,0.0,0.0,2.0,0.0,Goalkeeper
395755,151695,43872,MAR,Munir EL KAJOUI,0.0,0.0,0.0,0.0,Goalkeeper
524320,151695,43872,MAR,Amine SBAI,0.0,0.0,0.0,0.0,Forward
485740,151695,43872,MAR,Neil EL AYNAOUI,0.0,0.0,0.0,0.0,Midfielder
400721,151695,43872,MAR,Achraf HAKIMI,1.0,0.0,2.0,2.0,Defender
372266,151695,43872,MAR,Sofyan AMRABAT,0.0,0.0,1.0,3.0,Midfielder
371553,151695,43872,MAR,Ahmed Reda TAGNAOUTI,0.0,0.0,0.0,0.0,Goalkeeper
411678,151695,43872,MAR,Ayoub El Kaabi,0.0,0.0,0.0,0.0,Forward
505112,151695,43872,MAR,Gessime YASSINE,0.0,0.0,0.0,0.0,Midfielder
369768,151696,43928,PAR,Antonio SANABRIA,0.0,0.0,0.0,0.0,Forward
424422,151696,43928,PAR,Matias GALARZA,0.0,0.0,3.0,3.0,Midfielder
431202,151696,43928,PAR,Omar ALDERETE,0.0,0.0,0.0,0.0,Defender
520066,151696,43928,PAR,Jose CANALE,0.0,0.0,0.0,0.0,Defender
486875,151696,43928,PAR,Gustavo VELAZQUEZ,0.0,0.0,0.0,2.0,Defender
495046,151696,43928,PAR,MAURICIO,0.0,0.0,1.0,0.0,Midfielder
463125,151696,43928,PAR,Ramon SOSA,0.0,0.0,0.0,0.0,Midfielder
406205,151696,43928,PAR,Braian OJEDA,0.0,0.0,0.0,0.0,Midfielder
318647,151696,43928,PAR,Gatito FERNANDEZ,0.0,0.0,0.0,0.0,Goalkeeper
394829,151696,43928,PAR,Fabian BALBUENA,0.0,0.0,0.0,0.0,Defender
386458,151696,43928,PAR,Alejandro ROMERO GAMARRA,0.0,0.0,0.0,0.0,Forward
489417,151696,43928,PAR,Isidro PITTA,0.0,0.0,0.0,0.0,Forward
463128,151696,43928,PAR,Diego GOMEZ,0.0,0.0,0.0,1.0,Midfielder
485802,151696,43928,PAR,Alex ARCE,0.0,0.0,0.0,0.0,Forward
369744,151696,43928,PAR,Gustavo GOMEZ,0.0,0.0,1.0,0.0,Defender
369749,151696,43928,PAR,Junior ALONSO,0.0,0.0,0.0,0.0,Defender
479601,151696,43928,PAR,Juan Jose CACERES,0.0,0.0,3.0,1.0,Defender
385306,151696,43928,PAR,Andres CUBAS,0.0,0.0,0.0,2.0,Midfielder
369761,151696,43928,PAR,Miguel ALMIRON,0.0,0.0,2.0,0.0,Midfielder
447991,151696,43928,PAR,Gaston OLVEIRA,0.0,0.0,0.0,0.0,Goalkeeper
464127,151696,43946,FRA,Robin RISSER,0.0,0.0,0.0,0.0,Goalkeeper
441234,151696,43928,PAR,Julio ENCISO,0.0,0.0,1.0,1.0,Forward
505495,151696,43928,PAR,Alexandro MAIDANA,0.0,0.0,0.0,0.0,Defender
476348,151696,43928,PAR,Damian BOBADILLA,0.0,0.0,0.0,0.0,Midfielder
485804,151696,43928,PAR,Gustavo CABALLERO,0.0,0.0,0.0,2.0,Midfielder
494531,151696,43928,PAR,Orlando GILL,,,,,Goalkeeper
463127,151696,43928,PAR,Gabriel AVALOS,0.0,0.0,0.0,1.0,Forward
485677,151696,43946,FRA,Manu KONE,1.0,0.0,2.0,2.0,Midfielder
405893,151696,43946,FRA,Aurelien TCHOUAMENI,0.0,0.0,0.0,0.0,Midfielder
403094,151696,43946,FRA,Jean-Philippe MATETA,0.0,0.0,0.0,0.0,Forward
398681,151696,43946,FRA,Ngolo KANTE,0.0,0.0,0.0,0.0,Midfielder
448332,151696,43946,FRA,Mike MAIGNAN,0.0,0.0,1.0,0.0,Goalkeeper
483549,151696,43946,FRA,Warren ZAIRE-EMERY,0.0,0.0,0.0,0.0,Midfielder
408042,151696,43946,FRA,Theo HERNANDEZ,0.0,0.0,0.0,0.0,Defender
464114,151696,43946,FRA,Desire DOUE,0.0,0.0,1.0,1.0,Forward
485666,151696,43946,FRA,Maghnes AKLIOUCHE,0.0,0.0,0.0,0.0,Midfielder
483471,151696,43946,FRA,Brice SAMBA,0.0,0.0,0.0,0.0,Goalkeeper
389867,151696,43946,FRA,Kylian MBAPPE,0.0,0.0,3.0,1.0,Forward
419166,151696,43946,FRA,Ibrahima KONATE,0.0,0.0,0.0,0.0,Defender
484860,151696,43946,FRA,Bradley BARCOLA,1.0,0.0,0.0,2.0,Forward
430707,151696,43946,FRA,Jules KOUNDE,0.0,0.0,1.0,0.0,Defender
411470,151696,43946,FRA,Lucas HERNANDEZ,0.0,0.0,0.0,0.0,Defender
419177,151696,43946,FRA,William SALIBA,0.0,0.0,0.0,1.0,Defender
431861,151696,43946,FRA,Rayan CHERKI,0.0,0.0,0.0,0.0,Midfielder
402047,151696,43946,FRA,Adrien RABIOT,0.0,0.0,1.0,0.0,Midfielder
403109,151696,43946,FRA,Marcus THURAM,0.0,0.0,0.0,0.0,Forward
398680,151696,43946,FRA,Ousmane DEMBELE,0.0,0.0,0.0,0.0,Forward
389876,151696,43946,FRA,Dayot UPAMECANO,0.0,0.0,2.0,1.0,Defender
405881,151696,43946,FRA,Maxence Lacroix,0.0,0.0,0.0,0.0,Defender
464055,151696,43946,FRA,Malo GUSTO,0.0,0.0,0.0,0.0,Defender
485655,151696,43946,FRA,Michael OLISE,1.0,0.0,3.0,2.0,Forward
368860,151696,43946,FRA,Lucas Digne,0.0,0.0,0.0,1.0,Defender
433872,151698,43924,BRA,RAPHINHA,0.0,0.0,0.0,0.0,Forward
308386,151698,43924,BRA,CASEMIRO,0.0,0.0,2.0,1.0,Midfielder
431889,151698,43924,BRA,BREMER,0.0,0.0,0.0,0.0,Defender
430594,151698,43924,BRA,ROGER IBANEZ,0.0,0.0,0.0,0.0,Defender
314197,151698,43924,BRA,NEYMAR JR,1.0,0.0,0.0,1.0,Forward
332946,151698,43924,BRA,MARQUINHOS,0.0,0.0,1.0,0.0,Defender
308370,151698,43924,BRA,ALISSON,0.0,0.0,0.0,0.0,Goalkeeper
463746,151698,43924,BRA,ENDRICK,0.0,0.0,0.0,0.0,Forward
371956,151698,43924,BRA,LEO PEREIRA,0.0,0.0,0.0,0.0,Defender
335658,151698,43924,BRA,ALEX SANDRO,0.0,0.0,0.0,0.0,Defender
430601,151698,43924,BRA,GABRIEL MAGALHAES,0.0,0.0,0.0,0.0,Defender
405742,151698,43924,BRA,VINICIUS JUNIOR,0.0,0.0,1.0,0.0,Forward
396315,151698,43924,BRA,WEVERTON,0.0,0.0,0.0,0.0,Goalkeeper
430597,151698,43924,BRA,GABRIEL MARTINELLI,0.0,0.0,1.0,1.0,Forward
411726,151698,43924,BRA,LUCAS PAQUETA,0.0,0.0,0.0,0.0,Midfielder
335656,151698,43924,BRA,DANILO,0.0,0.0,0.0,1.0,Defender
395427,151698,43924,BRA,EDERSON,0.0,0.0,0.0,0.0,Goalkeeper
367981,151698,43924,BRA,DOUGLAS SANTOS,0.0,0.0,0.0,0.0,Defender
475036,151698,43924,BRA,RAYAN,0.0,0.0,0.0,2.0,Forward
519836,151698,43924,BRA,IGOR THIAGO,0.0,0.0,0.0,0.0,Forward
394456,151698,43924,BRA,FABINHO,0.0,0.0,0.0,0.0,Midfielder
430609,151698,43924,BRA,MATHEUS CUNHA,0.0,0.0,1.0,0.0,Forward
448420,151698,43924,BRA,LUIZ HENRIQUE,0.0,0.0,0.0,0.0,Forward
485069,151698,43924,BRA,EDERSON SILVA,0.0,0.0,0.0,0.0,Midfielder
430605,151698,43924,BRA,BRUNO GUIMARAES,0.0,0.0,0.0,1.0,Midfielder
429392,151698,43924,BRA,DANILO SANTOS,0.0,0.0,0.0,0.0,Midfielder
373235,151698,43961,NOR,Orjan NYLAND,0.0,0.0,0.0,0.0,Goalkeeper
520112,151698,43961,NOR,Henrik FALCHENER,0.0,0.0,0.0,0.0,Defender
483442,151698,43961,NOR,Patrick BERG,0.0,0.0,1.0,0.0,Midfielder
514479,151698,43961,NOR,Sander TANGVIK,0.0,0.0,0.0,0.0,Goalkeeper
483516,151698,43961,NOR,Kristoffer AJER,0.0,0.0,0.0,1.0,Defender
477470,151698,43961,NOR,Oscar BOBB,0.0,0.0,1.0,0.0,Midfielder
483535,151698,43961,NOR,Egil SELVIK,0.0,0.0,0.0,0.0,Goalkeeper
483448,151698,43961,NOR,Antonio NUSA,0.0,0.0,1.0,0.0,Forward
483505,151698,43961,NOR,David MOLLER WOLFE,0.0,0.0,1.0,0.0,Defender
494625,151698,43961,NOR,Marcus HOLMGREN PEDERSEN,0.0,0.0,0.0,0.0,Defender
398588,151698,43961,NOR,Alexander SORLOTH,0.0,0.0,0.0,0.0,Forward
483496,151698,43961,NOR,Julian RYERSON,0.0,0.0,0.0,2.0,Forward
419672,151698,43961,NOR,Leo OSTIGARD,0.0,0.0,0.0,1.0,Defender
419681,151698,43961,NOR,Kristian Thorstvedt,0.0,0.0,0.0,0.0,Midfielder
483530,151698,43961,NOR,Fredrik Andre BJORKAN,0.0,0.0,0.0,0.0,Defender
489696,151698,43961,NOR,Sondre LANGAS,0.0,0.0,0.0,0.0,Defender
491244,151698,43961,NOR,Torbjorn HEGGEM,0.0,0.0,0.0,1.0,Defender
494626,151698,43961,NOR,Andreas SCHJELDERUP,0.0,0.0,0.0,0.0,Midfielder
400716,151698,43961,NOR,Martin ODEGAARD,0.0,0.0,1.0,0.0,Midfielder
433067,151698,43961,NOR,Morten Thorsby,0.0,0.0,0.0,0.0,Midfielder
419652,151698,43961,NOR,Erling HAALAND,0.0,0.0,0.0,1.0,Forward
419654,151698,43961,NOR,Jens Petter HAUGE,0.0,0.0,0.0,0.0,Midfielder
419662,151698,43961,NOR,Jorgen STRAND LARSEN,0.0,0.0,0.0,0.0,Forward
494627,151698,43961,NOR,Thelo AASGAARD,0.0,0.0,0.0,0.0,Midfielder
404645,151698,43961,NOR,Sander BERGE,0.0,0.0,1.0,0.0,Midfielder
483497,151698,43961,NOR,Fredrik AURSNES,0.0,0.0,0.0,0.0,Midfielder
441261,151697,43911,MEX,Israel REYES,0.0,0.0,0.0,0.0,Defender
402772,151697,43911,MEX,Jesus GALLARDO,0.0,0.0,2.0,2.0,Defender
416576,151697,43911,MEX,Alvaro FIDALGO,0.0,0.0,0.0,0.0,Midfielder
500038,151697,43911,MEX,Mateo CHAVEZ,0.0,0.0,0.0,0.0,Defender
430766,151697,43911,MEX,Alexis VEGA,0.0,0.0,0.0,0.0,Forward
430759,151697,43911,MEX,Santiago GIMENEZ,0.0,0.0,0.0,0.0,Forward
448051,151697,43911,MEX,Luis CHAVEZ,0.0,0.0,0.0,0.0,Midfielder
400634,151697,43911,MEX,Edson ALVAREZ,0.0,0.0,0.0,1.0,Defender
419518,151697,43911,MEX,Erik LIRA,0.0,0.0,1.0,1.0,Midfielder
403585,151697,43911,MEX,Roberto ALVARADO,0.0,0.0,1.0,0.0,Forward
403596,151697,43911,MEX,Jorge SANCHEZ,1.0,0.0,0.0,2.0,Defender
441260,151697,43911,MEX,Carlos ACEVEDO,0.0,0.0,0.0,0.0,Goalkeeper
485070,151697,43911,MEX,Raul RANGEL,,,,,Goalkeeper
425701,151697,43911,MEX,Johan VASQUEZ,1.0,0.0,0.0,0.0,Defender
395516,151697,43911,MEX,Cesar MONTES,0.0,0.0,0.0,1.0,Defender
429157,151697,43911,MEX,Julian QUINONES,0.0,0.0,0.0,0.0,Forward
356731,151697,43911,MEX,Raul JIMENEZ,0.0,0.0,0.0,3.0,Forward
406135,151697,43911,MEX,Cesar HUERTA,0.0,0.0,0.0,0.0,Forward
461177,151697,43911,MEX,Obed VARGAS,0.0,0.0,0.0,0.0,Midfielder
215285,151697,43911,MEX,Guillermo OCHOA,0.0,0.0,0.0,0.0,Goalkeeper
500037,151697,43911,MEX,Gilberto MORA,0.0,0.0,0.0,2.0,Midfielder
514336,151697,43911,MEX,Armando GONZALEZ,0.0,0.0,0.0,0.0,Forward
372090,151697,43911,MEX,Orbelin PINEDA,0.0,0.0,0.0,0.0,Midfielder
464533,151697,43911,MEX,Brian GUTIERREZ,0.0,0.0,1.0,1.0,Midfielder
430763,151697,43911,MEX,Luis ROMO,0.0,0.0,1.0,0.0,Midfielder
386339,151697,43911,MEX,Guillermo MARTINEZ,0.0,0.0,0.0,0.0,Forward
336022,151697,43942,ENG,Jordan PICKFORD,0.0,0.0,0.0,0.0,Goalkeeper
482621,151697,43942,ENG,Kobbie MAINOO,0.0,0.0,0.0,0.0,Midfielder
356189,151697,43942,ENG,Jordan HENDERSON,1.0,0.0,0.0,0.0,Midfielder
448196,151697,43942,ENG,Bukayo SAKA,0.0,0.0,1.0,2.0,Forward
401470,151697,43942,ENG,Marcus RASHFORD,0.0,0.0,0.0,0.0,Forward
494345,151697,43942,ENG,Dan BURN,0.0,0.0,0.0,0.0,Defender
473113,151697,43942,ENG,Eberechi EZE,0.0,0.0,0.0,0.0,Midfielder
448202,151697,43942,ENG,Jude BELLINGHAM,0.0,0.0,2.0,1.0,Midfielder
439641,151697,43942,ENG,Reece JAMES,0.0,0.0,0.0,0.0,Defender
403049,151697,43942,ENG,Ezri KONSA,0.0,0.0,3.0,0.0,Defender
489732,151697,43942,ENG,Noni MADUEKE,0.0,0.0,0.0,0.0,Forward
448198,151697,43942,ENG,Ivan TONEY,0.0,0.0,0.0,0.0,Forward
433097,151697,43942,ENG,Declan RICE,1.0,0.0,0.0,1.0,Midfielder
492716,151697,43942,ENG,Morgan ROGERS,0.0,0.0,0.0,0.0,Midfielder
485080,151697,43942,ENG,James TRAFFORD,0.0,0.0,0.0,0.0,Goalkeeper
405841,151697,43942,ENG,Marc GUEHI,1.0,0.0,1.0,0.0,Defender
369419,151697,43942,ENG,Harry KANE,0.0,0.0,1.0,2.0,Forward
403046,151697,43942,ENG,Dean Henderson,0.0,0.0,0.0,0.0,Goalkeeper
506329,151697,43942,ENG,Djed SPENCE,0.0,0.0,0.0,0.0,Defender
481610,151697,43942,ENG,Elliot ANDERSON,0.0,0.0,0.0,0.0,Midfielder
463780,151697,43942,ENG,Nico OREILLY,1.0,0.0,1.0,0.0,Defender
369434,151697,43942,ENG,John STONES,0.0,0.0,0.0,0.0,Defender
448203,151697,43942,ENG,Ollie WATKINS,0.0,0.0,0.0,0.0,Forward
463809,151697,43942,ENG,Jarell QUANSAH,0.0,1.0,0.0,1.0,Defender
448189,151697,43942,ENG,Anthony GORDON,0.0,0.0,4.0,0.0,Forward
418548,151700,43963,POR,PEDRO NETO,0.0,0.0,1.0,1.0,Forward
491216,151700,43963,POR,SAMU COSTA,0.0,0.0,0.0,0.0,Defender
418561,151700,43963,POR,FRANCISCO TRINCAO,0.0,0.0,0.0,0.0,Forward
441149,151700,43963,POR,VITINHA,0.0,0.0,0.0,0.0,Midfielder
484141,151700,43963,POR,JOAO NEVES,0.0,0.0,1.0,0.0,Midfielder
418550,151700,43963,POR,RAFAEL LEAO,0.0,0.0,0.0,0.0,Forward
441146,151700,43963,POR,GONCALO INACIO,0.0,0.0,0.0,0.0,Defender
368649,151700,43963,POR,JOAO CANCELO,0.0,0.0,0.0,1.0,Defender
368689,151700,43963,POR,JOSE SA,0.0,0.0,0.0,0.0,Goalkeeper
384751,151700,43963,POR,GONCALO GUEDES,0.0,0.0,0.0,0.0,Forward
418535,151700,43963,POR,JOAO FELIX,0.0,0.0,4.0,2.0,Forward
395212,151700,43963,POR,NELSON SEMEDO,0.0,0.0,1.0,1.0,Defender
403001,151700,43963,POR,DIOGO COSTA,0.0,0.0,0.0,0.0,Goalkeeper
384752,151700,43963,POR,RUBEN DIAS,0.0,0.0,0.0,1.0,Defender
395206,151700,43963,POR,BRUNO FERNANDES,0.0,0.0,1.0,0.0,Midfielder
492358,151700,43963,POR,TOMAS ARAUJO,0.0,0.0,0.0,0.0,Defender
403002,151700,43963,POR,DIOGO DALOT,0.0,0.0,0.0,0.0,Defender
448081,151700,43963,POR,GONCALO RAMOS,0.0,0.0,0.0,0.0,Forward
448092,151700,43963,POR,RUI SILVA,0.0,0.0,0.0,0.0,Goalkeeper
441148,151700,43963,POR,MATHEUS NUNES,0.0,0.0,0.0,0.0,Midfielder
433195,151700,43963,POR,NUNO MENDES,0.0,0.0,1.0,0.0,Defender
395216,151700,43963,POR,RUBEN NEVES,0.0,0.0,0.0,0.0,Midfielder
489704,151700,43963,POR,RENATO VEIGA,1.0,0.0,0.0,1.0,Defender
485081,151700,43963,POR,FRANCISCO CONCEICAO,0.0,0.0,1.0,0.0,Forward
395205,151700,43963,POR,BERNARDO SILVA,1.0,0.0,0.0,2.0,Midfielder
201200,151700,43963,POR,CRISTIANO RONALDO,0.0,0.0,2.0,0.0,Forward
430751,151700,43969,ESP,Mikel OYARZABAL,0.0,0.0,0.0,0.0,Forward
423658,151700,43969,ESP,Yeremy PINO,0.0,0.0,0.0,0.0,Forward
492859,151700,43969,ESP,Victor MUNOZ,0.0,0.0,0.0,0.0,Forward
447864,151700,43969,ESP,Borja IGLESIAS,0.0,0.0,0.0,0.0,Forward
411375,151700,43969,ESP,RODRI,0.0,0.0,0.0,1.0,Midfielder
405545,151700,43969,ESP,Ferran TORRES,1.0,0.0,0.0,1.0,Forward
382739,151700,43969,ESP,Marcos LLORENTE,0.0,0.0,0.0,0.0,Defender
423646,151700,43969,ESP,PEDRI,0.0,0.0,0.0,1.0,Midfielder
447866,151700,43969,ESP,GAVI,0.0,0.0,0.0,0.0,Midfielder
447860,151700,43969,ESP,Alex BAENA,0.0,0.0,1.0,1.0,Midfielder
430733,151700,43969,ESP,Mikel MERINO,0.0,0.0,2.0,0.0,Midfielder
430753,151700,43969,ESP,Unai SIMON,0.0,0.0,0.0,0.0,Goalkeeper
447853,151700,43969,ESP,David RAYA,0.0,0.0,0.0,0.0,Goalkeeper
430718,151700,43969,ESP,Fabian RUIZ,0.0,0.0,0.0,0.0,Midfielder
447855,151700,43969,ESP,Nico WILLIAMS,0.0,0.0,0.0,0.0,Forward
405562,151700,43969,ESP,Eric GARCIA,0.0,0.0,0.0,0.0,Defender
391297,151700,43969,ESP,Alex GRIMALDO,0.0,0.0,0.0,0.0,Defender
474973,151700,43969,ESP,Pau CUBARSI,0.0,0.0,0.0,1.0,Defender
430144,151700,43969,ESP,Pedro PORRO,0.0,0.0,2.0,1.0,Defender
484691,151700,43969,ESP,Joan GARCIA,0.0,0.0,0.0,0.0,Goalkeeper
335999,151700,43969,ESP,Aymeric LAPORTE,0.0,0.0,0.0,1.0,Defender
430735,151700,43969,ESP,Marc CUCURELLA,0.0,0.0,0.0,0.0,Defender
430754,151700,43969,ESP,Martin ZUBIMENDI,0.0,0.0,0.0,0.0,Midfielder
484728,151700,43969,ESP,Marc PUBILL,0.0,0.0,0.0,0.0,Defender
484320,151700,43969,ESP,Lamine YAMAL,0.0,0.0,2.0,5.0,Forward
430750,151700,43969,ESP,Dani OLMO,0.0,0.0,1.0,1.0,Forward
499913,151699,43921,USA,Matt FREESE,0.0,0.0,0.0,0.0,Goalkeeper
419055,151699,43921,USA,Brenden AARONSON,0.0,0.0,0.0,0.0,Forward
448217,151699,43921,USA,Matt TURNER,0.0,0.0,0.0,0.0,Goalkeeper
390267,151699,43921,USA,Christian PULISIC,0.0,0.0,0.0,0.0,Forward
390276,151699,43921,USA,Haji WRIGHT,0.0,0.0,0.0,0.0,Forward
390238,151699,43921,USA,Tyler ADAMS,0.0,0.0,1.0,1.0,Midfielder
486390,151699,43921,USA,Max ARFSTEN,0.0,0.0,0.0,0.0,Defender
419082,151699,43921,USA,Ricardo PEPI,0.0,0.0,0.0,0.0,Forward
390278,151699,43921,USA,Alex ZENDEJAS,0.0,0.0,0.0,0.0,Forward
419077,151699,43921,USA,Mark McKENZIE,0.0,0.0,0.0,0.0,Defender
436599,151699,43921,USA,Miles ROBINSON,0.0,0.0,0.0,0.0,Defender
464542,151699,43921,USA,Alex FREEMAN,0.0,0.0,0.0,0.0,Defender
406280,151699,43921,USA,Sergino DEST,0.0,0.0,0.0,1.0,Defender
385994,151699,43921,USA,Cristian ROLDAN,0.0,0.0,0.0,0.0,Midfielder
390272,151699,43921,USA,Auston TRUSTY,0.0,0.0,0.0,0.0,Defender
390259,151699,43921,USA,Weston McKENNIE,1.0,0.0,1.0,2.0,Midfielder
419068,151699,43921,USA,Giovanni REYNA,0.0,0.0,0.0,0.0,Midfielder
466624,151699,43921,USA,Folarin BALOGUN,0.0,0.0,1.0,0.0,Forward
464546,151699,43921,USA,Chris BRADY,0.0,0.0,0.0,0.0,Goalkeeper
441251,151699,43921,USA,Antonee ROBINSON,0.0,0.0,0.0,2.0,Defender
339510,151699,43921,USA,Tim REAM,0.0,0.0,0.0,0.0,Defender
499912,151699,43921,USA,Sebastian BERHALTER,0.0,0.0,1.0,2.0,Midfielder
448214,151699,43921,USA,Malik TILLMAN,1.0,0.0,5.0,2.0,Midfielder
419062,151699,43921,USA,Chris RICHARDS,0.0,0.0,0.0,1.0,Defender
406304,151699,43921,USA,Timothy WEAH,0.0,0.0,0.0,0.0,Forward
423700,151699,43921,USA,Joe SCALLY,0.0,0.0,0.0,0.0,Defender
506088,151699,43935,BEL,Joaquin SEYS,0.0,0.0,0.0,0.0,Defender
494025,151699,43935,BEL,Matias FERNANDEZ-PARDO,0.0,0.0,0.0,0.0,Forward
448362,151699,43935,BEL,Charles DE KETELAERE,0.0,0.0,1.0,0.0,Forward
448369,151699,43935,BEL,Zeno DEBAST,0.0,0.0,0.0,0.0,Defender
448346,151699,43935,BEL,Arthur THEATE,0.0,0.0,0.0,0.0,Defender
514166,151699,43935,BEL,Nathan NGOY,0.0,0.0,0.0,1.0,Defender
290821,151699,43935,BEL,Axel WITSEL,0.0,0.0,0.0,0.0,Midfielder
358120,151699,43935,BEL,Kevin DE BRUYNE,0.0,0.0,0.0,0.0,Midfielder
448366,151699,43935,BEL,Koni DE WINTER,0.0,0.0,0.0,0.0,Defender
433092,151699,43935,BEL,Alexis SAELEMAEKERS,0.0,0.0,0.0,0.0,Midfielder
495348,151699,43935,BEL,Senne LAMMENS,0.0,0.0,0.0,0.0,Goalkeeper
358122,151699,43935,BEL,Thomas MEUNIER,0.0,0.0,0.0,0.0,Defender
448373,151699,43935,BEL,Maxim DE CUYPER,0.0,0.0,1.0,0.0,Defender
448343,151699,43935,BEL,Hans VANAKEN,0.0,0.0,2.0,0.0,Midfielder
497902,151699,43935,BEL,Diego MOREIRA,0.0,0.0,0.0,0.0,Midfielder
499803,151699,43935,BEL,Mike PENDERS,0.0,0.0,0.0,0.0,Goalkeeper
448377,151699,43935,BEL,Dodi LUKEBAKIO,0.0,0.0,1.0,1.0,Forward
448360,151699,43935,BEL,Brandon MECHELE,0.0,0.0,0.0,1.0,Defender
448341,151699,43935,BEL,Jeremy DOKU,0.0,0.0,3.0,0.0,Forward
448355,151699,43935,BEL,Leandro TROSSARD,0.0,0.0,0.0,0.0,Forward
495349,151699,43935,BEL,Nicolas RASKIN,0.0,0.0,1.0,3.0,Midfielder
358112,151699,43935,BEL,Romelu LUKAKU,0.0,0.0,0.0,0.0,Forward
411443,151699,43935,BEL,Timothy CASTAGNE,0.0,0.0,1.0,2.0,Defender
358106,151699,43935,BEL,Thibaut COURTOIS,0.0,0.0,0.0,0.0,Goalkeeper
448364,151699,43935,BEL,Amadou ONANA,0.0,0.0,0.0,0.0,Midfielder
401444,151699,43935,BEL,Youri TIELEMANS,0.0,0.0,1.0,1.0,Midfielder
416081,151702,43922,ARG,Julian ALVAREZ,0.0,0.0,2.0,3.0,Forward
463661,151702,43922,ARG,Valentin BARCO,0.0,0.0,0.0,0.0,Midfielder
332847,151702,43922,ARG,Leandro PAREDES,0.0,0.0,1.0,0.0,Midfielder
229397,151702,43922,ARG,Lionel MESSI,0.0,0.0,2.0,0.0,Forward
308300,151702,43922,ARG,Emiliano MARTINEZ,0.0,0.0,0.0,0.0,Goalkeeper
431196,151702,43922,ARG,Cristian ROMERO,0.0,0.0,0.0,1.0,Defender
418963,151702,43922,ARG,Facundo MEDINA,0.0,0.0,0.0,0.0,Defender
310116,151702,43922,ARG,Nicolas OTAMENDI,0.0,0.0,0.0,0.0,Defender
430631,151702,43922,ARG,Nico GONZALEZ,0.0,0.0,0.0,2.0,Midfielder
402926,151702,43922,ARG,Gonzalo MONTIEL,0.0,0.0,0.0,0.0,Defender
428882,151702,43922,ARG,Rodrigo DE PAUL,0.0,0.0,0.0,1.0,Midfielder
441422,151702,43922,ARG,Nico PAZ,0.0,0.0,0.0,0.0,Forward
308322,151702,43922,ARG,Nicolas TAGLIAFICO,0.0,0.0,1.0,2.0,Defender
448252,151702,43922,ARG,Enzo FERNANDEZ,0.0,0.0,0.0,2.0,Midfielder
389485,151702,43922,ARG,Exequiel PALACIOS,0.0,0.0,0.0,0.0,Midfielder
495054,151702,43922,ARG,Jose Manuel LOPEZ,0.0,0.0,0.0,0.0,Forward
394824,151702,43922,ARG,Geronimo RULLI,0.0,0.0,0.0,0.0,Goalkeeper
402920,151702,43922,ARG,Lautaro MARTINEZ,0.0,0.0,2.0,0.0,Forward
395414,151702,43922,ARG,Giovani Lo Celso,0.0,0.0,0.0,0.0,Midfielder
402925,151702,43922,ARG,Nahuel MOLINA,0.0,0.0,0.0,0.0,Defender
485595,151702,43922,ARG,Giuliano SIMEONE,0.0,0.0,0.0,0.0,Forward
402934,151702,43922,ARG,Marcos SENESI,0.0,0.0,0.0,0.0,Midfielder
402921,151702,43922,ARG,Lisandro MARTINEZ,0.0,0.0,2.0,2.0,Defender
430624,151702,43922,ARG,Juan MUSSO,0.0,0.0,0.0,0.0,Goalkeeper
430628,151702,43922,ARG,Alexis MAC ALLISTER,0.0,0.0,1.0,0.0,Midfielder
418975,151702,43922,ARG,Thiago ALMADA,0.0,0.0,0.0,0.0,Forward
416906,151702,43855,EGY,MOSTAFA SHOUBIR,1.0,0.0,1.0,0.0,Goalkeeper
495488,151702,43855,EGY,HAMZA ABDELKARIM,0.0,0.0,0.0,0.0,Forward
407022,151702,43855,EGY,KARIM HAFEZ,0.0,0.0,1.0,1.0,Defender
430482,151702,43855,EGY,EMAM ASHOUR,0.0,0.0,2.0,0.0,Midfielder
433469,151702,43855,EGY,MOHANAD LASHIN,0.0,0.0,0.0,1.0,Midfielder
512079,151702,43855,EGY,MOHAMED ALAA,0.0,0.0,0.0,0.0,Goalkeeper
433461,151702,43855,EGY,ZIZO,0.0,0.0,1.0,0.0,Forward
344654,151702,43855,EGY,MOHAMED SALAH,0.0,0.0,4.0,2.0,Forward
363863,151702,43855,EGY,TREZEGUET,0.0,0.0,0.0,0.0,Forward
430477,151702,43855,EGY,AHMED FATOUH,0.0,0.0,0.0,0.0,Defender
433466,151702,43855,EGY,NABIL DONGA,0.0,0.0,0.0,0.0,Midfielder
408948,151702,43855,EGY,MOHAMED ELSHENAWY,0.0,0.0,0.0,0.0,Goalkeeper
483182,151702,43855,EGY,HOSSAM ABDELMAGUID,0.0,0.0,0.0,0.0,Defender
344661,151702,43855,EGY,RAMY RABIA,0.0,0.0,1.0,0.0,Defender
416902,151702,43855,EGY,MOHAMED ABDELMONEIM,0.0,0.0,0.0,0.0,Defender
483183,151702,43855,EGY,MAHMOUD SABER,0.0,0.0,0.0,0.0,Midfielder
483161,151702,43855,EGY,MOSTAFA ZICO,0.0,0.0,0.0,0.0,Midfielder
430465,151702,43855,EGY,IBRAHIM ADEL,0.0,0.0,0.0,0.0,Forward
424106,151702,43855,EGY,Haissem HASSAN,1.0,0.0,2.0,1.0,Forward
395860,151702,43855,EGY,MAHDY SOLIMAN,0.0,0.0,0.0,0.0,Goalkeeper
461788,151702,43855,EGY,MARAWAN ATTIA,1.0,0.0,0.0,4.0,Midfielder
429095,151702,43855,EGY,HAMDY FATHY,1.0,0.0,0.0,1.0,Midfielder
369267,151702,43855,EGY,YASSER IBRAHIM,0.0,0.0,0.0,1.0,Defender
408950,151702,43855,EGY,MOHAMED HANY,0.0,0.0,0.0,0.0,Defender
430476,151702,43855,EGY,OMAR MARMOUSH,0.0,0.0,1.0,0.0,Forward
506124,151702,43855,EGY,TAREK ALAA,0.0,0.0,0.0,0.0,Defender
356412,151701,43971,SUI,Silvan WIDMER,0.0,0.0,0.0,1.0,Defender
405178,151701,43971,SUI,Manuel AKANJI,0.0,0.0,1.0,2.0,Defender
448136,151701,43971,SUI,Eray COEMERT,0.0,0.0,0.0,0.0,Defender
448103,151701,43971,SUI,Fabian RIEDER,0.0,0.0,2.0,1.0,Midfielder
448127,151701,43971,SUI,Noah OKAFOR,0.0,0.0,0.0,0.0,Forward
448107,151701,43971,SUI,Gregor KOBEL,,,,,Goalkeeper
402022,151701,43971,SUI,Yvon MVOGO,0.0,0.0,0.0,0.0,Goalkeeper
402021,151701,43971,SUI,Remo FREULER,0.0,0.0,0.0,1.0,Midfielder
448114,151701,43971,SUI,Dan NDOYE,0.0,0.0,5.0,2.0,Forward
448112,151701,43971,SUI,Zeki AMDOUNI,0.0,0.0,0.0,3.0,Forward
448104,151701,43971,SUI,Cedric ITTEN,0.0,0.0,1.0,3.0,Forward
433147,151701,43971,SUI,Michel AEBISCHER,0.0,0.0,0.0,0.0,Midfielder
502727,151701,43971,SUI,Johan MANZAMBI,0.0,0.0,0.0,0.0,Midfielder
313559,151701,43971,SUI,Ricardo RODRIGUEZ,0.0,0.0,0.0,0.0,Defender
411226,151701,43971,SUI,Djibril SOW,0.0,0.0,1.0,0.0,Midfielder
311558,151701,43971,SUI,Granit XHAKA,1.0,0.0,3.0,1.0,Midfielder
493221,151701,43971,SUI,Miro MUHEIM,1.0,0.0,1.0,1.0,Defender
401448,151701,43971,SUI,Denis ZAKARIA,1.0,0.0,0.0,1.0,Midfielder
484864,151701,43971,SUI,Aurele AMENDA,0.0,0.0,0.0,0.0,Defender
393480,151701,43971,SUI,Breel EMBOLO,0.0,0.0,0.0,1.0,Forward
398509,151701,43971,SUI,Nico ELVEDI,0.0,0.0,3.0,2.0,Defender
448120,151701,43971,SUI,Ardon JASHARI,0.0,0.0,0.0,2.0,Midfielder
448131,151701,43971,SUI,Ruben VARGAS,0.0,0.0,2.0,1.0,Forward
448124,151701,43971,SUI,Christian FASSNACHT,0.0,0.0,0.0,0.0,Forward
484862,151701,43971,SUI,Marvin KELLER,0.0,0.0,0.0,0.0,Goalkeeper
510908,151701,43971,SUI,Luca JAQUEZ,0.0,0.0,0.0,0.0,Defender
360642,151701,43926,COL,Camilo VARGAS,0.0,0.0,0.0,0.0,Goalkeeper
385998,151701,43926,COL,Alvaro MONTERO,0.0,0.0,0.0,0.0,Goalkeeper
489849,151701,43926,COL,Juan PORTILLA,0.0,0.0,0.0,0.0,Midfielder
418881,151701,43926,COL,Cucho HERNANDEZ,0.0,0.0,1.0,0.0,Forward
428886,151701,43926,COL,Luis DIAZ,0.0,0.0,4.0,3.0,Forward
405755,151701,43926,COL,Jaminton CAMPAZ,0.0,0.0,2.0,2.0,Forward
428905,151701,43926,COL,Luis SUAREZ,1.0,0.0,2.0,2.0,Forward
386013,151701,43926,COL,Davinson SANCHEZ,1.0,0.0,2.0,3.0,Defender
394500,151701,43926,COL,Johan MOJICA,0.0,0.0,3.0,0.0,Defender
463902,151701,43926,COL,Gustavo PUERTA,0.0,0.0,1.0,1.0,Defender
470759,151701,43926,COL,Kevin CASTANO,0.0,0.0,0.0,0.0,Midfielder
356704,151701,43926,COL,Juan QUINTERO,0.0,0.0,1.0,0.0,Midfielder
395552,151701,43926,COL,Yerry MINA,0.0,0.0,1.0,0.0,Defender
492189,151701,43926,COL,Andres GOMEZ,0.0,0.0,0.0,0.0,Forward
228686,151701,43926,COL,David OSPINA,0.0,0.0,0.0,0.0,Goalkeeper
431200,151701,43926,COL,Daniel MUNOZ,0.0,0.0,0.0,4.0,Defender
315614,151701,43926,COL,Santiago ARIAS,0.0,0.0,0.0,0.0,Defender
476345,151701,43926,COL,Willer DITTA,0.0,0.0,0.0,0.0,Defender
470760,151701,43926,COL,Jhon ARIAS,0.0,0.0,0.0,0.0,Midfielder
269058,151701,43926,COL,James RODRIGUEZ,0.0,0.0,2.0,0.0,Midfielder
425580,151701,43926,COL,Jorge CARRASCAL,0.0,0.0,0.0,0.0,Midfielder
394376,151701,43926,COL,Deiver MACHADO,0.0,0.0,0.0,0.0,Defender
395550,151701,43926,COL,Jefferson LERMA,0.0,0.0,0.0,3.0,Midfielder
441622,151701,43926,COL,Jhon LUCUMI,0.0,0.0,0.0,1.0,Defender
473050,151701,43926,COL,Richard RIOS,0.0,0.0,1.0,2.0,Midfielder
369530,151701,43926,COL,Jhon CORDOBA,0.0,0.0,0.0,0.0,Forward
398680,151703,43946,FRA,Ousmane DEMBELE,0.0,0.0,0.0,0.0,Forward
431861,151703,43946,FRA,Rayan CHERKI,0.0,0.0,0.0,0.0,Midfielder
485655,151703,43946,FRA,Michael OLISE,0.0,0.0,4.0,0.0,Forward
389876,151703,43946,FRA,Dayot UPAMECANO,0.0,0.0,0.0,1.0,Defender
411470,151703,43946,FRA,Lucas HERNANDEZ,0.0,0.0,0.0,0.0,Defender
484860,151703,43946,FRA,Bradley BARCOLA,0.0,0.0,1.0,0.0,Forward
398681,151703,43946,FRA,Ngolo KANTE,0.0,0.0,0.0,0.0,Midfielder
430707,151703,43946,FRA,Jules KOUNDE,0.0,0.0,0.0,2.0,Defender
405881,151703,43946,FRA,Maxence Lacroix,0.0,0.0,0.0,0.0,Defender
389867,151703,43946,FRA,Kylian MBAPPE,0.0,0.0,2.0,0.0,Forward
402047,151703,43946,FRA,Adrien RABIOT,0.0,0.0,1.0,2.0,Midfielder
408042,151703,43946,FRA,Theo HERNANDEZ,0.0,0.0,0.0,0.0,Defender
464127,151703,43946,FRA,Robin RISSER,0.0,0.0,0.0,0.0,Goalkeeper
485677,151703,43946,FRA,Manu KONE,0.0,0.0,2.0,0.0,Midfielder
483471,151703,43946,FRA,Brice SAMBA,0.0,0.0,0.0,0.0,Goalkeeper
464114,151703,43946,FRA,Desire DOUE,0.0,0.0,1.0,2.0,Forward
464055,151703,43946,FRA,Malo GUSTO,0.0,0.0,0.0,0.0,Defender
403094,151703,43946,FRA,Jean-Philippe MATETA,0.0,0.0,0.0,0.0,Forward
448332,151703,43946,FRA,Mike MAIGNAN,0.0,0.0,0.0,0.0,Goalkeeper
483549,151703,43946,FRA,Warren ZAIRE-EMERY,0.0,0.0,0.0,1.0,Midfielder
405893,151703,43946,FRA,Aurelien TCHOUAMENI,0.0,0.0,0.0,0.0,Midfielder
403109,151703,43946,FRA,Marcus THURAM,0.0,0.0,0.0,0.0,Forward
485666,151703,43946,FRA,Maghnes AKLIOUCHE,0.0,0.0,0.0,0.0,Midfielder
368860,151703,43946,FRA,Lucas Digne,0.0,0.0,0.0,1.0,Defender
419177,151703,43946,FRA,William SALIBA,0.0,0.0,0.0,1.0,Defender
419166,151703,43946,FRA,Ibrahima KONATE,0.0,0.0,0.0,0.0,Defender
356956,151703,43872,MAR,Yassine BOUNOU,0.0,0.0,0.0,0.0,Goalkeeper
433426,151703,43872,MAR,Soufiane RAHIMI,0.0,0.0,0.0,0.0,Forward
494293,151703,43872,MAR,Chemsdine TALBI,0.0,0.0,0.0,0.0,Midfielder
485760,151703,43872,MAR,Ayyoub BOUADDI,0.0,0.0,0.0,1.0,Midfielder
372266,151703,43872,MAR,Sofyan AMRABAT,0.0,0.0,0.0,0.0,Midfielder
441307,151703,43872,MAR,Azzedine OUNAHI,0.0,0.0,1.0,1.0,Midfielder
505097,151703,43872,MAR,Samir EL MOURABET,0.0,0.0,0.0,0.0,Midfielder
485756,151703,43872,MAR,Zakaria EL OUAHDI,0.0,0.0,1.0,1.0,Defender
395760,151703,43872,MAR,Marwane SAADANE,0.0,0.0,0.0,0.0,Defender
411678,151703,43872,MAR,Ayoub El Kaabi,0.0,0.0,0.0,0.0,Forward
430740,151703,43872,MAR,Brahim DIAZ,0.0,0.0,2.0,0.0,Forward
424071,151703,43872,MAR,Anass SALAH EDDINE,0.0,0.0,0.0,0.0,Defender
524320,151703,43872,MAR,Amine SBAI,0.0,0.0,0.0,2.0,Forward
448598,151703,43872,MAR,Ismael SAIBARI,0.0,0.0,0.0,0.0,Midfielder
395755,151703,43872,MAR,Munir EL KAJOUI,0.0,0.0,0.0,0.0,Goalkeeper
485740,151703,43872,MAR,Neil EL AYNAOUI,0.0,0.0,0.0,4.0,Midfielder
403083,151703,43872,MAR,Issa Diop,1.0,0.0,0.0,1.0,Defender
523288,151703,43872,MAR,Ayoube AMAIMOUNI,0.0,0.0,0.0,0.0,Forward
485767,151703,43872,MAR,Redouane HALHAL,0.0,0.0,0.0,0.0,Defender
448612,151703,43872,MAR,Bilal EL KHANNOUSS,0.0,0.0,1.0,0.0,Midfielder
494742,151703,43872,MAR,Youssef BELAMMARI,0.0,0.0,0.0,0.0,Defender
400721,151703,43872,MAR,Achraf HAKIMI,0.0,0.0,2.0,1.0,Defender
505112,151703,43872,MAR,Gessime YASSINE,0.0,0.0,1.0,1.0,Midfielder
448607,151703,43872,MAR,Chadi RIAD,0.0,0.0,0.0,0.0,Defender
411680,151703,43872,MAR,Noussair MAZRAOUI,0.0,0.0,0.0,1.0,Defender
371553,151703,43872,MAR,Ahmed Reda TAGNAOUTI,0.0,0.0,0.0,0.0,Goalkeeper
430735,151704,43969,ESP,Marc CUCURELLA,0.0,0.0,0.0,1.0,Defender
484728,151704,43969,ESP,Marc PUBILL,0.0,0.0,0.0,0.0,Defender
391297,151704,43969,ESP,Alex GRIMALDO,0.0,0.0,0.0,0.0,Defender
430753,151704,43969,ESP,Unai SIMON,0.0,0.0,1.0,0.0,Goalkeeper
430751,151704,43969,ESP,Mikel OYARZABAL,0.0,0.0,1.0,1.0,Forward
492859,151704,43969,ESP,Victor MUNOZ,0.0,0.0,0.0,0.0,Forward
484320,151704,43969,ESP,Lamine YAMAL,0.0,0.0,4.0,2.0,Forward
335999,151704,43969,ESP,Aymeric LAPORTE,1.0,0.0,0.0,1.0,Defender
430754,151704,43969,ESP,Martin ZUBIMENDI,0.0,0.0,0.0,0.0,Midfielder
474973,151704,43969,ESP,Pau CUBARSI,1.0,0.0,1.0,1.0,Defender
447853,151704,43969,ESP,David RAYA,0.0,0.0,0.0,0.0,Goalkeeper
411375,151704,43969,ESP,RODRI,0.0,0.0,1.0,0.0,Midfielder
447860,151704,43969,ESP,Alex BAENA,0.0,0.0,1.0,2.0,Midfielder
430750,151704,43969,ESP,Dani OLMO,0.0,0.0,2.0,0.0,Forward
405545,151704,43969,ESP,Ferran TORRES,0.0,0.0,1.0,0.0,Forward
382739,151704,43969,ESP,Marcos LLORENTE,0.0,0.0,0.0,0.0,Defender
484691,151704,43969,ESP,Joan GARCIA,0.0,0.0,0.0,0.0,Goalkeeper
430733,151704,43969,ESP,Mikel MERINO,0.0,0.0,1.0,1.0,Midfielder
430144,151704,43969,ESP,Pedro PORRO,0.0,0.0,2.0,4.0,Defender
430718,151704,43969,ESP,Fabian RUIZ,0.0,0.0,1.0,0.0,Midfielder
447866,151704,43969,ESP,GAVI,0.0,0.0,0.0,0.0,Midfielder
423646,151704,43969,ESP,PEDRI,0.0,0.0,1.0,0.0,Midfielder
447855,151704,43969,ESP,Nico WILLIAMS,0.0,0.0,0.0,0.0,Forward
423658,151704,43969,ESP,Yeremy PINO,0.0,0.0,0.0,0.0,Forward
405562,151704,43969,ESP,Eric GARCIA,0.0,0.0,0.0,0.0,Defender
447864,151704,43969,ESP,Borja IGLESIAS,0.0,0.0,0.0,0.0,Forward
494025,151704,43935,BEL,Matias FERNANDEZ-PARDO,0.0,0.0,0.0,0.0,Forward
514166,151704,43935,BEL,Nathan NGOY,0.0,0.0,0.0,1.0,Defender
358120,151704,43935,BEL,Kevin DE BRUYNE,1.0,0.0,1.0,2.0,Midfielder
448346,151704,43935,BEL,Arthur THEATE,0.0,0.0,0.0,0.0,Defender
401444,151704,43935,BEL,Youri TIELEMANS,0.0,0.0,0.0,0.0,Midfielder
448364,151704,43935,BEL,Amadou ONANA,0.0,0.0,0.0,0.0,Midfielder
433092,151704,43935,BEL,Alexis SAELEMAEKERS,0.0,0.0,0.0,0.0,Midfielder
448355,151704,43935,BEL,Leandro TROSSARD,0.0,0.0,1.0,1.0,Forward
448373,151704,43935,BEL,Maxim DE CUYPER,0.0,0.0,0.0,2.0,Defender
448360,151704,43935,BEL,Brandon MECHELE,0.0,0.0,1.0,1.0,Defender
358112,151704,43935,BEL,Romelu LUKAKU,0.0,0.0,0.0,1.0,Forward
495349,151704,43935,BEL,Nicolas RASKIN,0.0,0.0,2.0,5.0,Midfielder
495348,151704,43935,BEL,Senne LAMMENS,0.0,0.0,0.0,0.0,Goalkeeper
448377,151704,43935,BEL,Dodi LUKEBAKIO,0.0,0.0,0.0,0.0,Forward
411443,151704,43935,BEL,Timothy CASTAGNE,0.0,0.0,1.0,0.0,Defender
358122,151704,43935,BEL,Thomas MEUNIER,0.0,0.0,0.0,0.0,Defender
448366,151704,43935,BEL,Koni DE WINTER,0.0,0.0,0.0,0.0,Defender
499803,151704,43935,BEL,Mike PENDERS,0.0,0.0,0.0,0.0,Goalkeeper
290821,151704,43935,BEL,Axel WITSEL,1.0,0.0,1.0,2.0,Midfielder
448343,151704,43935,BEL,Hans VANAKEN,0.0,0.0,0.0,0.0,Midfielder
358106,151704,43935,BEL,Thibaut COURTOIS,0.0,0.0,0.0,0.0,Goalkeeper
506088,151704,43935,BEL,Joaquin SEYS,0.0,0.0,0.0,0.0,Defender
448362,151704,43935,BEL,Charles DE KETELAERE,0.0,0.0,0.0,0.0,Forward
448341,151704,43935,BEL,Jeremy DOKU,0.0,0.0,5.0,3.0,Forward
448369,151704,43935,BEL,Zeno DEBAST,0.0,0.0,0.0,0.0,Defender
497902,151704,43935,BEL,Diego MOREIRA,0.0,0.0,0.0,0.0,Midfielder
483535,151706,43961,NOR,Egil SELVIK,0.0,0.0,0.0,0.0,Goalkeeper
489696,151706,43961,NOR,Sondre LANGAS,0.0,0.0,0.0,0.0,Defender
483496,151706,43961,NOR,Julian RYERSON,0.0,0.0,1.0,2.0,Forward
433067,151706,43961,NOR,Morten Thorsby,0.0,0.0,0.0,0.0,Midfielder
483448,151706,43961,NOR,Antonio NUSA,0.0,0.0,1.0,0.0,Forward
494626,151706,43961,NOR,Andreas SCHJELDERUP,0.0,0.0,0.0,0.0,Midfielder
483497,151706,43961,NOR,Fredrik AURSNES,0.0,0.0,2.0,0.0,Midfielder
419681,151706,43961,NOR,Kristian Thorstvedt,0.0,0.0,0.0,0.0,Midfielder
404645,151706,43961,NOR,Sander BERGE,0.0,0.0,0.0,4.0,Midfielder
520112,151706,43961,NOR,Henrik FALCHENER,0.0,0.0,0.0,0.0,Defender
483442,151706,43961,NOR,Patrick BERG,0.0,0.0,1.0,1.0,Midfielder
494625,151706,43961,NOR,Marcus HOLMGREN PEDERSEN,0.0,0.0,0.0,1.0,Defender
483505,151706,43961,NOR,David MOLLER WOLFE,0.0,0.0,0.0,0.0,Defender
419654,151706,43961,NOR,Jens Petter HAUGE,0.0,0.0,0.0,0.0,Midfielder
400716,151706,43961,NOR,Martin ODEGAARD,0.0,0.0,0.0,0.0,Midfielder
419672,151706,43961,NOR,Leo OSTIGARD,0.0,0.0,1.0,0.0,Defender
483516,151706,43961,NOR,Kristoffer AJER,1.0,0.0,0.0,1.0,Defender
373235,151706,43961,NOR,Orjan NYLAND,0.0,0.0,0.0,0.0,Goalkeeper
494627,151706,43961,NOR,Thelo AASGAARD,0.0,0.0,0.0,0.0,Midfielder
419652,151706,43961,NOR,Erling HAALAND,0.0,0.0,0.0,0.0,Forward
477470,151706,43961,NOR,Oscar BOBB,0.0,0.0,0.0,0.0,Midfielder
398588,151706,43961,NOR,Alexander SORLOTH,0.0,0.0,0.0,1.0,Forward
483530,151706,43961,NOR,Fredrik Andre BJORKAN,0.0,0.0,0.0,0.0,Defender
514479,151706,43961,NOR,Sander TANGVIK,0.0,0.0,0.0,0.0,Goalkeeper
419662,151706,43961,NOR,Jorgen STRAND LARSEN,0.0,0.0,0.0,0.0,Forward
491244,151706,43961,NOR,Torbjorn HEGGEM,0.0,0.0,0.0,0.0,Defender
463780,151706,43942,ENG,Nico OREILLY,0.0,0.0,1.0,0.0,Defender
369419,151706,43942,ENG,Harry KANE,0.0,0.0,1.0,1.0,Forward
433097,151706,43942,ENG,Declan RICE,0.0,0.0,0.0,0.0,Midfielder
494345,151706,43942,ENG,Dan BURN,0.0,0.0,0.0,0.0,Defender
405841,151706,43942,ENG,Marc GUEHI,0.0,0.0,0.0,0.0,Defender
481610,151706,43942,ENG,Elliot ANDERSON,0.0,0.0,0.0,1.0,Midfielder
448203,151706,43942,ENG,Ollie WATKINS,0.0,0.0,0.0,0.0,Forward
356189,151706,43942,ENG,Jordan HENDERSON,0.0,0.0,0.0,0.0,Midfielder
506329,151706,43942,ENG,Djed SPENCE,0.0,0.0,0.0,0.0,Defender
403049,151706,43942,ENG,Ezri KONSA,0.0,0.0,0.0,0.0,Defender
448189,151706,43942,ENG,Anthony GORDON,0.0,0.0,2.0,1.0,Forward
492716,151706,43942,ENG,Morgan ROGERS,0.0,0.0,0.0,0.0,Midfielder
369434,151706,43942,ENG,John STONES,0.0,0.0,0.0,0.0,Defender
448202,151706,43942,ENG,Jude BELLINGHAM,0.0,0.0,4.0,1.0,Midfielder
482621,151706,43942,ENG,Kobbie MAINOO,0.0,0.0,0.0,0.0,Midfielder
401470,151706,43942,ENG,Marcus RASHFORD,0.0,0.0,0.0,0.0,Forward
489732,151706,43942,ENG,Noni MADUEKE,0.0,0.0,0.0,1.0,Forward
485080,151706,43942,ENG,James TRAFFORD,0.0,0.0,0.0,0.0,Goalkeeper
403046,151706,43942,ENG,Dean Henderson,0.0,0.0,0.0,0.0,Goalkeeper
448196,151706,43942,ENG,Bukayo SAKA,0.0,0.0,1.0,1.0,Forward
336022,151706,43942,ENG,Jordan PICKFORD,0.0,0.0,0.0,0.0,Goalkeeper
448198,151706,43942,ENG,Ivan TONEY,0.0,0.0,0.0,0.0,Forward
473113,151706,43942,ENG,Eberechi EZE,0.0,0.0,1.0,1.0,Midfielder
439641,151706,43942,ENG,Reece JAMES,0.0,0.0,0.0,1.0,Defender
394824,151705,43922,ARG,Geronimo RULLI,0.0,0.0,0.0,0.0,Goalkeeper
229397,151705,43922,ARG,Lionel MESSI,0.0,0.0,1.0,0.0,Forward
485595,151705,43922,ARG,Giuliano SIMEONE,0.0,0.0,0.0,0.0,Forward
402925,151705,43922,ARG,Nahuel MOLINA,0.0,0.0,0.0,0.0,Defender
463661,151705,43922,ARG,Valentin BARCO,0.0,0.0,0.0,0.0,Midfielder
402926,151705,43922,ARG,Gonzalo MONTIEL,0.0,0.0,0.0,1.0,Defender
430628,151705,43922,ARG,Alexis MAC ALLISTER,0.0,0.0,2.0,1.0,Midfielder
395414,151705,43922,ARG,Giovani Lo Celso,0.0,0.0,0.0,0.0,Midfielder
402920,151705,43922,ARG,Lautaro MARTINEZ,1.0,0.0,1.0,1.0,Forward
430624,151705,43922,ARG,Juan MUSSO,0.0,0.0,0.0,0.0,Goalkeeper
441422,151705,43922,ARG,Nico PAZ,0.0,0.0,0.0,0.0,Forward
430631,151705,43922,ARG,Nico GONZALEZ,0.0,0.0,0.0,0.0,Midfielder
418963,151705,43922,ARG,Facundo MEDINA,0.0,0.0,0.0,0.0,Defender
416081,151705,43922,ARG,Julian ALVAREZ,0.0,0.0,0.0,3.0,Forward
448252,151705,43922,ARG,Enzo FERNANDEZ,0.0,0.0,0.0,0.0,Midfielder
428882,151705,43922,ARG,Rodrigo DE PAUL,0.0,0.0,3.0,0.0,Midfielder
308300,151705,43922,ARG,Emiliano MARTINEZ,0.0,0.0,0.0,0.0,Goalkeeper
402934,151705,43922,ARG,Marcos SENESI,0.0,0.0,0.0,0.0,Midfielder
495054,151705,43922,ARG,Jose Manuel LOPEZ,1.0,0.0,0.0,1.0,Forward
332847,151705,43922,ARG,Leandro PAREDES,0.0,0.0,1.0,2.0,Midfielder
402921,151705,43922,ARG,Lisandro MARTINEZ,0.0,0.0,2.0,2.0,Defender
389485,151705,43922,ARG,Exequiel PALACIOS,0.0,0.0,0.0,0.0,Midfielder
308322,151705,43922,ARG,Nicolas TAGLIAFICO,0.0,0.0,4.0,1.0,Defender
431196,151705,43922,ARG,Cristian ROMERO,0.0,0.0,0.0,1.0,Defender
310116,151705,43922,ARG,Nicolas OTAMENDI,0.0,0.0,0.0,0.0,Defender
418975,151705,43922,ARG,Thiago ALMADA,1.0,0.0,0.0,1.0,Forward
484862,151705,43971,SUI,Marvin KELLER,0.0,0.0,0.0,0.0,Goalkeeper
356412,151705,43971,SUI,Silvan WIDMER,0.0,0.0,0.0,0.0,Defender
393480,151705,43971,SUI,Breel EMBOLO,2.0,1.0,3.0,2.0,Forward
510908,151705,43971,SUI,Luca JAQUEZ,0.0,0.0,0.0,0.0,Defender
448112,151705,43971,SUI,Zeki AMDOUNI,0.0,0.0,0.0,1.0,Forward
448114,151705,43971,SUI,Dan NDOYE,0.0,0.0,0.0,1.0,Forward
448103,151705,43971,SUI,Fabian RIEDER,0.0,0.0,2.0,1.0,Midfielder
405178,151705,43971,SUI,Manuel AKANJI,0.0,0.0,1.0,2.0,Defender
448124,151705,43971,SUI,Christian FASSNACHT,0.0,0.0,0.0,0.0,Forward
401448,151705,43971,SUI,Denis ZAKARIA,0.0,0.0,0.0,2.0,Midfielder
402021,151705,43971,SUI,Remo FREULER,0.0,0.0,1.0,1.0,Midfielder
411226,151705,43971,SUI,Djibril SOW,0.0,0.0,2.0,4.0,Midfielder
433147,151705,43971,SUI,Michel AEBISCHER,0.0,0.0,0.0,0.0,Midfielder
311558,151705,43971,SUI,Granit XHAKA,0.0,0.0,0.0,2.0,Midfielder
493221,151705,43971,SUI,Miro MUHEIM,0.0,0.0,2.0,0.0,Defender
313559,151705,43971,SUI,Ricardo RODRIGUEZ,0.0,0.0,1.0,2.0,Defender
448136,151705,43971,SUI,Eray COEMERT,0.0,0.0,0.0,0.0,Defender
448107,151705,43971,SUI,Gregor KOBEL,0.0,0.0,0.0,0.0,Goalkeeper
448120,151705,43971,SUI,Ardon JASHARI,0.0,0.0,1.0,0.0,Midfielder
502727,151705,43971,SUI,Johan MANZAMBI,0.0,0.0,0.0,0.0,Midfielder
448131,151705,43971,SUI,Ruben VARGAS,0.0,0.0,0.0,0.0,Forward
448127,151705,43971,SUI,Noah OKAFOR,0.0,0.0,0.0,0.0,Forward
398509,151705,43971,SUI,Nico ELVEDI,0.0,0.0,1.0,0.0,Defender
484864,151705,43971,SUI,Aurele AMENDA,0.0,0.0,0.0,0.0,Defender
448104,151705,43971,SUI,Cedric ITTEN,0.0,0.0,0.0,0.0,Forward
402022,151705,43971,SUI,Yvon MVOGO,0.0,0.0,0.0,0.0,Goalkeeper
464055,151707,43946,FRA,Malo GUSTO,0.0,0.0,0.0,0.0,Defender
408042,151707,43946,FRA,Theo HERNANDEZ,0.0,0.0,1.0,0.0,Defender
464127,151707,43946,FRA,Robin RISSER,0.0,0.0,0.0,0.0,Goalkeeper
411470,151707,43946,FRA,Lucas HERNANDEZ,0.0,0.0,0.0,0.0,Defender
389876,151707,43946,FRA,Dayot UPAMECANO,0.0,0.0,1.0,0.0,Defender
405881,151707,43946,FRA,Maxence Lacroix,0.0,0.0,0.0,2.0,Defender
403109,151707,43946,FRA,Marcus THURAM,0.0,0.0,0.0,0.0,Forward
430707,151707,43946,FRA,Jules KOUNDE,0.0,0.0,1.0,2.0,Defender
485677,151707,43946,FRA,Manu KONE,0.0,0.0,1.0,2.0,Midfielder
389867,151707,43946,FRA,Kylian MBAPPE,1.0,0.0,1.0,1.0,Forward
485655,151707,43946,FRA,Michael OLISE,0.0,0.0,3.0,1.0,Forward
403094,151707,43946,FRA,Jean-Philippe MATETA,0.0,0.0,0.0,0.0,Forward
405893,151707,43946,FRA,Aurelien TCHOUAMENI,0.0,0.0,1.0,0.0,Midfielder
448332,151707,43946,FRA,Mike MAIGNAN,,,,,Goalkeeper
485666,151707,43946,FRA,Maghnes AKLIOUCHE,0.0,0.0,0.0,0.0,Midfielder
464114,151707,43946,FRA,Desire DOUE,0.0,0.0,1.0,0.0,Forward
398680,151707,43946,FRA,Ousmane DEMBELE,0.0,0.0,1.0,0.0,Forward
431861,151707,43946,FRA,Rayan CHERKI,0.0,0.0,0.0,0.0,Midfielder
402047,151707,43946,FRA,Adrien RABIOT,1.0,0.0,0.0,2.0,Midfielder
419177,151707,43946,FRA,William SALIBA,0.0,0.0,0.0,0.0,Defender
368860,151707,43946,FRA,Lucas Digne,0.0,0.0,1.0,1.0,Defender
484860,151707,43946,FRA,Bradley BARCOLA,0.0,0.0,0.0,0.0,Forward
419166,151707,43946,FRA,Ibrahima KONATE,0.0,0.0,0.0,0.0,Defender
483471,151707,43946,FRA,Brice SAMBA,0.0,0.0,0.0,0.0,Goalkeeper
398681,151707,43946,FRA,Ngolo KANTE,0.0,0.0,0.0,0.0,Midfielder
483549,151707,43946,FRA,Warren ZAIRE-EMERY,0.0,0.0,0.0,0.0,Midfielder
474973,151707,43969,ESP,Pau CUBARSI,0.0,0.0,0.0,0.0,Defender
405562,151707,43969,ESP,Eric GARCIA,0.0,0.0,0.0,0.0,Defender
484320,151707,43969,ESP,Lamine YAMAL,0.0,0.0,1.0,3.0,Forward
484691,151707,43969,ESP,Joan GARCIA,0.0,0.0,0.0,0.0,Goalkeeper
447866,151707,43969,ESP,GAVI,0.0,0.0,0.0,0.0,Midfielder
391297,151707,43969,ESP,Alex GRIMALDO,0.0,0.0,0.0,0.0,Defender
430750,151707,43969,ESP,Dani OLMO,0.0,0.0,2.0,1.0,Forward
430751,151707,43969,ESP,Mikel OYARZABAL,0.0,0.0,1.0,0.0,Forward
430733,151707,43969,ESP,Mikel MERINO,0.0,0.0,0.0,0.0,Midfielder
423658,151707,43969,ESP,Yeremy PINO,0.0,0.0,0.0,0.0,Forward
430718,151707,43969,ESP,Fabian RUIZ,0.0,0.0,1.0,1.0,Midfielder
484728,151707,43969,ESP,Marc PUBILL,0.0,0.0,0.0,0.0,Defender
447860,151707,43969,ESP,Alex BAENA,0.0,0.0,2.0,1.0,Midfielder
382739,151707,43969,ESP,Marcos LLORENTE,0.0,0.0,0.0,0.0,Defender
430754,151707,43969,ESP,Martin ZUBIMENDI,0.0,0.0,0.0,0.0,Midfielder
447864,151707,43969,ESP,Borja IGLESIAS,0.0,0.0,0.0,0.0,Forward
411375,151707,43969,ESP,RODRI,0.0,0.0,3.0,4.0,Midfielder
430144,151707,43969,ESP,Pedro PORRO,0.0,0.0,0.0,0.0,Defender
430735,151707,43969,ESP,Marc CUCURELLA,1.0,0.0,0.0,1.0,Defender
447855,151707,43969,ESP,Nico WILLIAMS,0.0,0.0,0.0,0.0,Forward
423646,151707,43969,ESP,PEDRI,0.0,0.0,0.0,0.0,Midfielder
405545,151707,43969,ESP,Ferran TORRES,0.0,0.0,0.0,1.0,Forward
447853,151707,43969,ESP,David RAYA,0.0,0.0,0.0,0.0,Goalkeeper
335999,151707,43969,ESP,Aymeric LAPORTE,0.0,0.0,0.0,0.0,Defender
430753,151707,43969,ESP,Unai SIMON,0.0,0.0,1.0,0.0,Goalkeeper
492859,151707,43969,ESP,Victor MUNOZ,0.0,0.0,0.0,0.0,Forward
481610,151708,43942,ENG,Elliot ANDERSON,1.0,0.0,4.0,2.0,Midfielder
448196,151708,43942,ENG,Bukayo SAKA,0.0,0.0,0.0,0.0,Forward
403046,151708,43942,ENG,Dean Henderson,0.0,0.0,0.0,0.0,Goalkeeper
369434,151708,43942,ENG,John STONES,0.0,0.0,0.0,0.0,Defender
482621,151708,43942,ENG,Kobbie MAINOO,0.0,0.0,0.0,0.0,Midfielder
485080,151708,43942,ENG,James TRAFFORD,0.0,0.0,0.0,0.0,Goalkeeper
401470,151708,43942,ENG,Marcus RASHFORD,0.0,0.0,0.0,0.0,Forward
448198,151708,43942,ENG,Ivan TONEY,0.0,0.0,0.0,0.0,Forward
489732,151708,43942,ENG,Noni MADUEKE,0.0,0.0,0.0,0.0,Forward
448203,151708,43942,ENG,Ollie WATKINS,0.0,0.0,0.0,0.0,Forward
473113,151708,43942,ENG,Eberechi EZE,0.0,0.0,0.0,0.0,Midfielder
506329,151708,43942,ENG,Djed SPENCE,0.0,0.0,1.0,0.0,Defender
369419,151708,43942,ENG,Harry KANE,0.0,0.0,1.0,0.0,Forward
433097,151708,43942,ENG,Declan RICE,0.0,0.0,0.0,0.0,Midfielder
356189,151708,43942,ENG,Jordan HENDERSON,0.0,0.0,0.0,0.0,Midfielder
336022,151708,43942,ENG,Jordan PICKFORD,0.0,0.0,1.0,0.0,Goalkeeper
463780,151708,43942,ENG,Nico OREILLY,0.0,0.0,0.0,0.0,Defender
403049,151708,43942,ENG,Ezri KONSA,0.0,0.0,0.0,0.0,Defender
492716,151708,43942,ENG,Morgan ROGERS,0.0,0.0,1.0,2.0,Midfielder
494345,151708,43942,ENG,Dan BURN,0.0,0.0,0.0,1.0,Defender
439641,151708,43942,ENG,Reece JAMES,0.0,0.0,1.0,1.0,Defender
405841,151708,43942,ENG,Marc GUEHI,0.0,0.0,1.0,1.0,Defender
448189,151708,43942,ENG,Anthony GORDON,0.0,0.0,1.0,1.0,Forward
448202,151708,43942,ENG,Jude BELLINGHAM,0.0,0.0,4.0,3.0,Midfielder
430628,151708,43922,ARG,Alexis MAC ALLISTER,0.0,0.0,1.0,0.0,Midfielder
495054,151708,43922,ARG,Jose Manuel LOPEZ,0.0,0.0,0.0,0.0,Forward
229397,151708,43922,ARG,Lionel MESSI,0.0,0.0,2.0,0.0,Forward
402926,151708,43922,ARG,Gonzalo MONTIEL,0.0,0.0,0.0,0.0,Defender
394824,151708,43922,ARG,Geronimo RULLI,0.0,0.0,0.0,0.0,Goalkeeper
402921,151708,43922,ARG,Lisandro MARTINEZ,1.0,0.0,0.0,1.0,Defender
463661,151708,43922,ARG,Valentin BARCO,0.0,0.0,0.0,0.0,Midfielder
431196,151708,43922,ARG,Cristian ROMERO,1.0,0.0,1.0,2.0,Defender
332847,151708,43922,ARG,Leandro PAREDES,0.0,0.0,0.0,2.0,Midfielder
448252,151708,43922,ARG,Enzo FERNANDEZ,0.0,0.0,1.0,3.0,Midfielder
402920,151708,43922,ARG,Lautaro MARTINEZ,0.0,0.0,0.0,0.0,Forward
395414,151708,43922,ARG,Giovani Lo Celso,0.0,0.0,0.0,0.0,Midfielder
389485,151708,43922,ARG,Exequiel PALACIOS,0.0,0.0,0.0,0.0,Midfielder
418975,151708,43922,ARG,Thiago ALMADA,0.0,0.0,0.0,0.0,Forward
308322,151708,43922,ARG,Nicolas TAGLIAFICO,0.0,0.0,3.0,0.0,Defender
402925,151708,43922,ARG,Nahuel MOLINA,0.0,0.0,0.0,1.0,Defender
310116,151708,43922,ARG,Nicolas OTAMENDI,0.0,0.0,0.0,0.0,Defender
430631,151708,43922,ARG,Nico GONZALEZ,0.0,0.0,0.0,1.0,Midfielder
416081,151708,43922,ARG,Julian ALVAREZ,0.0,0.0,1.0,0.0,Forward
441422,151708,43922,ARG,Nico PAZ,0.0,0.0,0.0,0.0,Forward
428882,151708,43922,ARG,Rodrigo DE PAUL,1.0,0.0,0.0,0.0,Midfielder
430624,151708,43922,ARG,Juan MUSSO,0.0,0.0,0.0,0.0,Goalkeeper
402934,151708,43922,ARG,Marcos SENESI,0.0,0.0,0.0,0.0,Midfielder
485595,151708,43922,ARG,Giuliano SIMEONE,0.0,0.0,1.0,5.0,Forward
418963,151708,43922,ARG,Facundo MEDINA,0.0,0.0,0.0,0.0,Defender
308300,151708,43922,ARG,Emiliano MARTINEZ,0.0,0.0,1.0,0.0,Goalkeeper
389867,151709,43946,FRA,Kylian MBAPPE,0.0,0.0,0.0,0.0,Forward
402047,151709,43946,FRA,Adrien RABIOT,0.0,0.0,1.0,2.0,Midfielder
405893,151709,43946,FRA,Aurelien TCHOUAMENI,0.0,0.0,0.0,0.0,Midfielder
403094,151709,43946,FRA,Jean-Philippe MATETA,0.0,0.0,0.0,0.0,Forward
485655,151709,43946,FRA,Michael OLISE,0.0,0.0,0.0,1.0,Forward
464114,151709,43946,FRA,Desire DOUE,0.0,0.0,2.0,1.0,Forward
411470,151709,43946,FRA,Lucas HERNANDEZ,0.0,0.0,0.0,0.0,Defender
431861,151709,43946,FRA,Rayan CHERKI,0.0,0.0,1.0,0.0,Midfielder
408042,151709,43946,FRA,Theo HERNANDEZ,0.0,0.0,0.0,0.0,Defender
430707,151709,43946,FRA,Jules KOUNDE,0.0,0.0,0.0,0.0,Defender
464127,151709,43946,FRA,Robin RISSER,0.0,0.0,0.0,0.0,Goalkeeper
389876,151709,43946,FRA,Dayot UPAMECANO,0.0,0.0,0.0,1.0,Defender
398681,151709,43946,FRA,Ngolo KANTE,0.0,0.0,0.0,0.0,Midfielder
485666,151709,43946,FRA,Maghnes AKLIOUCHE,0.0,0.0,0.0,0.0,Midfielder
398680,151709,43946,FRA,Ousmane DEMBELE,0.0,0.0,1.0,0.0,Forward
368860,151709,43946,FRA,Lucas Digne,0.0,0.0,0.0,2.0,Defender
483549,151709,43946,FRA,Warren ZAIRE-EMERY,0.0,0.0,0.0,0.0,Midfielder
419177,151709,43946,FRA,William SALIBA,0.0,0.0,0.0,0.0,Defender
483471,151709,43946,FRA,Brice SAMBA,0.0,0.0,0.0,0.0,Goalkeeper
485677,151709,43946,FRA,Manu KONE,0.0,0.0,0.0,0.0,Midfielder
464055,151709,43946,FRA,Malo GUSTO,0.0,0.0,2.0,2.0,Defender
405881,151709,43946,FRA,Maxence Lacroix,0.0,0.0,0.0,1.0,Defender
484860,151709,43946,FRA,Bradley BARCOLA,0.0,0.0,0.0,2.0,Forward
403109,151709,43946,FRA,Marcus THURAM,0.0,0.0,0.0,0.0,Forward
448332,151709,43946,FRA,Mike MAIGNAN,,,,,Goalkeeper
419166,151709,43946,FRA,Ibrahima KONATE,0.0,0.0,1.0,2.0,Defender
473113,151709,43942,ENG,Eberechi EZE,0.0,0.0,1.0,1.0,Midfielder
336022,151709,43942,ENG,Jordan PICKFORD,0.0,0.0,0.0,0.0,Goalkeeper
439641,151709,43942,ENG,Reece JAMES,0.0,0.0,0.0,0.0,Defender
403046,151709,43942,ENG,Dean Henderson,0.0,0.0,0.0,0.0,Goalkeeper
485080,151709,43942,ENG,James TRAFFORD,0.0,0.0,0.0,0.0,Goalkeeper
482621,151709,43942,ENG,Kobbie MAINOO,0.0,0.0,0.0,0.0,Midfielder
448202,151709,43942,ENG,Jude BELLINGHAM,0.0,0.0,1.0,0.0,Midfielder
448198,151709,43942,ENG,Ivan TONEY,0.0,0.0,3.0,0.0,Forward
401470,151709,43942,ENG,Marcus RASHFORD,0.0,0.0,0.0,0.0,Forward
405841,151709,43942,ENG,Marc GUEHI,0.0,0.0,1.0,1.0,Defender
489732,151709,43942,ENG,Noni MADUEKE,0.0,0.0,0.0,0.0,Forward
492716,151709,43942,ENG,Morgan ROGERS,0.0,0.0,2.0,0.0,Midfielder
356189,151709,43942,ENG,Jordan HENDERSON,0.0,0.0,0.0,0.0,Midfielder
448203,151709,43942,ENG,Ollie WATKINS,0.0,0.0,0.0,1.0,Forward
369419,151709,43942,ENG,Harry KANE,0.0,0.0,0.0,0.0,Forward
448196,151709,43942,ENG,Bukayo SAKA,0.0,0.0,2.0,0.0,Forward
448189,151709,43942,ENG,Anthony GORDON,0.0,0.0,0.0,0.0,Forward
433097,151709,43942,ENG,Declan RICE,0.0,0.0,0.0,1.0,Midfielder
369434,151709,43942,ENG,John STONES,0.0,0.0,0.0,0.0,Defender
494345,151709,43942,ENG,Dan BURN,0.0,0.0,0.0,0.0,Defender
463780,151709,43942,ENG,Nico OREILLY,0.0,0.0,0.0,0.0,Defender
463809,151709,43942,ENG,Jarell QUANSAH,0.0,0.0,2.0,1.0,Defender
481610,151709,43942,ENG,Elliot ANDERSON,0.0,0.0,0.0,0.0,Midfielder
403049,151709,43942,ENG,Ezri KONSA,0.0,0.0,0.0,1.0,Defender
506329,151709,43942,ENG,Djed SPENCE,0.0,0.0,2.0,2.0,Defender
423646,151710,43969,ESP,PEDRI,0.0,0.0,0.0,1.0,Midfielder
447855,151710,43969,ESP,Nico WILLIAMS,0.0,0.0,0.0,2.0,Forward
405562,151710,43969,ESP,Eric GARCIA,0.0,0.0,0.0,1.0,Defender
430718,151710,43969,ESP,Fabian RUIZ,0.0,0.0,0.0,0.0,Midfielder
447864,151710,43969,ESP,Borja IGLESIAS,0.0,0.0,0.0,0.0,Forward
447853,151710,43969,ESP,David RAYA,0.0,0.0,0.0,0.0,Goalkeeper
430750,151710,43969,ESP,Dani OLMO,0.0,0.0,2.0,1.0,Forward
430751,151710,43969,ESP,Mikel OYARZABAL,0.0,0.0,1.0,1.0,Forward
423658,151710,43969,ESP,Yeremy PINO,0.0,0.0,0.0,0.0,Forward
391297,151710,43969,ESP,Alex GRIMALDO,0.0,0.0,0.0,0.0,Defender
492859,151710,43969,ESP,Victor MUNOZ,0.0,0.0,0.0,0.0,Forward
447866,151710,43969,ESP,GAVI,0.0,0.0,0.0,0.0,Midfielder
430754,151710,43969,ESP,Martin ZUBIMENDI,0.0,0.0,0.0,0.0,Midfielder
430753,151710,43969,ESP,Unai SIMON,0.0,0.0,0.0,0.0,Goalkeeper
382739,151710,43969,ESP,Marcos LLORENTE,0.0,0.0,0.0,0.0,Defender
484320,151710,43969,ESP,Lamine YAMAL,0.0,0.0,1.0,2.0,Forward
484691,151710,43969,ESP,Joan GARCIA,0.0,0.0,0.0,0.0,Goalkeeper
335999,151710,43969,ESP,Aymeric LAPORTE,0.0,0.0,2.0,1.0,Defender
430733,151710,43969,ESP,Mikel MERINO,0.0,0.0,3.0,1.0,Midfielder
405545,151710,43969,ESP,Ferran TORRES,0.0,0.0,2.0,1.0,Forward
474973,151710,43969,ESP,Pau CUBARSI,0.0,0.0,3.0,0.0,Defender
484728,151710,43969,ESP,Marc PUBILL,0.0,0.0,0.0,0.0,Defender
430144,151710,43969,ESP,Pedro PORRO,0.0,0.0,3.0,3.0,Defender
430735,151710,43969,ESP,Marc CUCURELLA,0.0,0.0,2.0,1.0,Defender
447860,151710,43969,ESP,Alex BAENA,0.0,0.0,1.0,4.0,Midfielder
411375,151710,43969,ESP,RODRI,0.0,0.0,3.0,2.0,Midfielder
418963,151710,43922,ARG,Facundo MEDINA,0.0,0.0,0.0,0.0,Defender
389485,151710,43922,ARG,Exequiel PALACIOS,0.0,0.0,0.0,0.0,Midfielder
430631,151710,43922,ARG,Nico GONZALEZ,0.0,0.0,1.0,0.0,Midfielder
431196,151710,43922,ARG,Cristian ROMERO,1.0,0.0,0.0,0.0,Defender
402920,151710,43922,ARG,Lautaro MARTINEZ,0.0,0.0,0.0,0.0,Forward
430624,151710,43922,ARG,Juan MUSSO,0.0,0.0,0.0,0.0,Goalkeeper
441422,151710,43922,ARG,Nico PAZ,0.0,0.0,0.0,0.0,Forward
463661,151710,43922,ARG,Valentin BARCO,0.0,0.0,0.0,0.0,Midfielder
310116,151710,43922,ARG,Nicolas OTAMENDI,0.0,0.0,4.0,1.0,Defender
495054,151710,43922,ARG,Jose Manuel LOPEZ,0.0,0.0,0.0,0.0,Forward
229397,151710,43922,ARG,Lionel MESSI,0.0,0.0,4.0,1.0,Forward
402925,151710,43922,ARG,Nahuel MOLINA,0.0,0.0,0.0,0.0,Defender
402921,151710,43922,ARG,Lisandro MARTINEZ,1.0,0.0,0.0,1.0,Defender
394824,151710,43922,ARG,Geronimo RULLI,0.0,0.0,0.0,0.0,Goalkeeper
418975,151710,43922,ARG,Thiago ALMADA,0.0,0.0,0.0,0.0,Forward
332847,151710,43922,ARG,Leandro PAREDES,1.0,0.0,1.0,4.0,Midfielder
395414,151710,43922,ARG,Giovani Lo Celso,0.0,0.0,0.0,0.0,Midfielder
485595,151710,43922,ARG,Giuliano SIMEONE,0.0,0.0,0.0,3.0,Forward
308300,151710,43922,ARG,Emiliano MARTINEZ,0.0,0.0,0.0,0.0,Goalkeeper
416081,151710,43922,ARG,Julian ALVAREZ,0.0,0.0,1.0,3.0,Forward
448252,151710,43922,ARG,Enzo FERNANDEZ,2.0,1.0,1.0,3.0,Midfielder
428882,151710,43922,ARG,Rodrigo DE PAUL,0.0,0.0,1.0,0.0,Midfielder
308322,151710,43922,ARG,Nicolas TAGLIAFICO,0.0,0.0,3.0,5.0,Defender
402926,151710,43922,ARG,Gonzalo MONTIEL,0.0,0.0,2.0,1.0,Defender
402934,151710,43922,ARG,Marcos SENESI,0.0,0.0,1.0,0.0,Midfielder
430628,151710,43922,ARG,Alexis MAC ALLISTER,1.0,0.0,2.0,3.0,Midfielder
